Produto,Categoria,Data da venda,Loja,Cidade,Quantidade,Valor da venda
Impressora,Periféricos,2025-05-10,Loja Barra,Rio de Janeiro,3,11728.41
Mouse,Acessórios,2023-05-02,Loja Duque,Duque de Caxias,3,1634.63
Tablet,Eletrônicos,2025-05-21,Loja Nova Iguaçu,Nova Iguaçu,3,455.68
Smartphone,Eletrônicos,2025-03-16,Loja Nova Iguaçu,Nova Iguaçu,2,1900.07
Mouse,Acessórios,2024-04-04,Loja Centro,Rio de Janeiro,2,5295.09
Smartwatch,Eletrônicos,2024-04-19,Loja Petrópolis,Petrópolis,3,6087.94
Smartwatch,Eletrônicos,2025-04-11,Loja Sul,Rio de Janeiro,1,279.93
Headset,Acessórios,2023-01-21,Loja Duque,Duque de Caxias,1,372.01
Teclado,Acessórios,2023-11-12,Loja Petrópolis,Petrópolis,2,3915.62
Mesa Escritório,Móveis,2025-06-16,Loja Niterói,Niterói,4,4972.3
Smartwatch,Eletrônicos,2024-05-23,Loja Duque,Duque de Caxias,3,13653.41
Teclado,Acessórios,2025-10-22,Loja Norte,Rio de Janeiro,2,5720.23
Roteador,Redes,2024-12-30,Loja Norte,Rio de Janeiro,4,18802.08
HD Externo,Armazenamento,2023-09-27,Loja Barra,Rio de Janeiro,4,1095.5
Webcam,Periféricos,2024-12-20,Loja Niterói,Niterói,5,6965.89
Mouse,Acessórios,2023-08-05,Loja Nova Iguaçu,Nova Iguaçu,4,12219.28
Roteador,Redes,2023-01-15,Loja Petrópolis,Petrópolis,5,2095.13
Impressora,Periféricos,2024-10-09,Loja Petrópolis,Petrópolis,3,3102.81
Webcam,Periféricos,2024-02-23,Loja Sul,Rio de Janeiro,1,3049.5
Mesa Escritório,Móveis,2025-10-14,Loja Duque,Duque de Caxias,1,4579.05
Cadeira Gamer,Móveis,2025-02-18,Loja Nova Iguaçu,Nova Iguaçu,2,1044.56
Impressora,Periféricos,2025-03-15,Loja Duque,Duque de Caxias,3,8930.77
Monitor,Eletrônicos,2025-08-18,Loja Sul,Rio de Janeiro,3,1925.97
HD Externo,Armazenamento,2025-10-25,Loja Sul,Rio de Janeiro,2,2436.25
HD Externo,Armazenamento,2025-03-05,Loja Duque,Duque de Caxias,1,3567.78
Mesa Escritório,Móveis,2025-06-10,Loja Teresópolis,Teresópolis,5,5242.55
Impressora,Periféricos,2024-07-17,Loja Centro,Rio de Janeiro,5,12837.12
HD Externo,Armazenamento,2023-08-19,Loja Niterói,Niterói,5,13611.07
Roteador,Redes,2024-06-08,Loja Barra,Rio de Janeiro,3,10467.56
Smartwatch,Eletrônicos,2024-11-12,Loja Norte,Rio de Janeiro,5,7566.93
Mouse,Acessórios,2025-03-06,Loja São Gonçalo,São Gonçalo,4,4525.12
Teclado,Acessórios,2023-07-09,Loja Teresópolis,Teresópolis,1,1397.05
Tablet,Eletrônicos,2024-09-19,Loja Petrópolis,Petrópolis,5,21553.08
Impressora,Periféricos,2024-10-10,Loja São Gonçalo,São Gonçalo,5,17387.79
Mesa Escritório,Móveis,2024-03-17,Loja Nova Iguaçu,Nova Iguaçu,4,5088.15
Impressora,Periféricos,2025-08-09,Loja Norte,Rio de Janeiro,1,1370.57
Smartphone,Eletrônicos,2023-08-08,Loja Norte,Rio de Janeiro,5,8790.51
Notebook,Eletrônicos,2025-12-12,Loja Sul,Rio de Janeiro,4,9066.11
Monitor,Eletrônicos,2025-04-15,Loja Duque,Duque de Caxias,3,5639.37
Notebook,Eletrônicos,2023-10-07,Loja São Gonçalo,São Gonçalo,5,15899.57
Monitor,Eletrônicos,2025-01-21,Loja São Gonçalo,São Gonçalo,1,796.05
Tablet,Eletrônicos,2024-04-08,Loja São Gonçalo,São Gonçalo,5,21494.38
Smartwatch,Eletrônicos,2024-02-07,Loja Barra,Rio de Janeiro,2,5169.72
Headset,Acessórios,2025-05-13,Loja Barra,Rio de Janeiro,4,18822.36
Webcam,Periféricos,2023-12-04,Loja Duque,Duque de Caxias,1,3394.67
Cadeira Gamer,Móveis,2023-05-31,Loja Petrópolis,Petrópolis,2,2653.62
Smartwatch,Eletrônicos,2024-09-15,Loja Teresópolis,Teresópolis,1,2607.35
Notebook,Eletrônicos,2025-06-15,Loja Norte,Rio de Janeiro,4,11254.21
Tablet,Eletrônicos,2023-01-09,Loja Duque,Duque de Caxias,1,1778.59
Headset,Acessórios,2023-06-01,Loja Barra,Rio de Janeiro,1,3228.06
Tablet,Eletrônicos,2023-04-14,Loja Centro,Rio de Janeiro,4,11697.6
HD Externo,Armazenamento,2023-04-09,Loja Petrópolis,Petrópolis,1,75.05
HD Externo,Armazenamento,2025-04-01,Loja Norte,Rio de Janeiro,3,9831.62
Cadeira Gamer,Móveis,2023-06-10,Loja Barra,Rio de Janeiro,4,4897.53
Mouse,Acessórios,2024-02-05,Loja Barra,Rio de Janeiro,1,2735.57
Tablet,Eletrônicos,2024-04-14,Loja Sul,Rio de Janeiro,5,12296.87
Webcam,Periféricos,2025-03-08,Loja Norte,Rio de Janeiro,1,2905.67
Notebook,Eletrônicos,2025-10-16,Loja Niterói,Niterói,5,12605.04
Teclado,Acessórios,2025-12-08,Loja Sul,Rio de Janeiro,1,4973.03
HD Externo,Armazenamento,2024-06-01,Loja Niterói,Niterói,3,11253.62
Mouse,Acessórios,2024-05-11,Loja Nova Iguaçu,Nova Iguaçu,5,14414.24
Smartwatch,Eletrônicos,2023-07-10,Loja Centro,Rio de Janeiro,5,9781.17
Impressora,Periféricos,2023-05-08,Loja Centro,Rio de Janeiro,2,5612.33
Pendrive,Armazenamento,2024-07-23,Loja São Gonçalo,São Gonçalo,3,8615.41
Webcam,Periféricos,2025-05-03,Loja Norte,Rio de Janeiro,2,2616.22
Mesa Escritório,Móveis,2025-02-23,Loja Norte,Rio de Janeiro,1,726.28
Monitor,Eletrônicos,2025-01-28,Loja Duque,Duque de Caxias,2,8120.12
Cadeira Gamer,Móveis,2024-06-08,Loja Nova Iguaçu,Nova Iguaçu,4,10324.58
Cadeira Gamer,Móveis,2024-11-15,Loja Barra,Rio de Janeiro,4,13069.29
HD Externo,Armazenamento,2024-04-15,Loja Sul,Rio de Janeiro,4,11661.52
Impressora,Periféricos,2023-02-20,Loja São Gonçalo,São Gonçalo,1,817.46
HD Externo,Armazenamento,2023-11-10,Loja São Gonçalo,São Gonçalo,2,401.95
Teclado,Acessórios,2025-04-17,Loja Teresópolis,Teresópolis,3,2036.85
Notebook,Eletrônicos,2025-12-12,Loja Nova Iguaçu,Nova Iguaçu,4,4473.26
Mouse,Acessórios,2025-02-12,Loja Duque,Duque de Caxias,5,5060.91
HD Externo,Armazenamento,2025-04-02,Loja Sul,Rio de Janeiro,4,2828.36
Smartphone,Eletrônicos,2024-10-18,Loja Teresópolis,Teresópolis,3,6668.73
Impressora,Periféricos,2025-01-10,Loja Teresópolis,Teresópolis,2,9630.22
Impressora,Periféricos,2025-10-09,Loja Petrópolis,Petrópolis,1,907.81
Notebook,Eletrônicos,2024-07-13,Loja Norte,Rio de Janeiro,1,3317.98
Mouse,Acessórios,2024-12-04,Loja Centro,Rio de Janeiro,5,15390.09
Impressora,Periféricos,2023-06-03,Loja Sul,Rio de Janeiro,3,11404.01
Cadeira Gamer,Móveis,2025-12-06,Loja Niterói,Niterói,1,1591.5
HD Externo,Armazenamento,2024-03-28,Loja Barra,Rio de Janeiro,4,539.79
Mesa Escritório,Móveis,2024-07-04,Loja Niterói,Niterói,4,3629.4
HD Externo,Armazenamento,2023-01-23,Loja Niterói,Niterói,2,6196.92
Mouse,Acessórios,2025-03-12,Loja Barra,Rio de Janeiro,4,7617.33
Mesa Escritório,Móveis,2024-03-17,Loja Sul,Rio de Janeiro,1,2719.92
Roteador,Redes,2025-11-05,Loja Barra,Rio de Janeiro,2,362.46
Tablet,Eletrônicos,2024-11-20,Loja Barra,Rio de Janeiro,3,9702.83
Notebook,Eletrônicos,2025-12-02,Loja Sul,Rio de Janeiro,4,5624.43
Smartwatch,Eletrônicos,2024-05-13,Loja Norte,Rio de Janeiro,2,6861.77
Notebook,Eletrônicos,2025-02-14,Loja Teresópolis,Teresópolis,5,21160.66
Mesa Escritório,Móveis,2023-04-25,Loja Norte,Rio de Janeiro,1,2505.39
Mesa Escritório,Móveis,2024-02-17,Loja Niterói,Niterói,4,8475.33
Roteador,Redes,2024-11-06,Loja Petrópolis,Petrópolis,2,4292.36
Webcam,Periféricos,2025-09-04,Loja Sul,Rio de Janeiro,1,3893.24
Webcam,Periféricos,2023-02-06,Loja Duque,Duque de Caxias,4,8694.08
Roteador,Redes,2023-08-05,Loja Duque,Duque de Caxias,3,1681.39
Notebook,Eletrônicos,2023-03-03,Loja Centro,Rio de Janeiro,4,16563.86
Monitor,Eletrônicos,2023-06-26,Loja Sul,Rio de Janeiro,4,414.59
Cadeira Gamer,Móveis,2023-03-17,Loja Sul,Rio de Janeiro,1,1630.6
HD Externo,Armazenamento,2025-04-30,Loja Barra,Rio de Janeiro,2,6355.19
Mouse,Acessórios,2024-01-31,Loja Niterói,Niterói,1,2790.83
Mouse,Acessórios,2024-07-22,Loja Barra,Rio de Janeiro,5,23290.5
Mesa Escritório,Móveis,2024-02-02,Loja Duque,Duque de Caxias,2,4471.15
Impressora,Periféricos,2025-01-20,Loja Norte,Rio de Janeiro,4,13822.99
Mesa Escritório,Móveis,2023-06-19,Loja Centro,Rio de Janeiro,1,4118.21
Mesa Escritório,Móveis,2023-01-29,Loja Norte,Rio de Janeiro,5,6022.39
Webcam,Periféricos,2024-05-14,Loja Centro,Rio de Janeiro,1,4738.88
Cadeira Gamer,Móveis,2025-12-29,Loja Barra,Rio de Janeiro,4,1853.31
Roteador,Redes,2023-06-16,Loja São Gonçalo,São Gonçalo,3,3843.55
Headset,Acessórios,2023-06-22,Loja Duque,Duque de Caxias,5,10278.75
HD Externo,Armazenamento,2024-04-20,Loja Teresópolis,Teresópolis,5,20614.06
Impressora,Periféricos,2024-01-22,Loja Centro,Rio de Janeiro,5,6128.29
Cadeira Gamer,Móveis,2025-04-03,Loja Centro,Rio de Janeiro,1,1156.8
Monitor,Eletrônicos,2024-11-15,Loja Teresópolis,Teresópolis,5,1318.21
Mouse,Acessórios,2023-07-22,Loja São Gonçalo,São Gonçalo,4,1661.17
Headset,Acessórios,2023-02-16,Loja Sul,Rio de Janeiro,1,1123.21
Pendrive,Armazenamento,2024-10-17,Loja Centro,Rio de Janeiro,1,4580.51
Mesa Escritório,Móveis,2023-12-24,Loja Nova Iguaçu,Nova Iguaçu,4,2313.77
Mouse,Acessórios,2024-11-06,Loja Nova Iguaçu,Nova Iguaçu,2,3943.86
Smartwatch,Eletrônicos,2024-06-23,Loja Norte,Rio de Janeiro,4,7334.83
Teclado,Acessórios,2025-08-16,Loja São Gonçalo,São Gonçalo,1,1434.83
Mouse,Acessórios,2024-04-05,Loja Barra,Rio de Janeiro,4,5564.96
Roteador,Redes,2024-01-25,Loja Sul,Rio de Janeiro,2,4224.73
Mouse,Acessórios,2024-03-25,Loja Petrópolis,Petrópolis,2,9334.01
Smartphone,Eletrônicos,2025-10-12,Loja Niterói,Niterói,1,3899.13
Smartphone,Eletrônicos,2025-05-02,Loja Centro,Rio de Janeiro,2,3870.82
Monitor,Eletrônicos,2023-04-15,Loja Centro,Rio de Janeiro,3,2137.7
Mouse,Acessórios,2024-06-01,Loja Duque,Duque de Caxias,4,16295.44
Pendrive,Armazenamento,2025-02-09,Loja Niterói,Niterói,5,14732.45
Mouse,Acessórios,2024-12-14,Loja Niterói,Niterói,2,3840.72
Mouse,Acessórios,2023-01-01,Loja Petrópolis,Petrópolis,3,4229.77
Teclado,Acessórios,2025-05-30,Loja Centro,Rio de Janeiro,2,3645.81
Webcam,Periféricos,2023-06-03,Loja Duque,Duque de Caxias,2,5251.05
Monitor,Eletrônicos,2023-09-25,Loja Sul,Rio de Janeiro,1,2781.94
Mouse,Acessórios,2024-02-05,Loja Petrópolis,Petrópolis,5,15602.66
Smartphone,Eletrônicos,2023-04-13,Loja Sul,Rio de Janeiro,4,19613.16
Smartphone,Eletrônicos,2025-03-08,Loja Norte,Rio de Janeiro,3,1501.38
Smartphone,Eletrônicos,2023-09-06,Loja Barra,Rio de Janeiro,1,3929.08
Smartwatch,Eletrônicos,2023-03-22,Loja Duque,Duque de Caxias,5,19962.68
Mesa Escritório,Móveis,2025-02-23,Loja Nova Iguaçu,Nova Iguaçu,4,1511.47
Mouse,Acessórios,2023-02-22,Loja Norte,Rio de Janeiro,2,3354.64
Tablet,Eletrônicos,2023-04-21,Loja Sul,Rio de Janeiro,1,2327.59
Pendrive,Armazenamento,2025-06-18,Loja São Gonçalo,São Gonçalo,4,7044.21
Headset,Acessórios,2024-10-28,Loja Sul,Rio de Janeiro,5,24334.48
Roteador,Redes,2025-12-10,Loja Teresópolis,Teresópolis,3,12353.59
Smartphone,Eletrônicos,2024-06-17,Loja Teresópolis,Teresópolis,5,13830.7
Mouse,Acessórios,2024-06-07,Loja Petrópolis,Petrópolis,2,8952.75
Notebook,Eletrônicos,2025-03-04,Loja Teresópolis,Teresópolis,1,2431.67
Monitor,Eletrônicos,2023-12-16,Loja Nova Iguaçu,Nova Iguaçu,3,13824.96
Roteador,Redes,2025-11-15,Loja Centro,Rio de Janeiro,4,16162.79
Notebook,Eletrônicos,2024-12-19,Loja Sul,Rio de Janeiro,2,7623.56
HD Externo,Armazenamento,2023-12-31,Loja Nova Iguaçu,Nova Iguaçu,2,463.16
Webcam,Periféricos,2025-10-27,Loja Sul,Rio de Janeiro,3,13443.82
HD Externo,Armazenamento,2025-03-16,Loja Norte,Rio de Janeiro,3,6047.88
Cadeira Gamer,Móveis,2024-04-29,Loja Duque,Duque de Caxias,4,597.41
Cadeira Gamer,Móveis,2023-03-27,Loja Centro,Rio de Janeiro,2,5399.82
Cadeira Gamer,Móveis,2023-01-25,Loja Centro,Rio de Janeiro,4,7231.07
Cadeira Gamer,Móveis,2023-04-21,Loja Norte,Rio de Janeiro,4,10834.71
Smartphone,Eletrônicos,2025-01-17,Loja Nova Iguaçu,Nova Iguaçu,3,5774.77
Mouse,Acessórios,2024-11-22,Loja São Gonçalo,São Gonçalo,2,6114.8
Tablet,Eletrônicos,2023-11-11,Loja Nova Iguaçu,Nova Iguaçu,5,8426.12
Cadeira Gamer,Móveis,2024-10-23,Loja Centro,Rio de Janeiro,5,4033.26
Impressora,Periféricos,2025-04-22,Loja Barra,Rio de Janeiro,1,447.16
Headset,Acessórios,2023-08-17,Loja Nova Iguaçu,Nova Iguaçu,4,19945.66
Monitor,Eletrônicos,2024-04-12,Loja Norte,Rio de Janeiro,4,18364.43
Pendrive,Armazenamento,2023-04-28,Loja São Gonçalo,São Gonçalo,1,2479.21
Monitor,Eletrônicos,2024-07-27,Loja Sul,Rio de Janeiro,1,3606.36
Tablet,Eletrônicos,2025-11-15,Loja Nova Iguaçu,Nova Iguaçu,3,12602.95
Mouse,Acessórios,2025-04-15,Loja São Gonçalo,São Gonçalo,3,3112.68
Teclado,Acessórios,2023-05-20,Loja Centro,Rio de Janeiro,1,3072.57
Monitor,Eletrônicos,2023-05-19,Loja Niterói,Niterói,4,6548.72
Headset,Acessórios,2025-06-20,Loja Centro,Rio de Janeiro,2,4597.25
Mouse,Acessórios,2023-06-21,Loja Duque,Duque de Caxias,2,3291.3
Smartphone,Eletrônicos,2023-11-17,Loja Barra,Rio de Janeiro,5,317.09
Cadeira Gamer,Móveis,2023-11-14,Loja Nova Iguaçu,Nova Iguaçu,4,19307.53
HD Externo,Armazenamento,2024-01-11,Loja Niterói,Niterói,3,14084.36
Smartwatch,Eletrônicos,2024-05-27,Loja Sul,Rio de Janeiro,4,16868.21
Webcam,Periféricos,2023-09-27,Loja Petrópolis,Petrópolis,4,3440.39
Mouse,Acessórios,2023-01-05,Loja Niterói,Niterói,3,10028.18
Mesa Escritório,Móveis,2024-08-23,Loja Barra,Rio de Janeiro,5,14810.59
Smartphone,Eletrônicos,2024-09-07,Loja Nova Iguaçu,Nova Iguaçu,3,9417.91
Notebook,Eletrônicos,2024-07-28,Loja Duque,Duque de Caxias,1,1199.45
Notebook,Eletrônicos,2025-03-31,Loja Duque,Duque de Caxias,3,8211.31
Monitor,Eletrônicos,2024-08-01,Loja São Gonçalo,São Gonçalo,3,5123.35
Teclado,Acessórios,2024-04-22,Loja Centro,Rio de Janeiro,3,11860.67
Monitor,Eletrônicos,2025-10-17,Loja Petrópolis,Petrópolis,5,19519.66
Notebook,Eletrônicos,2024-08-20,Loja Barra,Rio de Janeiro,2,7648.34
Tablet,Eletrônicos,2025-05-14,Loja Teresópolis,Teresópolis,5,2988.14
Teclado,Acessórios,2025-08-05,Loja Nova Iguaçu,Nova Iguaçu,5,13611.55
Roteador,Redes,2025-04-23,Loja Barra,Rio de Janeiro,5,18070.9
Pendrive,Armazenamento,2025-01-24,Loja Sul,Rio de Janeiro,4,10945.94
Tablet,Eletrônicos,2023-01-11,Loja Niterói,Niterói,2,3490.99
Monitor,Eletrônicos,2023-01-23,Loja Nova Iguaçu,Nova Iguaçu,2,9478.11
Smartwatch,Eletrônicos,2023-05-21,Loja Teresópolis,Teresópolis,2,6153.4
Pendrive,Armazenamento,2025-04-07,Loja Nova Iguaçu,Nova Iguaçu,3,13991.96
Teclado,Acessórios,2025-06-06,Loja Barra,Rio de Janeiro,5,17754.16
Mesa Escritório,Móveis,2024-08-26,Loja Centro,Rio de Janeiro,2,782.32
Headset,Acessórios,2025-02-17,Loja Nova Iguaçu,Nova Iguaçu,1,610.53
Mouse,Acessórios,2024-02-24,Loja Teresópolis,Teresópolis,1,1694.12
Monitor,Eletrônicos,2024-01-06,Loja Duque,Duque de Caxias,5,9637.82
Mouse,Acessórios,2023-07-21,Loja Petrópolis,Petrópolis,4,15798.24
Mesa Escritório,Móveis,2024-07-28,Loja Petrópolis,Petrópolis,4,10840.43
Tablet,Eletrônicos,2024-01-21,Loja São Gonçalo,São Gonçalo,2,4860.29
Tablet,Eletrônicos,2024-10-01,Loja Centro,Rio de Janeiro,3,637.77
Tablet,Eletrônicos,2024-10-25,Loja Sul,Rio de Janeiro,1,2516.92
Monitor,Eletrônicos,2023-06-26,Loja Niterói,Niterói,5,14619.56
Monitor,Eletrônicos,2023-06-05,Loja Teresópolis,Teresópolis,2,6669.02
Impressora,Periféricos,2024-11-19,Loja Centro,Rio de Janeiro,4,8409.56
Smartwatch,Eletrônicos,2024-07-14,Loja Nova Iguaçu,Nova Iguaçu,1,1584.19
HD Externo,Armazenamento,2024-03-10,Loja Duque,Duque de Caxias,3,12026.76
HD Externo,Armazenamento,2024-03-04,Loja Centro,Rio de Janeiro,5,11933.66
Webcam,Periféricos,2023-01-18,Loja Sul,Rio de Janeiro,1,3888.86
Pendrive,Armazenamento,2023-07-13,Loja Norte,Rio de Janeiro,4,9725.54
HD Externo,Armazenamento,2025-08-04,Loja São Gonçalo,São Gonçalo,4,3802.18
Roteador,Redes,2025-03-10,Loja Duque,Duque de Caxias,2,2780.37
HD Externo,Armazenamento,2023-03-28,Loja Norte,Rio de Janeiro,4,16827.82
Impressora,Periféricos,2025-04-12,Loja Nova Iguaçu,Nova Iguaçu,1,1148.76
Webcam,Periféricos,2024-03-18,Loja Duque,Duque de Caxias,5,14977.46
Cadeira Gamer,Móveis,2024-08-01,Loja Niterói,Niterói,3,9843.28
Pendrive,Armazenamento,2023-04-06,Loja Nova Iguaçu,Nova Iguaçu,3,14445.34
Teclado,Acessórios,2023-07-01,Loja Niterói,Niterói,5,10308.21
Impressora,Periféricos,2023-01-07,Loja Norte,Rio de Janeiro,2,946.53
Impressora,Periféricos,2023-05-27,Loja Niterói,Niterói,5,21941.99
Roteador,Redes,2024-05-28,Loja Norte,Rio de Janeiro,1,4096.35
Teclado,Acessórios,2025-10-19,Loja Teresópolis,Teresópolis,2,3694.29
Impressora,Periféricos,2023-09-18,Loja Barra,Rio de Janeiro,5,10382.94
HD Externo,Armazenamento,2025-12-12,Loja Petrópolis,Petrópolis,4,4546.31
Mesa Escritório,Móveis,2024-08-15,Loja São Gonçalo,São Gonçalo,2,5701.19
Tablet,Eletrônicos,2023-05-08,Loja Duque,Duque de Caxias,1,2449.65
Notebook,Eletrônicos,2024-07-05,Loja Petrópolis,Petrópolis,2,6371.43
Impressora,Periféricos,2024-05-08,Loja Petrópolis,Petrópolis,4,2819.07
Roteador,Redes,2025-03-15,Loja Norte,Rio de Janeiro,3,12365.37
Mouse,Acessórios,2023-02-10,Loja Teresópolis,Teresópolis,2,5586.36
Cadeira Gamer,Móveis,2024-08-10,Loja São Gonçalo,São Gonçalo,5,522.15
Mouse,Acessórios,2024-10-07,Loja Petrópolis,Petrópolis,3,9021.58
Smartwatch,Eletrônicos,2025-03-31,Loja Petrópolis,Petrópolis,2,9152.68
Mesa Escritório,Móveis,2024-12-02,Loja Niterói,Niterói,2,4278.16
Smartphone,Eletrônicos,2025-03-29,Loja São Gonçalo,São Gonçalo,5,15178.01
Mesa Escritório,Móveis,2023-01-11,Loja Niterói,Niterói,4,14437.11
Impressora,Periféricos,2023-04-08,Loja Nova Iguaçu,Nova Iguaçu,5,12222.93
Mesa Escritório,Móveis,2025-01-20,Loja Barra,Rio de Janeiro,4,3407.87
Teclado,Acessórios,2025-08-15,Loja Centro,Rio de Janeiro,3,9013.12
Smartphone,Eletrônicos,2023-06-03,Loja Petrópolis,Petrópolis,2,1155.32
Cadeira Gamer,Móveis,2025-11-06,Loja Nova Iguaçu,Nova Iguaçu,1,2502.68
Tablet,Eletrônicos,2023-02-11,Loja Nova Iguaçu,Nova Iguaçu,1,1269.69
Headset,Acessórios,2023-04-18,Loja Norte,Rio de Janeiro,4,19360.45
Monitor,Eletrônicos,2024-06-07,Loja Norte,Rio de Janeiro,3,4821.76
Tablet,Eletrônicos,2025-08-14,Loja Centro,Rio de Janeiro,1,4753.67
Impressora,Periféricos,2023-01-12,Loja Centro,Rio de Janeiro,3,11023.54
Mouse,Acessórios,2024-01-09,Loja Centro,Rio de Janeiro,1,4521.65
Smartwatch,Eletrônicos,2024-05-03,Loja Teresópolis,Teresópolis,5,16830.46
Mesa Escritório,Móveis,2024-02-05,Loja Duque,Duque de Caxias,2,5722.66
Mesa Escritório,Móveis,2023-12-01,Loja Duque,Duque de Caxias,5,18342.84
Headset,Acessórios,2025-04-06,Loja Nova Iguaçu,Nova Iguaçu,5,11986.8
HD Externo,Armazenamento,2025-07-23,Loja Barra,Rio de Janeiro,3,4888.64
Mesa Escritório,Móveis,2025-09-21,Loja Duque,Duque de Caxias,4,2587.22
Smartphone,Eletrônicos,2025-03-15,Loja Sul,Rio de Janeiro,3,5197.14
Impressora,Periféricos,2023-12-30,Loja Duque,Duque de Caxias,1,2715.09
Monitor,Eletrônicos,2024-12-22,Loja Petrópolis,Petrópolis,1,4435.59
Mesa Escritório,Móveis,2023-11-07,Loja Norte,Rio de Janeiro,3,13070.97
HD Externo,Armazenamento,2025-11-28,Loja Duque,Duque de Caxias,4,1243.14
Notebook,Eletrônicos,2025-01-17,Loja Niterói,Niterói,1,2924.75
Smartwatch,Eletrônicos,2023-09-23,Loja Petrópolis,Petrópolis,1,1715.03
Teclado,Acessórios,2024-07-30,Loja Niterói,Niterói,1,596.85
HD Externo,Armazenamento,2023-11-20,Loja Nova Iguaçu,Nova Iguaçu,2,2412.72
Cadeira Gamer,Móveis,2025-08-06,Loja Centro,Rio de Janeiro,1,591.86
Cadeira Gamer,Móveis,2025-08-21,Loja Nova Iguaçu,Nova Iguaçu,4,19137.03
Mouse,Acessórios,2025-07-27,Loja Niterói,Niterói,4,8468.1
Webcam,Periféricos,2023-01-11,Loja Nova Iguaçu,Nova Iguaçu,5,24732.33
Impressora,Periféricos,2025-02-10,Loja Barra,Rio de Janeiro,3,6113.47
Roteador,Redes,2025-06-03,Loja São Gonçalo,São Gonçalo,3,7763.42
Mesa Escritório,Móveis,2025-04-04,Loja Norte,Rio de Janeiro,2,463.65
Mesa Escritório,Móveis,2023-02-23,Loja Sul,Rio de Janeiro,1,2615.39
Teclado,Acessórios,2024-02-23,Loja Teresópolis,Teresópolis,2,4962.74
Notebook,Eletrônicos,2023-01-03,Loja Nova Iguaçu,Nova Iguaçu,3,3482.94
Webcam,Periféricos,2023-11-25,Loja Petrópolis,Petrópolis,4,11685.71
Smartphone,Eletrônicos,2025-08-09,Loja Petrópolis,Petrópolis,3,4203.45
Roteador,Redes,2025-07-09,Loja Petrópolis,Petrópolis,2,8635.06
Cadeira Gamer,Móveis,2025-08-12,Loja Nova Iguaçu,Nova Iguaçu,2,4143.69
Pendrive,Armazenamento,2023-11-24,Loja São Gonçalo,São Gonçalo,3,10892.79
Mesa Escritório,Móveis,2024-03-29,Loja Norte,Rio de Janeiro,5,5699.53
Roteador,Redes,2025-08-30,Loja Niterói,Niterói,1,354.51
Roteador,Redes,2024-11-28,Loja Sul,Rio de Janeiro,3,5314.97
Smartphone,Eletrônicos,2023-08-04,Loja Nova Iguaçu,Nova Iguaçu,3,13042.19
Smartwatch,Eletrônicos,2024-07-24,Loja Centro,Rio de Janeiro,3,2531.94
Roteador,Redes,2023-12-22,Loja Petrópolis,Petrópolis,3,11327.84
Impressora,Periféricos,2024-07-10,Loja Niterói,Niterói,2,4708.15
Pendrive,Armazenamento,2024-03-01,Loja Duque,Duque de Caxias,2,8217.47
Mouse,Acessórios,2023-03-23,Loja Duque,Duque de Caxias,4,11212.4
Roteador,Redes,2025-12-05,Loja Duque,Duque de Caxias,3,14720.61
Notebook,Eletrônicos,2025-05-15,Loja Nova Iguaçu,Nova Iguaçu,4,379.63
Roteador,Redes,2025-10-04,Loja Sul,Rio de Janeiro,3,11451.26
Mesa Escritório,Móveis,2025-09-20,Loja Petrópolis,Petrópolis,4,12725.91
HD Externo,Armazenamento,2025-09-15,Loja Niterói,Niterói,4,3640.32
Teclado,Acessórios,2024-12-31,Loja Norte,Rio de Janeiro,1,3866.37
Notebook,Eletrônicos,2025-06-04,Loja Teresópolis,Teresópolis,1,336.71
Webcam,Periféricos,2023-11-02,Loja Norte,Rio de Janeiro,5,11287.47
Tablet,Eletrônicos,2025-08-05,Loja Sul,Rio de Janeiro,5,9744.4
Roteador,Redes,2025-05-28,Loja Centro,Rio de Janeiro,3,3899.75
Impressora,Periféricos,2025-01-07,Loja Teresópolis,Teresópolis,5,23621.51
Headset,Acessórios,2023-02-08,Loja Petrópolis,Petrópolis,5,17418.64
Teclado,Acessórios,2025-08-31,Loja Norte,Rio de Janeiro,4,13159.32
Tablet,Eletrônicos,2025-04-28,Loja Sul,Rio de Janeiro,4,819.79
Roteador,Redes,2023-10-30,Loja Niterói,Niterói,5,16053.52
Monitor,Eletrônicos,2024-07-23,Loja Sul,Rio de Janeiro,4,14543.57
Smartphone,Eletrônicos,2025-10-05,Loja Sul,Rio de Janeiro,1,3588.87
Smartphone,Eletrônicos,2025-12-19,Loja Nova Iguaçu,Nova Iguaçu,1,4349.68
Mouse,Acessórios,2024-08-13,Loja Nova Iguaçu,Nova Iguaçu,3,12695.03
Teclado,Acessórios,2024-01-22,Loja Duque,Duque de Caxias,5,3498.31
Mouse,Acessórios,2024-01-13,Loja Nova Iguaçu,Nova Iguaçu,3,2904.06
Pendrive,Armazenamento,2025-01-03,Loja Petrópolis,Petrópolis,1,3056.17
Teclado,Acessórios,2024-06-04,Loja Barra,Rio de Janeiro,1,846.09
Monitor,Eletrônicos,2024-05-15,Loja São Gonçalo,São Gonçalo,5,14859.03
Webcam,Periféricos,2023-03-13,Loja Centro,Rio de Janeiro,5,2043.06
Smartphone,Eletrônicos,2023-01-11,Loja São Gonçalo,São Gonçalo,5,18987.22
Smartwatch,Eletrônicos,2025-02-17,Loja São Gonçalo,São Gonçalo,3,1708.21
Notebook,Eletrônicos,2025-12-05,Loja Petrópolis,Petrópolis,4,14108.81
Mesa Escritório,Móveis,2023-08-30,Loja Nova Iguaçu,Nova Iguaçu,4,1633.84
Notebook,Eletrônicos,2024-08-11,Loja Centro,Rio de Janeiro,4,7284.47
Impressora,Periféricos,2025-05-20,Loja Norte,Rio de Janeiro,2,6925.7
Smartphone,Eletrônicos,2023-04-16,Loja Norte,Rio de Janeiro,4,2270.44
Tablet,Eletrônicos,2024-09-26,Loja Sul,Rio de Janeiro,1,4684.25
Impressora,Periféricos,2024-12-16,Loja Petrópolis,Petrópolis,2,6290.52
Teclado,Acessórios,2024-04-03,Loja Duque,Duque de Caxias,4,11149.43
Monitor,Eletrônicos,2023-01-22,Loja Teresópolis,Teresópolis,2,4860.95
Pendrive,Armazenamento,2025-05-23,Loja Petrópolis,Petrópolis,3,10913.67
Smartwatch,Eletrônicos,2025-06-27,Loja Duque,Duque de Caxias,1,4365.33
Mesa Escritório,Móveis,2025-01-19,Loja Sul,Rio de Janeiro,4,14936.73
Roteador,Redes,2023-11-05,Loja Duque,Duque de Caxias,3,2550.84
Monitor,Eletrônicos,2024-10-23,Loja Norte,Rio de Janeiro,5,24909.26
Cadeira Gamer,Móveis,2025-07-12,Loja Sul,Rio de Janeiro,2,4092.29
Roteador,Redes,2023-12-19,Loja São Gonçalo,São Gonçalo,4,3649.03
Mouse,Acessórios,2025-08-14,Loja Teresópolis,Teresópolis,4,12649.54
Smartwatch,Eletrônicos,2025-08-13,Loja Barra,Rio de Janeiro,2,8683.61
Cadeira Gamer,Móveis,2025-05-15,Loja Barra,Rio de Janeiro,4,17493.78
Smartphone,Eletrônicos,2023-10-22,Loja Barra,Rio de Janeiro,2,9922.12
Mesa Escritório,Móveis,2024-09-28,Loja São Gonçalo,São Gonçalo,4,7800.17
Smartphone,Eletrônicos,2023-01-21,Loja Nova Iguaçu,Nova Iguaçu,1,701.26
Webcam,Periféricos,2025-01-21,Loja Barra,Rio de Janeiro,2,2451.68
HD Externo,Armazenamento,2024-01-10,Loja Norte,Rio de Janeiro,5,21396.03
Roteador,Redes,2023-11-14,Loja Petrópolis,Petrópolis,4,8219.41
HD Externo,Armazenamento,2023-08-19,Loja Nova Iguaçu,Nova Iguaçu,1,3329.98
Impressora,Periféricos,2025-06-09,Loja São Gonçalo,São Gonçalo,1,4848.59
Smartphone,Eletrônicos,2023-09-18,Loja Sul,Rio de Janeiro,1,3878.69
Webcam,Periféricos,2023-10-28,Loja Barra,Rio de Janeiro,3,13273.09
Monitor,Eletrônicos,2025-04-23,Loja Teresópolis,Teresópolis,1,2182.89
Teclado,Acessórios,2025-08-29,Loja Nova Iguaçu,Nova Iguaçu,1,1300.01
Monitor,Eletrônicos,2024-11-17,Loja Barra,Rio de Janeiro,5,13454.42
Notebook,Eletrônicos,2023-06-05,Loja Centro,Rio de Janeiro,4,10890.14
Teclado,Acessórios,2023-11-30,Loja Norte,Rio de Janeiro,2,1317.41
Mouse,Acessórios,2023-10-09,Loja Barra,Rio de Janeiro,5,16090.07
Headset,Acessórios,2024-04-29,Loja São Gonçalo,São Gonçalo,5,2441.75
Notebook,Eletrônicos,2024-11-21,Loja Centro,Rio de Janeiro,4,3137.2
Mouse,Acessórios,2023-05-06,Loja Norte,Rio de Janeiro,2,3298.99
Roteador,Redes,2025-11-28,Loja Petrópolis,Petrópolis,3,7409.37
Smartwatch,Eletrônicos,2023-05-31,Loja São Gonçalo,São Gonçalo,5,3802.67
Smartphone,Eletrônicos,2025-06-10,Loja Teresópolis,Teresópolis,2,1964.66
Impressora,Periféricos,2024-10-30,Loja Nova Iguaçu,Nova Iguaçu,5,24092.83
Pendrive,Armazenamento,2023-11-07,Loja Norte,Rio de Janeiro,2,3805.54
HD Externo,Armazenamento,2023-10-30,Loja Norte,Rio de Janeiro,1,200.42
Webcam,Periféricos,2025-03-24,Loja Petrópolis,Petrópolis,4,13594.97
Headset,Acessórios,2025-12-28,Loja Niterói,Niterói,1,577.64
Smartwatch,Eletrônicos,2025-10-06,Loja Norte,Rio de Janeiro,1,4338.87
Cadeira Gamer,Móveis,2024-08-11,Loja Petrópolis,Petrópolis,1,590.09
Smartphone,Eletrônicos,2024-05-08,Loja São Gonçalo,São Gonçalo,4,13418.35
Monitor,Eletrônicos,2024-02-01,Loja Norte,Rio de Janeiro,1,1620.12
Roteador,Redes,2025-04-01,Loja Centro,Rio de Janeiro,1,1675.49
Notebook,Eletrônicos,2024-12-11,Loja Teresópolis,Teresópolis,5,9665.39
Roteador,Redes,2023-11-01,Loja Petrópolis,Petrópolis,1,2249.88
Monitor,Eletrônicos,2025-05-16,Loja Teresópolis,Teresópolis,2,7617.51
Cadeira Gamer,Móveis,2023-03-26,Loja Sul,Rio de Janeiro,2,9519.64
Smartphone,Eletrônicos,2024-09-20,Loja São Gonçalo,São Gonçalo,5,8695.88
Smartwatch,Eletrônicos,2023-10-31,Loja Niterói,Niterói,5,6340.22
Teclado,Acessórios,2024-05-12,Loja Duque,Duque de Caxias,4,19119.37
Roteador,Redes,2024-02-11,Loja Niterói,Niterói,3,262.31
Pendrive,Armazenamento,2024-02-03,Loja Niterói,Niterói,1,3290.73
Headset,Acessórios,2025-02-27,Loja Barra,Rio de Janeiro,5,8952.66
Smartphone,Eletrônicos,2025-10-04,Loja Barra,Rio de Janeiro,5,7300.6
Tablet,Eletrônicos,2023-04-16,Loja Sul,Rio de Janeiro,4,14409.19
Smartphone,Eletrônicos,2024-08-11,Loja Centro,Rio de Janeiro,4,16498.85
HD Externo,Armazenamento,2025-11-28,Loja Duque,Duque de Caxias,5,4818.48
Pendrive,Armazenamento,2024-03-20,Loja Nova Iguaçu,Nova Iguaçu,2,9185.75
Teclado,Acessórios,2024-07-12,Loja Barra,Rio de Janeiro,3,188.37
Monitor,Eletrônicos,2024-12-26,Loja São Gonçalo,São Gonçalo,4,4715.98
Cadeira Gamer,Móveis,2025-09-10,Loja Teresópolis,Teresópolis,2,3671.65
Mesa Escritório,Móveis,2023-06-01,Loja Nova Iguaçu,Nova Iguaçu,1,1222.51
Mouse,Acessórios,2023-02-19,Loja Barra,Rio de Janeiro,3,12789.94
Impressora,Periféricos,2025-05-06,Loja Teresópolis,Teresópolis,2,7689.9
Mesa Escritório,Móveis,2023-08-30,Loja Centro,Rio de Janeiro,5,4408.35
Headset,Acessórios,2024-11-03,Loja Norte,Rio de Janeiro,5,2618.94
Mouse,Acessórios,2025-09-14,Loja Sul,Rio de Janeiro,3,3594.41
HD Externo,Armazenamento,2025-07-09,Loja Petrópolis,Petrópolis,2,2817.95
Impressora,Periféricos,2024-09-28,Loja Niterói,Niterói,1,3477.56
Impressora,Periféricos,2024-11-30,Loja Nova Iguaçu,Nova Iguaçu,3,9107.81
Monitor,Eletrônicos,2023-10-15,Loja Teresópolis,Teresópolis,5,2215.63
Webcam,Periféricos,2023-12-19,Loja Niterói,Niterói,4,3998.97
Webcam,Periféricos,2025-12-29,Loja Centro,Rio de Janeiro,1,3104.92
Roteador,Redes,2025-04-07,Loja Centro,Rio de Janeiro,2,6729.07
Smartwatch,Eletrônicos,2025-02-14,Loja Niterói,Niterói,2,6833.31
Smartwatch,Eletrônicos,2023-12-08,Loja Teresópolis,Teresópolis,2,9941.98
Smartphone,Eletrônicos,2023-12-20,Loja São Gonçalo,São Gonçalo,4,1390.82
Smartwatch,Eletrônicos,2024-03-28,Loja Teresópolis,Teresópolis,5,15965.26
Pendrive,Armazenamento,2023-11-07,Loja Petrópolis,Petrópolis,2,1057.1
Cadeira Gamer,Móveis,2025-06-30,Loja Duque,Duque de Caxias,4,7081.92
Smartwatch,Eletrônicos,2025-09-06,Loja Nova Iguaçu,Nova Iguaçu,3,13918.59
Roteador,Redes,2023-12-14,Loja Duque,Duque de Caxias,3,2413.38
Mouse,Acessórios,2023-12-30,Loja Barra,Rio de Janeiro,1,4218.06
Mouse,Acessórios,2024-02-10,Loja Barra,Rio de Janeiro,2,7900.23
Notebook,Eletrônicos,2025-02-22,Loja Niterói,Niterói,4,15684.16
Smartphone,Eletrônicos,2024-04-25,Loja Barra,Rio de Janeiro,2,3482.58
Cadeira Gamer,Móveis,2025-02-08,Loja Niterói,Niterói,3,3699.97
Notebook,Eletrônicos,2023-11-07,Loja Sul,Rio de Janeiro,3,11826.2
Pendrive,Armazenamento,2023-09-01,Loja São Gonçalo,São Gonçalo,2,5061.41
Notebook,Eletrônicos,2024-11-08,Loja Teresópolis,Teresópolis,2,6316.71
HD Externo,Armazenamento,2023-05-14,Loja Nova Iguaçu,Nova Iguaçu,3,11881.95
Teclado,Acessórios,2024-02-03,Loja Petrópolis,Petrópolis,5,816.62
Tablet,Eletrônicos,2025-07-19,Loja Norte,Rio de Janeiro,2,9577.5
Smartphone,Eletrônicos,2025-03-03,Loja Teresópolis,Teresópolis,5,21584.86
Teclado,Acessórios,2023-12-02,Loja Centro,Rio de Janeiro,5,8108.9
Headset,Acessórios,2025-06-20,Loja Petrópolis,Petrópolis,1,3348.22
Smartphone,Eletrônicos,2025-07-05,Loja Nova Iguaçu,Nova Iguaçu,2,5110.46
Pendrive,Armazenamento,2025-11-01,Loja Barra,Rio de Janeiro,4,6373.96
HD Externo,Armazenamento,2025-09-15,Loja Barra,Rio de Janeiro,4,17058.68
Roteador,Redes,2025-12-19,Loja Norte,Rio de Janeiro,3,5888.94
Mouse,Acessórios,2025-02-16,Loja Sul,Rio de Janeiro,1,337.91
Tablet,Eletrônicos,2025-12-15,Loja Norte,Rio de Janeiro,1,2180.17
Cadeira Gamer,Móveis,2023-05-29,Loja Sul,Rio de Janeiro,1,3924.35
HD Externo,Armazenamento,2023-09-20,Loja Sul,Rio de Janeiro,4,12437.42
Teclado,Acessórios,2025-02-23,Loja Duque,Duque de Caxias,5,15476.68
Teclado,Acessórios,2024-02-24,Loja Barra,Rio de Janeiro,4,16990.71
Smartphone,Eletrônicos,2025-02-06,Loja Niterói,Niterói,5,9017.35
Tablet,Eletrônicos,2024-03-30,Loja São Gonçalo,São Gonçalo,5,9830.2
Mouse,Acessórios,2024-01-21,Loja Duque,Duque de Caxias,3,6365.92
Monitor,Eletrônicos,2024-10-11,Loja Niterói,Niterói,2,1977.98
Mouse,Acessórios,2025-11-02,Loja Centro,Rio de Janeiro,5,20899.01
Roteador,Redes,2023-12-04,Loja Niterói,Niterói,5,23999.52
Teclado,Acessórios,2025-09-21,Loja Centro,Rio de Janeiro,1,2762.4
Pendrive,Armazenamento,2023-11-04,Loja Niterói,Niterói,5,12333.97
Teclado,Acessórios,2024-09-15,Loja Norte,Rio de Janeiro,4,13103.87
Headset,Acessórios,2024-07-07,Loja Petrópolis,Petrópolis,5,23916.5
Notebook,Eletrônicos,2023-07-11,Loja Petrópolis,Petrópolis,1,3310.53
Cadeira Gamer,Móveis,2024-07-25,Loja Centro,Rio de Janeiro,5,7164.35
Smartphone,Eletrônicos,2023-08-20,Loja Teresópolis,Teresópolis,5,20672.02
Impressora,Periféricos,2025-02-14,Loja Norte,Rio de Janeiro,3,6834.35
Notebook,Eletrônicos,2025-08-13,Loja Centro,Rio de Janeiro,5,3966.68
Smartwatch,Eletrônicos,2023-03-28,Loja Centro,Rio de Janeiro,5,1433.81
Webcam,Periféricos,2023-03-28,Loja Petrópolis,Petrópolis,3,9936.68
Headset,Acessórios,2024-10-25,Loja Nova Iguaçu,Nova Iguaçu,1,4784.68
Mouse,Acessórios,2024-01-01,Loja Nova Iguaçu,Nova Iguaçu,4,7124.12
Pendrive,Armazenamento,2024-05-13,Loja Sul,Rio de Janeiro,4,7225.86
Mesa Escritório,Móveis,2025-02-11,Loja Niterói,Niterói,2,307.36
Smartwatch,Eletrônicos,2023-12-26,Loja Centro,Rio de Janeiro,1,4881.15
Pendrive,Armazenamento,2025-08-20,Loja Norte,Rio de Janeiro,1,1314.3
Teclado,Acessórios,2023-06-18,Loja Petrópolis,Petrópolis,1,2675.0
HD Externo,Armazenamento,2023-05-29,Loja Norte,Rio de Janeiro,4,5997.88
Webcam,Periféricos,2024-01-09,Loja Norte,Rio de Janeiro,5,14664.96
Pendrive,Armazenamento,2024-06-06,Loja Norte,Rio de Janeiro,2,3448.85
Webcam,Periféricos,2023-07-02,Loja Norte,Rio de Janeiro,1,1892.23
Tablet,Eletrônicos,2025-09-11,Loja Teresópolis,Teresópolis,2,9436.45
HD Externo,Armazenamento,2024-11-16,Loja Barra,Rio de Janeiro,1,3246.76
Headset,Acessórios,2023-02-08,Loja Teresópolis,Teresópolis,1,1329.24
Pendrive,Armazenamento,2023-05-29,Loja Norte,Rio de Janeiro,5,5721.32
HD Externo,Armazenamento,2023-10-29,Loja Nova Iguaçu,Nova Iguaçu,4,1266.39
Monitor,Eletrônicos,2023-08-23,Loja São Gonçalo,São Gonçalo,1,4690.07
Roteador,Redes,2025-02-08,Loja Norte,Rio de Janeiro,5,17211.13
Teclado,Acessórios,2023-03-29,Loja Norte,Rio de Janeiro,4,14709.47
Tablet,Eletrônicos,2024-11-26,Loja Niterói,Niterói,3,4568.59
Headset,Acessórios,2024-02-17,Loja Duque,Duque de Caxias,4,12798.57
Mouse,Acessórios,2023-12-28,Loja Nova Iguaçu,Nova Iguaçu,2,192.38
Notebook,Eletrônicos,2024-05-29,Loja Niterói,Niterói,1,1425.62
Headset,Acessórios,2024-04-17,Loja Teresópolis,Teresópolis,2,7449.25
HD Externo,Armazenamento,2025-07-11,Loja Duque,Duque de Caxias,2,3618.31
Roteador,Redes,2024-05-14,Loja Petrópolis,Petrópolis,4,303.55
Mesa Escritório,Móveis,2024-07-19,Loja Teresópolis,Teresópolis,4,14965.53
HD Externo,Armazenamento,2025-11-09,Loja Petrópolis,Petrópolis,3,11380.53
Pendrive,Armazenamento,2025-12-29,Loja Duque,Duque de Caxias,3,14945.56
Teclado,Acessórios,2025-11-09,Loja Barra,Rio de Janeiro,2,8873.34
Headset,Acessórios,2025-04-01,Loja Teresópolis,Teresópolis,5,969.52
HD Externo,Armazenamento,2023-07-07,Loja Barra,Rio de Janeiro,1,1968.98
Notebook,Eletrônicos,2024-08-05,Loja Duque,Duque de Caxias,4,10300.17
Headset,Acessórios,2023-12-02,Loja Nova Iguaçu,Nova Iguaçu,2,5658.7
Teclado,Acessórios,2025-02-04,Loja Nova Iguaçu,Nova Iguaçu,2,6033.75
Headset,Acessórios,2023-07-30,Loja Sul,Rio de Janeiro,5,18711.65
Mesa Escritório,Móveis,2025-07-15,Loja São Gonçalo,São Gonçalo,4,10441.93
Roteador,Redes,2023-07-02,Loja Barra,Rio de Janeiro,1,2198.4
Smartphone,Eletrônicos,2025-02-01,Loja Barra,Rio de Janeiro,4,14766.13
Tablet,Eletrônicos,2025-10-16,Loja Petrópolis,Petrópolis,5,4543.63
Monitor,Eletrônicos,2024-10-21,Loja Barra,Rio de Janeiro,3,10335.78
Pendrive,Armazenamento,2023-05-17,Loja Duque,Duque de Caxias,2,5918.92
Cadeira Gamer,Móveis,2023-05-18,Loja Barra,Rio de Janeiro,2,1736.41
Tablet,Eletrônicos,2023-09-11,Loja Centro,Rio de Janeiro,5,17517.35
Tablet,Eletrônicos,2025-01-26,Loja Sul,Rio de Janeiro,3,4000.56
HD Externo,Armazenamento,2024-08-03,Loja Teresópolis,Teresópolis,5,11677.89
Teclado,Acessórios,2025-07-05,Loja Centro,Rio de Janeiro,2,9379.8
Teclado,Acessórios,2024-09-29,Loja São Gonçalo,São Gonçalo,2,9102.96
Webcam,Periféricos,2024-09-03,Loja Petrópolis,Petrópolis,1,836.6
Smartwatch,Eletrônicos,2025-09-11,Loja Petrópolis,Petrópolis,4,465.37
Webcam,Periféricos,2024-02-18,Loja Teresópolis,Teresópolis,4,5659.25
Impressora,Periféricos,2025-06-24,Loja Nova Iguaçu,Nova Iguaçu,2,8463.42
Monitor,Eletrônicos,2024-08-18,Loja Petrópolis,Petrópolis,2,9073.73
Cadeira Gamer,Móveis,2023-07-15,Loja Niterói,Niterói,2,4169.85
Impressora,Periféricos,2024-09-30,Loja São Gonçalo,São Gonçalo,2,7351.24
Tablet,Eletrônicos,2025-08-01,Loja Barra,Rio de Janeiro,5,1543.38
Smartwatch,Eletrônicos,2025-06-14,Loja Nova Iguaçu,Nova Iguaçu,1,2497.68
Mouse,Acessórios,2025-09-10,Loja Norte,Rio de Janeiro,1,2346.47
Cadeira Gamer,Móveis,2024-01-19,Loja Niterói,Niterói,4,7120.23
Cadeira Gamer,Móveis,2024-09-20,Loja Centro,Rio de Janeiro,4,8476.2
Cadeira Gamer,Móveis,2024-08-20,Loja Duque,Duque de Caxias,1,2640.79
Roteador,Redes,2023-01-28,Loja Norte,Rio de Janeiro,2,5471.2
Impressora,Periféricos,2023-06-26,Loja São Gonçalo,São Gonçalo,1,3083.86
HD Externo,Armazenamento,2024-09-01,Loja São Gonçalo,São Gonçalo,1,2171.72
Mouse,Acessórios,2023-01-22,Loja Norte,Rio de Janeiro,1,3361.66
Smartphone,Eletrônicos,2024-09-28,Loja Sul,Rio de Janeiro,4,1433.01
Webcam,Periféricos,2024-07-24,Loja São Gonçalo,São Gonçalo,2,9782.81
Headset,Acessórios,2025-08-17,Loja Centro,Rio de Janeiro,5,4326.48
Pendrive,Armazenamento,2025-06-02,Loja Barra,Rio de Janeiro,5,16575.83
Teclado,Acessórios,2024-11-10,Loja Petrópolis,Petrópolis,2,7532.22
Notebook,Eletrônicos,2025-12-03,Loja Norte,Rio de Janeiro,1,1984.11
Headset,Acessórios,2024-11-09,Loja São Gonçalo,São Gonçalo,4,9143.6
Tablet,Eletrônicos,2024-12-09,Loja Norte,Rio de Janeiro,3,3054.8
Smartwatch,Eletrônicos,2023-01-08,Loja Teresópolis,Teresópolis,4,15898.52
Teclado,Acessórios,2024-07-20,Loja Niterói,Niterói,1,2010.05
HD Externo,Armazenamento,2024-07-07,Loja Nova Iguaçu,Nova Iguaçu,4,13978.8
Smartwatch,Eletrônicos,2025-02-13,Loja Norte,Rio de Janeiro,3,5542.05
Tablet,Eletrônicos,2023-02-09,Loja Norte,Rio de Janeiro,1,3010.66
Impressora,Periféricos,2024-09-04,Loja Nova Iguaçu,Nova Iguaçu,4,16443.47
Mouse,Acessórios,2025-09-16,Loja Barra,Rio de Janeiro,3,13253.88
Smartwatch,Eletrônicos,2025-11-05,Loja Duque,Duque de Caxias,1,2117.92
Impressora,Periféricos,2024-10-31,Loja Niterói,Niterói,5,8244.53
Smartwatch,Eletrônicos,2023-09-04,Loja São Gonçalo,São Gonçalo,3,10349.89
Headset,Acessórios,2023-07-15,Loja Centro,Rio de Janeiro,1,4123.64
Mesa Escritório,Móveis,2023-08-15,Loja Niterói,Niterói,5,8586.8
Cadeira Gamer,Móveis,2024-10-07,Loja Barra,Rio de Janeiro,3,11429.8
Cadeira Gamer,Móveis,2025-07-31,Loja Norte,Rio de Janeiro,4,9293.45
Mouse,Acessórios,2025-09-08,Loja Nova Iguaçu,Nova Iguaçu,3,13215.36
HD Externo,Armazenamento,2023-06-05,Loja Teresópolis,Teresópolis,2,1096.31
Mouse,Acessórios,2024-06-29,Loja Sul,Rio de Janeiro,1,3711.37
Smartphone,Eletrônicos,2025-08-10,Loja Teresópolis,Teresópolis,1,4215.17
Tablet,Eletrônicos,2023-10-16,Loja Sul,Rio de Janeiro,4,14838.04
Smartphone,Eletrônicos,2024-04-27,Loja Norte,Rio de Janeiro,4,13697.06
Monitor,Eletrônicos,2023-05-04,Loja Petrópolis,Petrópolis,1,4193.35
Impressora,Periféricos,2024-05-30,Loja Sul,Rio de Janeiro,2,5175.28
Monitor,Eletrônicos,2023-08-15,Loja Niterói,Niterói,1,1554.53
HD Externo,Armazenamento,2024-04-04,Loja Barra,Rio de Janeiro,1,3842.02
Headset,Acessórios,2024-10-07,Loja Norte,Rio de Janeiro,3,152.8
Tablet,Eletrônicos,2025-06-06,Loja Norte,Rio de Janeiro,4,7755.92
HD Externo,Armazenamento,2024-08-18,Loja Sul,Rio de Janeiro,1,258.02
Webcam,Periféricos,2024-09-05,Loja Teresópolis,Teresópolis,1,1496.48
Headset,Acessórios,2023-10-11,Loja Sul,Rio de Janeiro,4,19639.61
HD Externo,Armazenamento,2025-02-01,Loja Petrópolis,Petrópolis,4,16622.01
Smartwatch,Eletrônicos,2025-07-31,Loja Sul,Rio de Janeiro,4,2429.09
Monitor,Eletrônicos,2024-11-06,Loja Niterói,Niterói,1,1247.37
Notebook,Eletrônicos,2025-03-30,Loja Nova Iguaçu,Nova Iguaçu,1,4131.45
Mouse,Acessórios,2025-09-27,Loja Sul,Rio de Janeiro,3,10994.16
Cadeira Gamer,Móveis,2023-03-09,Loja Barra,Rio de Janeiro,4,17074.82
Cadeira Gamer,Móveis,2024-11-25,Loja São Gonçalo,São Gonçalo,5,20994.27
HD Externo,Armazenamento,2025-02-17,Loja Sul,Rio de Janeiro,2,5776.16
Mouse,Acessórios,2025-10-09,Loja Niterói,Niterói,5,13249.68
Cadeira Gamer,Móveis,2025-11-24,Loja Barra,Rio de Janeiro,1,370.2
Notebook,Eletrônicos,2023-12-09,Loja Nova Iguaçu,Nova Iguaçu,4,18231.4
HD Externo,Armazenamento,2024-10-20,Loja Petrópolis,Petrópolis,2,1731.76
Monitor,Eletrônicos,2024-06-16,Loja Nova Iguaçu,Nova Iguaçu,3,6761.9
Cadeira Gamer,Móveis,2023-05-12,Loja Sul,Rio de Janeiro,4,2263.65
Monitor,Eletrônicos,2025-05-03,Loja Sul,Rio de Janeiro,4,19020.51
Smartphone,Eletrônicos,2023-08-02,Loja Duque,Duque de Caxias,1,64.46
Roteador,Redes,2024-12-30,Loja São Gonçalo,São Gonçalo,3,2229.36
Smartwatch,Eletrônicos,2024-03-16,Loja Teresópolis,Teresópolis,5,11956.04
Headset,Acessórios,2023-05-22,Loja Nova Iguaçu,Nova Iguaçu,3,6794.9
Teclado,Acessórios,2024-10-14,Loja Nova Iguaçu,Nova Iguaçu,5,386.27
HD Externo,Armazenamento,2024-07-08,Loja Centro,Rio de Janeiro,4,2338.91
Mesa Escritório,Móveis,2023-12-07,Loja Duque,Duque de Caxias,5,14408.2
HD Externo,Armazenamento,2024-01-17,Loja Teresópolis,Teresópolis,1,2015.22
Mouse,Acessórios,2024-07-06,Loja Centro,Rio de Janeiro,1,613.5
Headset,Acessórios,2023-07-02,Loja Duque,Duque de Caxias,1,196.86
Tablet,Eletrônicos,2025-06-25,Loja Sul,Rio de Janeiro,5,23253.31
Roteador,Redes,2023-01-19,Loja Centro,Rio de Janeiro,4,17668.72
Roteador,Redes,2024-03-20,Loja Niterói,Niterói,1,4127.76
Impressora,Periféricos,2024-06-03,Loja Teresópolis,Teresópolis,1,3200.19
Impressora,Periféricos,2025-04-29,Loja Duque,Duque de Caxias,2,1233.43
HD Externo,Armazenamento,2024-09-30,Loja Centro,Rio de Janeiro,4,7507.25
Headset,Acessórios,2023-11-28,Loja Nova Iguaçu,Nova Iguaçu,2,3278.7
Cadeira Gamer,Móveis,2025-08-16,Loja Duque,Duque de Caxias,5,17047.08
Smartphone,Eletrônicos,2025-06-28,Loja Sul,Rio de Janeiro,2,1474.83
Cadeira Gamer,Móveis,2025-02-09,Loja Petrópolis,Petrópolis,4,12829.97
Mouse,Acessórios,2024-01-22,Loja Norte,Rio de Janeiro,2,215.9
HD Externo,Armazenamento,2023-08-23,Loja Sul,Rio de Janeiro,1,467.74
Pendrive,Armazenamento,2024-07-27,Loja Teresópolis,Teresópolis,1,1119.45
Cadeira Gamer,Móveis,2023-10-04,Loja Duque,Duque de Caxias,3,6534.48
Headset,Acessórios,2023-03-14,Loja Duque,Duque de Caxias,5,21578.13
HD Externo,Armazenamento,2023-07-14,Loja Norte,Rio de Janeiro,4,11669.47
Cadeira Gamer,Móveis,2023-12-26,Loja Duque,Duque de Caxias,3,8795.65
Mesa Escritório,Móveis,2024-11-09,Loja Petrópolis,Petrópolis,2,1751.92
Mouse,Acessórios,2024-02-25,Loja Duque,Duque de Caxias,1,1762.09
Teclado,Acessórios,2025-07-02,Loja Sul,Rio de Janeiro,4,332.87
Pendrive,Armazenamento,2025-05-30,Loja Centro,Rio de Janeiro,5,13394.36
Teclado,Acessórios,2025-04-12,Loja Nova Iguaçu,Nova Iguaçu,4,3513.72
Smartphone,Eletrônicos,2025-07-14,Loja Niterói,Niterói,3,8048.9
Roteador,Redes,2023-12-29,Loja Barra,Rio de Janeiro,3,2526.37
Smartphone,Eletrônicos,2023-05-05,Loja São Gonçalo,São Gonçalo,5,7408.81
Mouse,Acessórios,2023-05-05,Loja Teresópolis,Teresópolis,5,23908.99
Mouse,Acessórios,2024-10-07,Loja Sul,Rio de Janeiro,4,19898.19
Cadeira Gamer,Móveis,2025-03-07,Loja Centro,Rio de Janeiro,5,15270.21
HD Externo,Armazenamento,2023-04-19,Loja Barra,Rio de Janeiro,4,19606.16
Cadeira Gamer,Móveis,2024-11-04,Loja Centro,Rio de Janeiro,5,19107.07
Tablet,Eletrônicos,2025-08-04,Loja Duque,Duque de Caxias,3,4639.65
Roteador,Redes,2025-01-31,Loja Sul,Rio de Janeiro,1,2561.86
Pendrive,Armazenamento,2023-10-27,Loja Niterói,Niterói,3,8431.98
Headset,Acessórios,2024-04-27,Loja Centro,Rio de Janeiro,5,15749.3
Tablet,Eletrônicos,2024-03-10,Loja Barra,Rio de Janeiro,5,24847.75
Smartwatch,Eletrônicos,2023-04-14,Loja Norte,Rio de Janeiro,1,3972.98
Headset,Acessórios,2025-09-25,Loja Niterói,Niterói,5,3912.61
Mouse,Acessórios,2024-09-04,Loja Centro,Rio de Janeiro,4,18157.47
Pendrive,Armazenamento,2023-09-24,Loja Niterói,Niterói,5,11597.04
Monitor,Eletrônicos,2024-01-30,Loja Niterói,Niterói,4,1343.27
Webcam,Periféricos,2024-07-11,Loja Barra,Rio de Janeiro,2,9446.02
Notebook,Eletrônicos,2023-05-27,Loja Sul,Rio de Janeiro,2,9811.78
Smartwatch,Eletrônicos,2025-05-13,Loja Barra,Rio de Janeiro,2,4965.04
Tablet,Eletrônicos,2024-02-11,Loja Centro,Rio de Janeiro,3,7742.44
Cadeira Gamer,Móveis,2025-08-31,Loja Sul,Rio de Janeiro,3,6202.63
Headset,Acessórios,2025-06-21,Loja Barra,Rio de Janeiro,5,12042.96
Pendrive,Armazenamento,2023-04-26,Loja Petrópolis,Petrópolis,5,11118.96
Notebook,Eletrônicos,2025-04-19,Loja Centro,Rio de Janeiro,3,4781.7
Headset,Acessórios,2025-11-02,Loja Niterói,Niterói,5,23177.97
Smartphone,Eletrônicos,2024-11-13,Loja São Gonçalo,São Gonçalo,3,10434.11
Mesa Escritório,Móveis,2023-07-13,Loja Niterói,Niterói,1,1429.86
Webcam,Periféricos,2023-01-19,Loja Petrópolis,Petrópolis,2,6800.53
Notebook,Eletrônicos,2024-06-25,Loja Nova Iguaçu,Nova Iguaçu,3,11107.36
Cadeira Gamer,Móveis,2023-01-01,Loja Niterói,Niterói,5,390.23
Webcam,Periféricos,2023-07-07,Loja Niterói,Niterói,1,3842.27
Teclado,Acessórios,2023-07-13,Loja Sul,Rio de Janeiro,1,3629.59
HD Externo,Armazenamento,2024-02-18,Loja Barra,Rio de Janeiro,3,5329.98
Headset,Acessórios,2023-02-14,Loja Norte,Rio de Janeiro,5,2748.29
Monitor,Eletrônicos,2025-07-24,Loja Norte,Rio de Janeiro,1,2528.09
Mesa Escritório,Móveis,2023-11-18,Loja São Gonçalo,São Gonçalo,2,7130.09
Webcam,Periféricos,2023-10-22,Loja Norte,Rio de Janeiro,3,12081.72
HD Externo,Armazenamento,2025-11-16,Loja Nova Iguaçu,Nova Iguaçu,5,14685.62
Impressora,Periféricos,2025-07-01,Loja Centro,Rio de Janeiro,1,1135.41
Roteador,Redes,2025-12-12,Loja Niterói,Niterói,3,9770.09
Monitor,Eletrônicos,2023-07-02,Loja Centro,Rio de Janeiro,2,5900.06
Webcam,Periféricos,2024-10-21,Loja São Gonçalo,São Gonçalo,2,2495.12
Smartwatch,Eletrônicos,2023-02-22,Loja Barra,Rio de Janeiro,4,3028.94
Impressora,Periféricos,2025-11-01,Loja Nova Iguaçu,Nova Iguaçu,2,1424.9
Smartphone,Eletrônicos,2025-09-17,Loja Petrópolis,Petrópolis,1,2580.09
Mesa Escritório,Móveis,2023-10-21,Loja Norte,Rio de Janeiro,1,360.31
Smartphone,Eletrônicos,2024-01-25,Loja Nova Iguaçu,Nova Iguaçu,5,23526.1
Roteador,Redes,2024-07-30,Loja Petrópolis,Petrópolis,3,4165.34
Tablet,Eletrônicos,2024-03-03,Loja Norte,Rio de Janeiro,4,15820.86
Pendrive,Armazenamento,2023-05-21,Loja Sul,Rio de Janeiro,3,13662.66
Webcam,Periféricos,2024-02-05,Loja Sul,Rio de Janeiro,2,518.69
Roteador,Redes,2024-09-23,Loja Centro,Rio de Janeiro,2,1477.25
Mouse,Acessórios,2023-08-23,Loja Niterói,Niterói,5,4774.48
Webcam,Periféricos,2024-03-06,Loja Centro,Rio de Janeiro,1,1525.36
Mouse,Acessórios,2025-09-05,Loja Barra,Rio de Janeiro,3,9715.62
Mesa Escritório,Móveis,2025-05-20,Loja Centro,Rio de Janeiro,4,17343.24
Headset,Acessórios,2023-08-15,Loja Norte,Rio de Janeiro,4,257.05
Impressora,Periféricos,2025-11-02,Loja Petrópolis,Petrópolis,2,5565.49
Teclado,Acessórios,2024-10-10,Loja Norte,Rio de Janeiro,1,4355.33
Monitor,Eletrônicos,2024-09-12,Loja Nova Iguaçu,Nova Iguaçu,5,1139.48
Cadeira Gamer,Móveis,2025-02-14,Loja Nova Iguaçu,Nova Iguaçu,4,14824.23
Smartwatch,Eletrônicos,2025-07-28,Loja São Gonçalo,São Gonçalo,5,17134.3
Monitor,Eletrônicos,2025-12-24,Loja São Gonçalo,São Gonçalo,4,1889.76
Tablet,Eletrônicos,2023-02-18,Loja Sul,Rio de Janeiro,2,5483.68
Pendrive,Armazenamento,2024-07-11,Loja Niterói,Niterói,5,9632.58
Webcam,Periféricos,2025-05-17,Loja Norte,Rio de Janeiro,2,411.08
Headset,Acessórios,2023-01-17,Loja São Gonçalo,São Gonçalo,4,11983.61
Webcam,Periféricos,2025-01-09,Loja Petrópolis,Petrópolis,2,5238.42
Monitor,Eletrônicos,2023-04-29,Loja Centro,Rio de Janeiro,4,5491.6
Notebook,Eletrônicos,2024-11-28,Loja Nova Iguaçu,Nova Iguaçu,4,2685.89
Mouse,Acessórios,2023-06-24,Loja Teresópolis,Teresópolis,1,645.03
Monitor,Eletrônicos,2024-10-26,Loja Duque,Duque de Caxias,1,3708.18
Impressora,Periféricos,2023-01-12,Loja Barra,Rio de Janeiro,3,9995.66
Roteador,Redes,2024-09-14,Loja Duque,Duque de Caxias,3,500.39
Tablet,Eletrônicos,2023-08-13,Loja Nova Iguaçu,Nova Iguaçu,1,1491.16
Roteador,Redes,2025-12-18,Loja São Gonçalo,São Gonçalo,4,18009.21
Roteador,Redes,2023-06-06,Loja Petrópolis,Petrópolis,2,6072.59
Roteador,Redes,2024-05-30,Loja Duque,Duque de Caxias,2,9903.07
Impressora,Periféricos,2024-08-30,Loja Niterói,Niterói,4,10980.75
Pendrive,Armazenamento,2023-08-21,Loja São Gonçalo,São Gonçalo,1,1165.64
Smartwatch,Eletrônicos,2023-12-28,Loja Duque,Duque de Caxias,1,3130.95
Mesa Escritório,Móveis,2023-09-24,Loja Sul,Rio de Janeiro,5,20325.31
Webcam,Periféricos,2025-10-03,Loja Barra,Rio de Janeiro,4,12927.81
Notebook,Eletrônicos,2024-07-17,Loja Centro,Rio de Janeiro,4,10868.5
Pendrive,Armazenamento,2024-11-16,Loja Petrópolis,Petrópolis,2,6931.96
Smartphone,Eletrônicos,2023-12-27,Loja Niterói,Niterói,3,811.77
Notebook,Eletrônicos,2024-02-26,Loja Norte,Rio de Janeiro,3,11452.16
Roteador,Redes,2023-10-04,Loja Teresópolis,Teresópolis,5,15617.49
HD Externo,Armazenamento,2024-03-21,Loja São Gonçalo,São Gonçalo,2,5513.91
HD Externo,Armazenamento,2025-09-16,Loja Sul,Rio de Janeiro,5,12163.0
Roteador,Redes,2023-11-27,Loja Centro,Rio de Janeiro,5,13299.01
Pendrive,Armazenamento,2023-09-29,Loja São Gonçalo,São Gonçalo,4,19038.31
Webcam,Periféricos,2024-03-21,Loja Teresópolis,Teresópolis,1,1134.63
Mouse,Acessórios,2023-10-01,Loja Petrópolis,Petrópolis,3,2765.02
Monitor,Eletrônicos,2023-06-03,Loja São Gonçalo,São Gonçalo,4,16621.95
Roteador,Redes,2024-09-10,Loja Norte,Rio de Janeiro,3,7893.68
Smartphone,Eletrônicos,2024-06-03,Loja Norte,Rio de Janeiro,5,21391.99
HD Externo,Armazenamento,2024-05-09,Loja Barra,Rio de Janeiro,1,2318.26
Notebook,Eletrônicos,2025-01-23,Loja Barra,Rio de Janeiro,5,12597.67
Cadeira Gamer,Móveis,2023-03-15,Loja Niterói,Niterói,4,7269.18
Smartwatch,Eletrônicos,2023-06-20,Loja Teresópolis,Teresópolis,5,5746.38
Smartwatch,Eletrônicos,2023-11-18,Loja Nova Iguaçu,Nova Iguaçu,3,3919.24
Tablet,Eletrônicos,2023-12-15,Loja Petrópolis,Petrópolis,3,13435.45
Roteador,Redes,2025-01-09,Loja Teresópolis,Teresópolis,1,811.34
Impressora,Periféricos,2023-05-09,Loja Norte,Rio de Janeiro,1,3816.99
Notebook,Eletrônicos,2025-09-06,Loja Sul,Rio de Janeiro,4,15134.45
Headset,Acessórios,2024-12-18,Loja Sul,Rio de Janeiro,1,3948.37
Teclado,Acessórios,2024-11-23,Loja Barra,Rio de Janeiro,3,6321.72
Notebook,Eletrônicos,2025-12-17,Loja Norte,Rio de Janeiro,2,9190.57
Teclado,Acessórios,2023-11-11,Loja Duque,Duque de Caxias,3,11313.82
Mouse,Acessórios,2023-12-20,Loja Teresópolis,Teresópolis,5,5816.03
Teclado,Acessórios,2024-10-12,Loja Niterói,Niterói,3,6498.4
Smartwatch,Eletrônicos,2024-02-07,Loja Teresópolis,Teresópolis,5,8988.0
Pendrive,Armazenamento,2023-11-23,Loja Duque,Duque de Caxias,2,8936.33
Mouse,Acessórios,2025-03-01,Loja Barra,Rio de Janeiro,2,8899.99
Smartphone,Eletrônicos,2023-08-09,Loja Barra,Rio de Janeiro,1,1513.69
Impressora,Periféricos,2024-04-19,Loja Petrópolis,Petrópolis,4,6045.79
Headset,Acessórios,2024-12-07,Loja Niterói,Niterói,3,12562.02
Roteador,Redes,2025-09-20,Loja Barra,Rio de Janeiro,5,19335.29
Mesa Escritório,Móveis,2023-10-17,Loja Barra,Rio de Janeiro,1,2343.3
Mouse,Acessórios,2024-09-19,Loja Nova Iguaçu,Nova Iguaçu,5,1179.88
HD Externo,Armazenamento,2024-11-11,Loja Niterói,Niterói,1,2972.63
Smartwatch,Eletrônicos,2024-11-10,Loja São Gonçalo,São Gonçalo,5,7772.58
Headset,Acessórios,2023-12-08,Loja Sul,Rio de Janeiro,4,19343.54
Monitor,Eletrônicos,2024-02-24,Loja Sul,Rio de Janeiro,1,4249.71
Impressora,Periféricos,2023-11-02,Loja Teresópolis,Teresópolis,5,17887.38
Tablet,Eletrônicos,2023-07-25,Loja Sul,Rio de Janeiro,1,1886.16
Tablet,Eletrônicos,2024-05-18,Loja São Gonçalo,São Gonçalo,5,13676.16
Webcam,Periféricos,2023-09-29,Loja Centro,Rio de Janeiro,3,6304.88
Mesa Escritório,Móveis,2023-02-01,Loja Teresópolis,Teresópolis,3,4144.94
HD Externo,Armazenamento,2025-09-03,Loja Petrópolis,Petrópolis,3,9482.25
Monitor,Eletrônicos,2025-02-23,Loja Petrópolis,Petrópolis,4,18994.33
Pendrive,Armazenamento,2025-07-05,Loja Petrópolis,Petrópolis,5,2787.27
Notebook,Eletrônicos,2024-07-16,Loja Petrópolis,Petrópolis,4,19453.92
Pendrive,Armazenamento,2023-04-14,Loja Nova Iguaçu,Nova Iguaçu,3,12082.24
Pendrive,Armazenamento,2023-06-16,Loja Duque,Duque de Caxias,5,21576.85
Notebook,Eletrônicos,2025-02-01,Loja Norte,Rio de Janeiro,1,1016.44
Roteador,Redes,2023-09-19,Loja São Gonçalo,São Gonçalo,4,19574.8
Headset,Acessórios,2024-07-14,Loja Centro,Rio de Janeiro,4,13486.89
Roteador,Redes,2023-07-11,Loja Duque,Duque de Caxias,1,1594.32
Mesa Escritório,Móveis,2025-05-13,Loja Barra,Rio de Janeiro,4,7810.23
Headset,Acessórios,2024-05-02,Loja Barra,Rio de Janeiro,2,6197.53
Smartphone,Eletrônicos,2024-12-28,Loja Duque,Duque de Caxias,3,7591.16
Monitor,Eletrônicos,2025-09-19,Loja Petrópolis,Petrópolis,1,2726.64
Mouse,Acessórios,2023-10-10,Loja Centro,Rio de Janeiro,5,24047.46
HD Externo,Armazenamento,2024-10-20,Loja Sul,Rio de Janeiro,4,4689.2
Tablet,Eletrônicos,2024-03-27,Loja Teresópolis,Teresópolis,4,5942.9
Webcam,Periféricos,2025-06-01,Loja São Gonçalo,São Gonçalo,1,3993.57
Impressora,Periféricos,2024-01-10,Loja Nova Iguaçu,Nova Iguaçu,3,12782.6
Impressora,Periféricos,2024-05-14,Loja Sul,Rio de Janeiro,4,3900.91
Smartwatch,Eletrônicos,2023-11-27,Loja Niterói,Niterói,5,8985.72
Notebook,Eletrônicos,2024-05-31,Loja São Gonçalo,São Gonçalo,1,4396.02
Mouse,Acessórios,2025-06-06,Loja São Gonçalo,São Gonçalo,3,5434.44
Smartphone,Eletrônicos,2023-01-19,Loja Petrópolis,Petrópolis,5,2034.75
HD Externo,Armazenamento,2024-03-27,Loja Duque,Duque de Caxias,1,3226.59
Monitor,Eletrônicos,2023-08-03,Loja Duque,Duque de Caxias,3,11811.24
Roteador,Redes,2024-02-08,Loja Nova Iguaçu,Nova Iguaçu,5,8300.03
Pendrive,Armazenamento,2023-12-27,Loja Teresópolis,Teresópolis,1,106.83
HD Externo,Armazenamento,2023-01-17,Loja Teresópolis,Teresópolis,2,9709.7
Mouse,Acessórios,2024-02-29,Loja Petrópolis,Petrópolis,1,1765.29
Smartwatch,Eletrônicos,2025-10-15,Loja Duque,Duque de Caxias,3,3199.19
Cadeira Gamer,Móveis,2023-07-27,Loja Sul,Rio de Janeiro,2,2945.87
Mesa Escritório,Móveis,2023-01-22,Loja São Gonçalo,São Gonçalo,2,6076.01
Impressora,Periféricos,2023-01-20,Loja São Gonçalo,São Gonçalo,3,6541.07
Teclado,Acessórios,2024-08-18,Loja Sul,Rio de Janeiro,3,9780.3
HD Externo,Armazenamento,2025-03-12,Loja Niterói,Niterói,3,5692.91
Tablet,Eletrônicos,2023-03-14,Loja Teresópolis,Teresópolis,1,3376.68
Monitor,Eletrônicos,2023-04-10,Loja Petrópolis,Petrópolis,3,9025.37
Roteador,Redes,2025-12-24,Loja Barra,Rio de Janeiro,3,1722.7
Mesa Escritório,Móveis,2024-10-23,Loja Niterói,Niterói,3,13262.46
Tablet,Eletrônicos,2025-05-17,Loja Nova Iguaçu,Nova Iguaçu,2,3798.19
Roteador,Redes,2025-05-30,Loja Centro,Rio de Janeiro,5,14677.42
Notebook,Eletrônicos,2023-03-24,Loja Petrópolis,Petrópolis,1,1141.39
Cadeira Gamer,Móveis,2025-07-16,Loja Teresópolis,Teresópolis,1,2515.3
Tablet,Eletrônicos,2024-11-20,Loja São Gonçalo,São Gonçalo,3,13367.35
Mouse,Acessórios,2024-01-02,Loja Petrópolis,Petrópolis,4,8801.19
Cadeira Gamer,Móveis,2025-07-03,Loja Teresópolis,Teresópolis,4,12343.18
Cadeira Gamer,Móveis,2023-06-19,Loja Petrópolis,Petrópolis,2,7169.12
Webcam,Periféricos,2024-01-04,Loja Duque,Duque de Caxias,5,21967.38
Teclado,Acessórios,2023-03-10,Loja Centro,Rio de Janeiro,3,3826.26
Webcam,Periféricos,2025-08-20,Loja Norte,Rio de Janeiro,2,6011.25
Smartphone,Eletrônicos,2024-09-30,Loja Duque,Duque de Caxias,3,7478.49
Pendrive,Armazenamento,2024-01-22,Loja Nova Iguaçu,Nova Iguaçu,2,5184.75
Impressora,Periféricos,2024-08-25,Loja Nova Iguaçu,Nova Iguaçu,3,11595.53
Notebook,Eletrônicos,2024-05-23,Loja Petrópolis,Petrópolis,3,8144.23
Notebook,Eletrônicos,2024-07-02,Loja Centro,Rio de Janeiro,1,223.29
Tablet,Eletrônicos,2025-02-08,Loja Niterói,Niterói,5,21874.64
Tablet,Eletrônicos,2024-11-10,Loja São Gonçalo,São Gonçalo,4,10793.5
Tablet,Eletrônicos,2023-04-02,Loja Niterói,Niterói,2,8264.96
Monitor,Eletrônicos,2025-02-10,Loja Teresópolis,Teresópolis,5,11870.76
Webcam,Periféricos,2025-09-14,Loja Barra,Rio de Janeiro,1,3833.98
HD Externo,Armazenamento,2023-05-01,Loja São Gonçalo,São Gonçalo,1,4623.93
Mouse,Acessórios,2024-12-14,Loja Niterói,Niterói,4,13351.54
Impressora,Periféricos,2024-09-12,Loja Sul,Rio de Janeiro,4,9034.78
Teclado,Acessórios,2023-07-15,Loja Niterói,Niterói,4,5149.15
Webcam,Periféricos,2023-10-04,Loja Teresópolis,Teresópolis,5,9006.28
Teclado,Acessórios,2023-06-02,Loja Nova Iguaçu,Nova Iguaçu,5,7867.95
Impressora,Periféricos,2024-09-13,Loja Niterói,Niterói,2,3797.85
Mesa Escritório,Móveis,2025-04-27,Loja Duque,Duque de Caxias,1,1627.11
Roteador,Redes,2025-10-26,Loja Petrópolis,Petrópolis,3,12458.74
Impressora,Periféricos,2024-02-29,Loja São Gonçalo,São Gonçalo,5,17004.28
Notebook,Eletrônicos,2024-02-18,Loja Duque,Duque de Caxias,1,115.59
Cadeira Gamer,Móveis,2024-10-14,Loja Niterói,Niterói,4,4746.04
Impressora,Periféricos,2024-08-19,Loja Centro,Rio de Janeiro,2,5365.7
Smartwatch,Eletrônicos,2024-10-23,Loja Norte,Rio de Janeiro,1,1758.89
HD Externo,Armazenamento,2024-05-13,Loja Teresópolis,Teresópolis,2,3607.29
Smartwatch,Eletrônicos,2025-07-20,Loja Sul,Rio de Janeiro,2,5240.32
Smartwatch,Eletrônicos,2023-09-04,Loja Duque,Duque de Caxias,3,5134.76
HD Externo,Armazenamento,2023-12-29,Loja Nova Iguaçu,Nova Iguaçu,5,10514.71
Notebook,Eletrônicos,2023-01-19,Loja Centro,Rio de Janeiro,3,10491.98
Pendrive,Armazenamento,2024-03-24,Loja Teresópolis,Teresópolis,5,12627.79
Headset,Acessórios,2025-07-18,Loja São Gonçalo,São Gonçalo,5,13429.48
Roteador,Redes,2023-09-02,Loja Centro,Rio de Janeiro,5,8595.86
Webcam,Periféricos,2023-01-17,Loja Teresópolis,Teresópolis,5,9948.52
Notebook,Eletrônicos,2025-10-27,Loja Sul,Rio de Janeiro,2,5127.27
Mouse,Acessórios,2024-06-12,Loja Centro,Rio de Janeiro,3,1175.33
Roteador,Redes,2024-06-24,Loja Sul,Rio de Janeiro,5,5742.04
Mesa Escritório,Móveis,2024-10-29,Loja Petrópolis,Petrópolis,1,2701.5
Notebook,Eletrônicos,2023-12-02,Loja Petrópolis,Petrópolis,1,2451.22
Headset,Acessórios,2024-12-18,Loja São Gonçalo,São Gonçalo,5,4790.19
Smartphone,Eletrônicos,2024-03-04,Loja Petrópolis,Petrópolis,3,348.51
HD Externo,Armazenamento,2024-10-19,Loja Petrópolis,Petrópolis,3,4321.1
Smartphone,Eletrônicos,2024-06-17,Loja Nova Iguaçu,Nova Iguaçu,4,3798.12
Webcam,Periféricos,2025-01-01,Loja Barra,Rio de Janeiro,4,13036.7
Roteador,Redes,2025-04-13,Loja Norte,Rio de Janeiro,5,20144.41
Pendrive,Armazenamento,2023-08-09,Loja Barra,Rio de Janeiro,3,786.14
Headset,Acessórios,2023-01-03,Loja Sul,Rio de Janeiro,3,10643.52
Teclado,Acessórios,2025-04-22,Loja Barra,Rio de Janeiro,2,3564.45
Tablet,Eletrônicos,2025-12-21,Loja Norte,Rio de Janeiro,1,1897.54
Pendrive,Armazenamento,2023-11-13,Loja Norte,Rio de Janeiro,1,2926.02
Cadeira Gamer,Móveis,2023-11-10,Loja Teresópolis,Teresópolis,5,13146.56
HD Externo,Armazenamento,2024-04-29,Loja Duque,Duque de Caxias,3,9364.04
Roteador,Redes,2025-06-13,Loja Duque,Duque de Caxias,4,7936.95
Mesa Escritório,Móveis,2024-12-27,Loja Centro,Rio de Janeiro,3,6582.47
Mesa Escritório,Móveis,2024-05-04,Loja Barra,Rio de Janeiro,5,13655.75
HD Externo,Armazenamento,2025-04-23,Loja Teresópolis,Teresópolis,2,4208.22
Tablet,Eletrônicos,2024-06-11,Loja São Gonçalo,São Gonçalo,3,2902.79
Roteador,Redes,2025-01-03,Loja Norte,Rio de Janeiro,4,14542.02
Tablet,Eletrônicos,2024-05-28,Loja Centro,Rio de Janeiro,2,3889.71
Mesa Escritório,Móveis,2024-10-19,Loja Duque,Duque de Caxias,1,1396.13
Monitor,Eletrônicos,2023-08-27,Loja Petrópolis,Petrópolis,3,14095.17
HD Externo,Armazenamento,2025-09-16,Loja Centro,Rio de Janeiro,5,20691.46
Mouse,Acessórios,2025-07-11,Loja Teresópolis,Teresópolis,4,16510.59
Mesa Escritório,Móveis,2025-09-01,Loja Duque,Duque de Caxias,4,9338.15
Impressora,Periféricos,2023-12-06,Loja São Gonçalo,São Gonçalo,4,3182.04
Webcam,Periféricos,2024-07-28,Loja Centro,Rio de Janeiro,5,22009.85
Headset,Acessórios,2025-04-07,Loja Niterói,Niterói,2,7859.35
Cadeira Gamer,Móveis,2024-01-01,Loja Nova Iguaçu,Nova Iguaçu,3,7785.89
Pendrive,Armazenamento,2023-04-14,Loja Duque,Duque de Caxias,5,20679.04
Smartphone,Eletrônicos,2023-11-27,Loja Nova Iguaçu,Nova Iguaçu,1,2904.68
Monitor,Eletrônicos,2023-10-26,Loja Barra,Rio de Janeiro,5,18767.55
Roteador,Redes,2023-12-31,Loja Teresópolis,Teresópolis,3,3736.22
Pendrive,Armazenamento,2025-03-13,Loja Centro,Rio de Janeiro,4,17855.88
Mouse,Acessórios,2025-08-07,Loja Sul,Rio de Janeiro,3,353.42
Smartwatch,Eletrônicos,2025-03-13,Loja Niterói,Niterói,2,7090.97
Teclado,Acessórios,2023-07-26,Loja Duque,Duque de Caxias,3,229.39
Headset,Acessórios,2023-05-18,Loja Niterói,Niterói,3,8777.11
Roteador,Redes,2024-11-13,Loja Sul,Rio de Janeiro,2,7103.23
Tablet,Eletrônicos,2025-12-07,Loja Petrópolis,Petrópolis,3,13045.9
Tablet,Eletrônicos,2024-11-25,Loja Norte,Rio de Janeiro,4,10648.01
Tablet,Eletrônicos,2025-02-18,Loja Niterói,Niterói,2,6530.14
Notebook,Eletrônicos,2025-11-03,Loja Teresópolis,Teresópolis,3,14245.63
Roteador,Redes,2024-11-24,Loja Norte,Rio de Janeiro,2,1189.63
Tablet,Eletrônicos,2025-07-28,Loja Niterói,Niterói,5,1596.17
Tablet,Eletrônicos,2025-09-27,Loja Petrópolis,Petrópolis,2,5591.41
Notebook,Eletrônicos,2023-07-12,Loja Duque,Duque de Caxias,4,1038.38
Smartphone,Eletrônicos,2023-04-03,Loja Centro,Rio de Janeiro,2,289.53
Notebook,Eletrônicos,2025-12-18,Loja Duque,Duque de Caxias,3,6885.65
Webcam,Periféricos,2024-06-15,Loja São Gonçalo,São Gonçalo,3,9639.63
Mesa Escritório,Móveis,2025-03-15,Loja Norte,Rio de Janeiro,1,1421.21
Teclado,Acessórios,2025-05-25,Loja São Gonçalo,São Gonçalo,3,922.04
Webcam,Periféricos,2025-09-12,Loja Nova Iguaçu,Nova Iguaçu,1,3053.89
Teclado,Acessórios,2025-07-30,Loja Duque,Duque de Caxias,3,3286.79
Roteador,Redes,2025-08-01,Loja Nova Iguaçu,Nova Iguaçu,3,11100.78
Webcam,Periféricos,2025-07-19,Loja Petrópolis,Petrópolis,3,595.89
Mesa Escritório,Móveis,2024-09-22,Loja Centro,Rio de Janeiro,1,2351.8
Pendrive,Armazenamento,2024-01-01,Loja Niterói,Niterói,4,7080.64
Mouse,Acessórios,2025-08-02,Loja Duque,Duque de Caxias,1,4270.11
HD Externo,Armazenamento,2024-05-08,Loja Sul,Rio de Janeiro,3,11872.73
Impressora,Periféricos,2025-02-01,Loja Teresópolis,Teresópolis,4,1293.41
Webcam,Periféricos,2025-07-16,Loja Teresópolis,Teresópolis,4,8881.44
Teclado,Acessórios,2024-08-06,Loja Sul,Rio de Janeiro,4,5711.7
Webcam,Periféricos,2025-05-11,Loja Nova Iguaçu,Nova Iguaçu,4,16567.04
Smartwatch,Eletrônicos,2024-09-28,Loja Centro,Rio de Janeiro,5,1798.48
Mouse,Acessórios,2023-06-15,Loja Teresópolis,Teresópolis,2,8310.21
Tablet,Eletrônicos,2023-07-11,Loja Niterói,Niterói,2,5104.54
HD Externo,Armazenamento,2025-12-24,Loja Nova Iguaçu,Nova Iguaçu,2,8241.57
Mesa Escritório,Móveis,2023-07-03,Loja Niterói,Niterói,2,4638.47
Roteador,Redes,2024-11-18,Loja Petrópolis,Petrópolis,2,6705.4
Webcam,Periféricos,2023-04-16,Loja Centro,Rio de Janeiro,5,24738.92
Cadeira Gamer,Móveis,2024-10-21,Loja Nova Iguaçu,Nova Iguaçu,2,2032.15
Smartphone,Eletrônicos,2024-03-22,Loja Petrópolis,Petrópolis,4,9766.98
Headset,Acessórios,2025-01-30,Loja Duque,Duque de Caxias,3,12025.81
Impressora,Periféricos,2023-07-06,Loja Duque,Duque de Caxias,1,2593.56
Webcam,Periféricos,2025-09-05,Loja Centro,Rio de Janeiro,5,14588.03
Mesa Escritório,Móveis,2025-04-24,Loja São Gonçalo,São Gonçalo,3,2247.17
Monitor,Eletrônicos,2023-08-08,Loja Nova Iguaçu,Nova Iguaçu,5,7146.42
Smartwatch,Eletrônicos,2025-01-27,Loja Sul,Rio de Janeiro,2,9041.59
Roteador,Redes,2024-12-12,Loja São Gonçalo,São Gonçalo,1,3938.93
Headset,Acessórios,2024-01-22,Loja Teresópolis,Teresópolis,3,5161.58
Tablet,Eletrônicos,2023-11-04,Loja Niterói,Niterói,1,174.92
Pendrive,Armazenamento,2025-01-31,Loja Niterói,Niterói,4,5143.45
Monitor,Eletrônicos,2024-06-08,Loja Barra,Rio de Janeiro,5,21799.06
Smartphone,Eletrônicos,2023-10-03,Loja Centro,Rio de Janeiro,4,15055.26
Monitor,Eletrônicos,2024-04-25,Loja Barra,Rio de Janeiro,1,1788.54
Notebook,Eletrônicos,2025-12-17,Loja Nova Iguaçu,Nova Iguaçu,2,9490.18
Impressora,Periféricos,2023-11-11,Loja Nova Iguaçu,Nova Iguaçu,2,7879.55
Roteador,Redes,2023-06-05,Loja Duque,Duque de Caxias,1,3527.32
Impressora,Periféricos,2025-01-27,Loja Norte,Rio de Janeiro,2,5177.93
HD Externo,Armazenamento,2023-01-13,Loja Duque,Duque de Caxias,2,4038.87
HD Externo,Armazenamento,2025-02-19,Loja Norte,Rio de Janeiro,3,602.39
Mouse,Acessórios,2025-04-28,Loja Duque,Duque de Caxias,3,9284.67
Cadeira Gamer,Móveis,2024-12-14,Loja Barra,Rio de Janeiro,4,10125.26
Impressora,Periféricos,2025-07-14,Loja Barra,Rio de Janeiro,1,4272.26
Cadeira Gamer,Móveis,2025-10-21,Loja São Gonçalo,São Gonçalo,4,694.44
Smartphone,Eletrônicos,2023-05-20,Loja Petrópolis,Petrópolis,1,3878.24
Cadeira Gamer,Móveis,2025-06-22,Loja Petrópolis,Petrópolis,3,2726.42
Notebook,Eletrônicos,2025-12-01,Loja Nova Iguaçu,Nova Iguaçu,3,11298.93
Tablet,Eletrônicos,2024-02-20,Loja Centro,Rio de Janeiro,2,6806.19
Mouse,Acessórios,2024-01-25,Loja Nova Iguaçu,Nova Iguaçu,2,3248.69
Roteador,Redes,2025-04-01,Loja Sul,Rio de Janeiro,1,1449.87
Headset,Acessórios,2025-03-27,Loja Nova Iguaçu,Nova Iguaçu,5,24046.94
Pendrive,Armazenamento,2025-05-20,Loja Nova Iguaçu,Nova Iguaçu,4,12026.39
Monitor,Eletrônicos,2023-07-03,Loja Sul,Rio de Janeiro,4,16992.56
Impressora,Periféricos,2023-06-26,Loja Niterói,Niterói,3,5195.59
Roteador,Redes,2025-09-03,Loja Barra,Rio de Janeiro,1,1767.09
Smartwatch,Eletrônicos,2023-09-09,Loja Sul,Rio de Janeiro,3,2262.49
Webcam,Periféricos,2023-07-29,Loja Centro,Rio de Janeiro,1,4680.65
Webcam,Periféricos,2024-01-05,Loja Nova Iguaçu,Nova Iguaçu,4,4130.12
Tablet,Eletrônicos,2024-01-02,Loja Petrópolis,Petrópolis,4,5604.41
Impressora,Periféricos,2025-03-12,Loja Petrópolis,Petrópolis,3,3812.88
HD Externo,Armazenamento,2025-09-28,Loja São Gonçalo,São Gonçalo,1,3768.33
Webcam,Periféricos,2023-06-01,Loja Teresópolis,Teresópolis,5,3091.22
Tablet,Eletrônicos,2023-09-28,Loja Centro,Rio de Janeiro,3,3304.84
Mouse,Acessórios,2023-06-11,Loja Teresópolis,Teresópolis,2,8966.07
Impressora,Periféricos,2023-03-28,Loja Barra,Rio de Janeiro,1,2228.29
Smartphone,Eletrônicos,2023-05-29,Loja Sul,Rio de Janeiro,1,4322.52
Teclado,Acessórios,2024-03-21,Loja São Gonçalo,São Gonçalo,5,13403.51
Monitor,Eletrônicos,2023-09-07,Loja Teresópolis,Teresópolis,4,14730.89
Cadeira Gamer,Móveis,2025-09-10,Loja Niterói,Niterói,1,1981.1
Monitor,Eletrônicos,2025-05-24,Loja Centro,Rio de Janeiro,4,14713.4
Teclado,Acessórios,2024-10-22,Loja Norte,Rio de Janeiro,4,17485.78
Webcam,Periféricos,2023-07-11,Loja Duque,Duque de Caxias,3,6251.23
Mesa Escritório,Móveis,2025-10-05,Loja Petrópolis,Petrópolis,3,12044.56
Mouse,Acessórios,2023-11-07,Loja Teresópolis,Teresópolis,5,3188.05
Roteador,Redes,2024-08-07,Loja São Gonçalo,São Gonçalo,3,8983.48
Notebook,Eletrônicos,2025-03-29,Loja Nova Iguaçu,Nova Iguaçu,3,8054.53
Smartwatch,Eletrônicos,2024-12-17,Loja Duque,Duque de Caxias,3,11260.19
Roteador,Redes,2025-01-01,Loja São Gonçalo,São Gonçalo,2,7956.35
Impressora,Periféricos,2024-11-04,Loja Teresópolis,Teresópolis,4,739.55
Notebook,Eletrônicos,2023-10-05,Loja Duque,Duque de Caxias,5,15445.77
Notebook,Eletrônicos,2024-11-24,Loja Petrópolis,Petrópolis,2,8253.17
Notebook,Eletrônicos,2024-11-08,Loja São Gonçalo,São Gonçalo,3,5359.66
Webcam,Periféricos,2024-06-12,Loja Centro,Rio de Janeiro,2,1644.75
Monitor,Eletrônicos,2024-05-10,Loja Centro,Rio de Janeiro,5,21062.49
HD Externo,Armazenamento,2024-10-16,Loja Nova Iguaçu,Nova Iguaçu,5,9769.12
Notebook,Eletrônicos,2025-10-12,Loja Niterói,Niterói,3,398.83
Mouse,Acessórios,2024-07-23,Loja São Gonçalo,São Gonçalo,1,2132.77
Smartphone,Eletrônicos,2025-10-25,Loja Teresópolis,Teresópolis,2,4136.71
Monitor,Eletrônicos,2023-05-26,Loja Norte,Rio de Janeiro,4,11331.34
HD Externo,Armazenamento,2024-01-19,Loja Duque,Duque de Caxias,4,2503.9
Headset,Acessórios,2024-02-23,Loja Sul,Rio de Janeiro,3,3587.48
Headset,Acessórios,2024-03-07,Loja Teresópolis,Teresópolis,4,16330.49
Roteador,Redes,2023-12-29,Loja Centro,Rio de Janeiro,2,1148.16
Teclado,Acessórios,2025-04-05,Loja São Gonçalo,São Gonçalo,5,1985.18
Pendrive,Armazenamento,2025-03-18,Loja Barra,Rio de Janeiro,3,582.95
HD Externo,Armazenamento,2024-03-04,Loja Barra,Rio de Janeiro,2,1765.22
Roteador,Redes,2025-02-09,Loja Norte,Rio de Janeiro,3,4045.79
Impressora,Periféricos,2024-08-05,Loja Norte,Rio de Janeiro,4,18345.13
Mesa Escritório,Móveis,2025-09-02,Loja Petrópolis,Petrópolis,3,1506.91
Monitor,Eletrônicos,2025-05-31,Loja Norte,Rio de Janeiro,5,19578.86
Impressora,Periféricos,2023-06-20,Loja Norte,Rio de Janeiro,5,16536.86
HD Externo,Armazenamento,2024-05-08,Loja São Gonçalo,São Gonçalo,4,7705.0
Impressora,Periféricos,2023-10-15,Loja São Gonçalo,São Gonçalo,2,8457.7
Webcam,Periféricos,2024-08-30,Loja Teresópolis,Teresópolis,1,1576.92
Teclado,Acessórios,2024-09-15,Loja São Gonçalo,São Gonçalo,3,8457.17
Mesa Escritório,Móveis,2025-08-16,Loja Centro,Rio de Janeiro,4,4831.16
Headset,Acessórios,2024-02-20,Loja Niterói,Niterói,3,14209.33
Teclado,Acessórios,2025-01-28,Loja São Gonçalo,São Gonçalo,3,6897.89
Mesa Escritório,Móveis,2023-03-17,Loja Sul,Rio de Janeiro,1,2183.37
Tablet,Eletrônicos,2025-04-20,Loja Petrópolis,Petrópolis,2,6265.26
Pendrive,Armazenamento,2025-12-06,Loja Niterói,Niterói,4,11019.88
HD Externo,Armazenamento,2025-07-12,Loja Petrópolis,Petrópolis,2,1792.27
Pendrive,Armazenamento,2024-12-18,Loja Petrópolis,Petrópolis,2,932.86
Mesa Escritório,Móveis,2024-09-30,Loja Duque,Duque de Caxias,1,309.34
Headset,Acessórios,2023-02-17,Loja Barra,Rio de Janeiro,2,860.39
Tablet,Eletrônicos,2024-02-09,Loja Niterói,Niterói,5,7788.91
Notebook,Eletrônicos,2025-04-23,Loja Norte,Rio de Janeiro,1,2127.16
Monitor,Eletrônicos,2024-04-27,Loja Centro,Rio de Janeiro,5,18346.14
Monitor,Eletrônicos,2024-05-05,Loja Petrópolis,Petrópolis,2,5924.69
Roteador,Redes,2025-09-25,Loja Barra,Rio de Janeiro,2,712.67
Tablet,Eletrônicos,2024-12-03,Loja Nova Iguaçu,Nova Iguaçu,4,8637.2
HD Externo,Armazenamento,2025-12-22,Loja Centro,Rio de Janeiro,5,8109.48
Teclado,Acessórios,2024-06-03,Loja Niterói,Niterói,5,2475.43
Teclado,Acessórios,2023-03-17,Loja São Gonçalo,São Gonçalo,5,2317.24
HD Externo,Armazenamento,2025-12-30,Loja Teresópolis,Teresópolis,5,21798.19
Roteador,Redes,2025-03-07,Loja Niterói,Niterói,3,7343.21
Pendrive,Armazenamento,2024-04-05,Loja Barra,Rio de Janeiro,2,2165.02
Mouse,Acessórios,2025-10-08,Loja Duque,Duque de Caxias,5,3943.92
Monitor,Eletrônicos,2025-07-06,Loja Barra,Rio de Janeiro,2,661.14
Teclado,Acessórios,2024-04-15,Loja Sul,Rio de Janeiro,2,2015.01
HD Externo,Armazenamento,2023-08-09,Loja São Gonçalo,São Gonçalo,4,17744.5
Teclado,Acessórios,2025-04-20,Loja Barra,Rio de Janeiro,3,6257.86
Monitor,Eletrônicos,2023-08-27,Loja Barra,Rio de Janeiro,1,748.48
Teclado,Acessórios,2025-07-04,Loja Norte,Rio de Janeiro,3,5503.05
Mesa Escritório,Móveis,2025-09-15,Loja Barra,Rio de Janeiro,4,1808.35
Mesa Escritório,Móveis,2024-09-09,Loja Petrópolis,Petrópolis,4,19550.14
HD Externo,Armazenamento,2024-03-16,Loja Sul,Rio de Janeiro,5,21686.01
Headset,Acessórios,2023-10-15,Loja Niterói,Niterói,2,4400.18
Mesa Escritório,Móveis,2023-07-13,Loja Norte,Rio de Janeiro,4,13374.23
HD Externo,Armazenamento,2023-09-02,Loja Duque,Duque de Caxias,3,4292.23
Tablet,Eletrônicos,2023-12-07,Loja Duque,Duque de Caxias,4,12143.2
Pendrive,Armazenamento,2025-06-26,Loja Norte,Rio de Janeiro,1,4455.07
Smartwatch,Eletrônicos,2024-07-12,Loja Centro,Rio de Janeiro,4,15662.2
Impressora,Periféricos,2024-06-14,Loja Norte,Rio de Janeiro,2,2949.53
Smartphone,Eletrônicos,2023-01-12,Loja Sul,Rio de Janeiro,3,10195.78
Notebook,Eletrônicos,2025-08-19,Loja São Gonçalo,São Gonçalo,1,3428.54
Smartwatch,Eletrônicos,2023-01-30,Loja São Gonçalo,São Gonçalo,4,5663.27
Cadeira Gamer,Móveis,2024-03-19,Loja Teresópolis,Teresópolis,2,2409.99
Roteador,Redes,2024-07-07,Loja Nova Iguaçu,Nova Iguaçu,5,16348.02
Roteador,Redes,2023-07-04,Loja São Gonçalo,São Gonçalo,4,14087.39
Tablet,Eletrônicos,2023-12-02,Loja Petrópolis,Petrópolis,2,1916.18
Cadeira Gamer,Móveis,2023-01-12,Loja Norte,Rio de Janeiro,1,2353.42
Cadeira Gamer,Móveis,2024-05-19,Loja Teresópolis,Teresópolis,2,8435.96
Impressora,Periféricos,2023-11-17,Loja Norte,Rio de Janeiro,3,8289.96
Webcam,Periféricos,2025-07-11,Loja São Gonçalo,São Gonçalo,2,6671.86
HD Externo,Armazenamento,2024-06-10,Loja Norte,Rio de Janeiro,4,11921.93
Teclado,Acessórios,2023-10-07,Loja Duque,Duque de Caxias,5,1967.5
HD Externo,Armazenamento,2024-11-04,Loja Niterói,Niterói,2,4125.25
Webcam,Periféricos,2023-02-05,Loja São Gonçalo,São Gonçalo,5,7510.5
HD Externo,Armazenamento,2024-03-15,Loja Barra,Rio de Janeiro,1,1574.04
Roteador,Redes,2023-05-28,Loja Barra,Rio de Janeiro,2,5853.83
Impressora,Periféricos,2024-10-22,Loja Niterói,Niterói,3,8962.9
Pendrive,Armazenamento,2024-01-31,Loja São Gonçalo,São Gonçalo,1,3342.03
HD Externo,Armazenamento,2024-11-11,Loja Duque,Duque de Caxias,4,13065.8
Roteador,Redes,2025-05-04,Loja Barra,Rio de Janeiro,3,4586.93
Tablet,Eletrônicos,2025-02-23,Loja Centro,Rio de Janeiro,4,5238.73
Monitor,Eletrônicos,2025-03-10,Loja Duque,Duque de Caxias,5,23951.38
Headset,Acessórios,2023-11-22,Loja Niterói,Niterói,1,1951.01
Smartphone,Eletrônicos,2024-05-22,Loja Niterói,Niterói,3,3718.44
Impressora,Periféricos,2025-07-28,Loja Centro,Rio de Janeiro,3,12471.38
Monitor,Eletrônicos,2023-02-23,Loja Nova Iguaçu,Nova Iguaçu,2,751.54
Teclado,Acessórios,2023-07-12,Loja Sul,Rio de Janeiro,2,4816.97
Notebook,Eletrônicos,2024-12-06,Loja Centro,Rio de Janeiro,5,21524.02
Webcam,Periféricos,2023-05-11,Loja Sul,Rio de Janeiro,4,2740.85
Tablet,Eletrônicos,2023-10-03,Loja Barra,Rio de Janeiro,1,4030.27
Headset,Acessórios,2025-09-13,Loja São Gonçalo,São Gonçalo,5,19563.61
Roteador,Redes,2023-02-21,Loja Petrópolis,Petrópolis,5,19963.59
Tablet,Eletrônicos,2025-05-07,Loja Sul,Rio de Janeiro,3,7255.59
Tablet,Eletrônicos,2025-11-09,Loja Petrópolis,Petrópolis,3,12511.4
Headset,Acessórios,2024-10-27,Loja Duque,Duque de Caxias,2,8218.67
Monitor,Eletrônicos,2024-03-02,Loja Norte,Rio de Janeiro,3,10386.26
HD Externo,Armazenamento,2025-01-11,Loja Barra,Rio de Janeiro,1,3087.51
Notebook,Eletrônicos,2023-11-24,Loja Sul,Rio de Janeiro,3,2164.97
Pendrive,Armazenamento,2023-09-20,Loja Nova Iguaçu,Nova Iguaçu,3,13629.87
Teclado,Acessórios,2024-10-13,Loja Petrópolis,Petrópolis,3,14132.42
Mouse,Acessórios,2024-08-22,Loja Niterói,Niterói,1,4877.14
Roteador,Redes,2023-04-26,Loja São Gonçalo,São Gonçalo,4,8039.56
Notebook,Eletrônicos,2024-01-01,Loja Duque,Duque de Caxias,2,4181.57
Monitor,Eletrônicos,2024-03-04,Loja Petrópolis,Petrópolis,2,5886.98
Pendrive,Armazenamento,2024-06-21,Loja Petrópolis,Petrópolis,1,357.08
Headset,Acessórios,2025-02-20,Loja Centro,Rio de Janeiro,3,9922.82
Notebook,Eletrônicos,2024-12-20,Loja Sul,Rio de Janeiro,4,8133.94
Pendrive,Armazenamento,2025-08-04,Loja Nova Iguaçu,Nova Iguaçu,2,6178.4
Mouse,Acessórios,2023-09-01,Loja São Gonçalo,São Gonçalo,2,708.32
Impressora,Periféricos,2025-10-05,Loja Petrópolis,Petrópolis,1,943.57
Cadeira Gamer,Móveis,2024-01-16,Loja Duque,Duque de Caxias,2,4074.47
Teclado,Acessórios,2024-05-27,Loja Centro,Rio de Janeiro,4,7956.5
Smartphone,Eletrônicos,2025-07-01,Loja Barra,Rio de Janeiro,4,4334.85
Mesa Escritório,Móveis,2023-03-12,Loja Barra,Rio de Janeiro,2,8731.94
Headset,Acessórios,2025-07-08,Loja Nova Iguaçu,Nova Iguaçu,3,4537.7
Teclado,Acessórios,2024-05-22,Loja Petrópolis,Petrópolis,5,3800.87
Pendrive,Armazenamento,2024-02-25,Loja Barra,Rio de Janeiro,1,2642.13
HD Externo,Armazenamento,2025-11-28,Loja Teresópolis,Teresópolis,1,4150.77
HD Externo,Armazenamento,2025-12-25,Loja São Gonçalo,São Gonçalo,4,18332.61
Teclado,Acessórios,2024-11-23,Loja Norte,Rio de Janeiro,5,3327.56
Mesa Escritório,Móveis,2024-08-21,Loja Teresópolis,Teresópolis,2,1853.82
Monitor,Eletrônicos,2024-08-20,Loja Nova Iguaçu,Nova Iguaçu,3,7816.81
Pendrive,Armazenamento,2023-02-02,Loja Niterói,Niterói,2,8115.78
Monitor,Eletrônicos,2025-06-23,Loja Duque,Duque de Caxias,5,569.45
Roteador,Redes,2025-01-16,Loja Centro,Rio de Janeiro,5,11136.43
Teclado,Acessórios,2023-06-21,Loja Duque,Duque de Caxias,2,6034.67
Tablet,Eletrônicos,2024-02-26,Loja Norte,Rio de Janeiro,5,22662.09
Smartwatch,Eletrônicos,2024-08-02,Loja Teresópolis,Teresópolis,3,8881.81
Notebook,Eletrônicos,2024-08-27,Loja Norte,Rio de Janeiro,2,8276.73
Monitor,Eletrônicos,2025-11-14,Loja Teresópolis,Teresópolis,1,122.11
Tablet,Eletrônicos,2023-08-12,Loja Duque,Duque de Caxias,4,483.75
Notebook,Eletrônicos,2025-08-11,Loja Petrópolis,Petrópolis,5,20535.34
Mouse,Acessórios,2023-07-16,Loja Duque,Duque de Caxias,2,2905.3
Tablet,Eletrônicos,2025-06-08,Loja Teresópolis,Teresópolis,5,555.44
Headset,Acessórios,2025-02-16,Loja Sul,Rio de Janeiro,4,5034.4
Headset,Acessórios,2024-09-14,Loja São Gonçalo,São Gonçalo,5,23822.28
Headset,Acessórios,2024-06-03,Loja Nova Iguaçu,Nova Iguaçu,2,1538.73
Teclado,Acessórios,2024-08-19,Loja Sul,Rio de Janeiro,3,1206.66
Impressora,Periféricos,2023-01-09,Loja Sul,Rio de Janeiro,4,5310.46
Mouse,Acessórios,2023-11-23,Loja Petrópolis,Petrópolis,2,1934.24
Webcam,Periféricos,2023-01-01,Loja Centro,Rio de Janeiro,2,9465.11
HD Externo,Armazenamento,2025-08-09,Loja Nova Iguaçu,Nova Iguaçu,1,432.08
Smartwatch,Eletrônicos,2025-07-25,Loja Petrópolis,Petrópolis,4,7291.17
Tablet,Eletrônicos,2025-08-22,Loja São Gonçalo,São Gonçalo,3,847.55
HD Externo,Armazenamento,2023-06-28,Loja Norte,Rio de Janeiro,3,11524.68
Cadeira Gamer,Móveis,2025-09-18,Loja Nova Iguaçu,Nova Iguaçu,4,11676.46
Teclado,Acessórios,2025-09-20,Loja Petrópolis,Petrópolis,3,14521.87
Monitor,Eletrônicos,2024-08-28,Loja Nova Iguaçu,Nova Iguaçu,5,6113.87
Cadeira Gamer,Móveis,2025-04-29,Loja Barra,Rio de Janeiro,2,6807.7
Impressora,Periféricos,2023-06-24,Loja Norte,Rio de Janeiro,4,1640.15
Smartphone,Eletrônicos,2023-02-04,Loja Petrópolis,Petrópolis,5,17260.57
HD Externo,Armazenamento,2024-07-10,Loja São Gonçalo,São Gonçalo,4,9899.44
Notebook,Eletrônicos,2025-07-27,Loja Sul,Rio de Janeiro,3,5112.76
Impressora,Periféricos,2025-07-03,Loja Centro,Rio de Janeiro,4,16122.48
Roteador,Redes,2025-11-26,Loja Centro,Rio de Janeiro,2,8912.37
Pendrive,Armazenamento,2024-08-14,Loja Sul,Rio de Janeiro,5,15560.6
Smartwatch,Eletrônicos,2024-10-23,Loja São Gonçalo,São Gonçalo,4,13574.03
Smartwatch,Eletrônicos,2023-08-24,Loja Nova Iguaçu,Nova Iguaçu,5,10992.79
Mouse,Acessórios,2023-03-06,Loja Petrópolis,Petrópolis,3,10087.9
Tablet,Eletrônicos,2024-05-05,Loja Duque,Duque de Caxias,2,5798.37
Notebook,Eletrônicos,2023-11-09,Loja Niterói,Niterói,3,8618.76
Smartphone,Eletrônicos,2024-11-10,Loja Nova Iguaçu,Nova Iguaçu,3,5419.25
Smartphone,Eletrônicos,2023-12-13,Loja Barra,Rio de Janeiro,3,10470.05
Roteador,Redes,2024-06-16,Loja Petrópolis,Petrópolis,2,5180.43
Roteador,Redes,2023-12-09,Loja Centro,Rio de Janeiro,4,5374.39
Mouse,Acessórios,2023-01-28,Loja Centro,Rio de Janeiro,1,954.62
Mesa Escritório,Móveis,2023-10-24,Loja Norte,Rio de Janeiro,3,4391.55
Monitor,Eletrônicos,2025-04-13,Loja São Gonçalo,São Gonçalo,3,2739.98
Headset,Acessórios,2023-05-26,Loja Centro,Rio de Janeiro,1,1840.15
Webcam,Periféricos,2024-12-02,Loja Sul,Rio de Janeiro,1,1021.66
Roteador,Redes,2024-05-22,Loja Centro,Rio de Janeiro,3,8883.19
Smartphone,Eletrônicos,2024-12-23,Loja Sul,Rio de Janeiro,1,3761.81
Headset,Acessórios,2025-12-01,Loja Petrópolis,Petrópolis,3,2594.61
Smartwatch,Eletrônicos,2023-12-11,Loja Nova Iguaçu,Nova Iguaçu,5,14952.72
Mouse,Acessórios,2025-12-29,Loja Teresópolis,Teresópolis,1,453.8
Impressora,Periféricos,2025-10-30,Loja Teresópolis,Teresópolis,1,1109.27
Smartwatch,Eletrônicos,2024-01-16,Loja Nova Iguaçu,Nova Iguaçu,1,3043.96
Teclado,Acessórios,2024-09-12,Loja Nova Iguaçu,Nova Iguaçu,1,1503.0
Notebook,Eletrônicos,2025-12-28,Loja Sul,Rio de Janeiro,5,14223.62
Smartphone,Eletrônicos,2024-06-08,Loja Norte,Rio de Janeiro,4,19939.6
Mesa Escritório,Móveis,2025-10-28,Loja Petrópolis,Petrópolis,3,880.93
HD Externo,Armazenamento,2025-09-16,Loja Petrópolis,Petrópolis,5,273.0
Mouse,Acessórios,2024-01-11,Loja Teresópolis,Teresópolis,5,16953.61
Mesa Escritório,Móveis,2023-03-14,Loja Nova Iguaçu,Nova Iguaçu,4,10341.85
Monitor,Eletrônicos,2024-07-25,Loja Nova Iguaçu,Nova Iguaçu,5,23379.96
HD Externo,Armazenamento,2023-06-28,Loja Teresópolis,Teresópolis,5,19205.0
Cadeira Gamer,Móveis,2025-02-26,Loja Norte,Rio de Janeiro,4,1278.43
Roteador,Redes,2024-10-26,Loja Norte,Rio de Janeiro,5,10847.55
Smartwatch,Eletrônicos,2024-11-28,Loja Teresópolis,Teresópolis,3,6497.88
Monitor,Eletrônicos,2023-11-21,Loja Barra,Rio de Janeiro,3,6064.47
Smartwatch,Eletrônicos,2025-06-12,Loja Sul,Rio de Janeiro,1,1882.65
Cadeira Gamer,Móveis,2023-07-02,Loja Duque,Duque de Caxias,1,3305.69
Teclado,Acessórios,2024-04-11,Loja Duque,Duque de Caxias,1,359.04
Pendrive,Armazenamento,2023-08-20,Loja São Gonçalo,São Gonçalo,3,3840.82
Smartwatch,Eletrônicos,2024-08-17,Loja Barra,Rio de Janeiro,2,5504.64
Roteador,Redes,2024-06-29,Loja Duque,Duque de Caxias,4,3104.56
Webcam,Periféricos,2023-08-03,Loja Norte,Rio de Janeiro,5,8371.96
Impressora,Periféricos,2024-11-16,Loja Centro,Rio de Janeiro,3,7731.97
Headset,Acessórios,2025-06-17,Loja Norte,Rio de Janeiro,3,12942.06
HD Externo,Armazenamento,2024-11-18,Loja Sul,Rio de Janeiro,5,17145.65
Impressora,Periféricos,2023-06-28,Loja Nova Iguaçu,Nova Iguaçu,4,5930.93
Monitor,Eletrônicos,2025-06-23,Loja Duque,Duque de Caxias,5,17699.76
Pendrive,Armazenamento,2024-12-08,Loja Nova Iguaçu,Nova Iguaçu,3,13114.69
Monitor,Eletrônicos,2023-10-10,Loja Nova Iguaçu,Nova Iguaçu,1,2403.6
Monitor,Eletrônicos,2023-06-21,Loja Duque,Duque de Caxias,1,4111.73
Mesa Escritório,Móveis,2024-11-20,Loja Niterói,Niterói,4,11640.99
Tablet,Eletrônicos,2023-08-12,Loja Centro,Rio de Janeiro,3,10684.42
HD Externo,Armazenamento,2023-04-26,Loja Sul,Rio de Janeiro,5,23074.25
Pendrive,Armazenamento,2025-06-10,Loja Centro,Rio de Janeiro,4,2429.29
Smartphone,Eletrônicos,2024-12-18,Loja São Gonçalo,São Gonçalo,2,567.25
Monitor,Eletrônicos,2025-03-14,Loja Norte,Rio de Janeiro,3,9499.98
Roteador,Redes,2025-09-10,Loja Petrópolis,Petrópolis,5,3696.54
HD Externo,Armazenamento,2025-01-22,Loja Barra,Rio de Janeiro,5,24400.53
HD Externo,Armazenamento,2024-05-16,Loja Petrópolis,Petrópolis,5,1073.38
Roteador,Redes,2024-07-03,Loja Petrópolis,Petrópolis,3,3862.1
Notebook,Eletrônicos,2025-08-31,Loja Niterói,Niterói,1,2997.06
Roteador,Redes,2024-08-19,Loja Barra,Rio de Janeiro,5,19680.33
Headset,Acessórios,2023-11-02,Loja Niterói,Niterói,2,6768.11
Tablet,Eletrônicos,2025-04-27,Loja Centro,Rio de Janeiro,2,556.02
Teclado,Acessórios,2025-05-11,Loja Niterói,Niterói,1,4978.89
Mouse,Acessórios,2024-03-23,Loja Niterói,Niterói,3,962.78
Webcam,Periféricos,2024-12-09,Loja Petrópolis,Petrópolis,2,2274.39
Cadeira Gamer,Móveis,2025-04-11,Loja Barra,Rio de Janeiro,2,1761.36
Monitor,Eletrônicos,2024-06-13,Loja Centro,Rio de Janeiro,1,1197.61
Notebook,Eletrônicos,2023-05-05,Loja Nova Iguaçu,Nova Iguaçu,2,822.74
Tablet,Eletrônicos,2023-10-11,Loja Centro,Rio de Janeiro,2,1194.98
Teclado,Acessórios,2023-11-14,Loja São Gonçalo,São Gonçalo,2,632.92
Mesa Escritório,Móveis,2025-12-15,Loja Nova Iguaçu,Nova Iguaçu,1,1989.46
Smartphone,Eletrônicos,2025-08-30,Loja São Gonçalo,São Gonçalo,1,2248.71
Impressora,Periféricos,2025-09-03,Loja Teresópolis,Teresópolis,2,8673.75
Headset,Acessórios,2025-05-15,Loja Teresópolis,Teresópolis,2,473.21
Impressora,Periféricos,2023-05-26,Loja Nova Iguaçu,Nova Iguaçu,2,5668.05
Monitor,Eletrônicos,2023-07-12,Loja São Gonçalo,São Gonçalo,4,19844.29
Teclado,Acessórios,2023-12-29,Loja Norte,Rio de Janeiro,5,17732.71
HD Externo,Armazenamento,2024-11-21,Loja Petrópolis,Petrópolis,4,16584.97
Monitor,Eletrônicos,2025-12-24,Loja Nova Iguaçu,Nova Iguaçu,1,728.25
Pendrive,Armazenamento,2023-03-24,Loja Duque,Duque de Caxias,1,1492.24
Headset,Acessórios,2024-04-03,Loja São Gonçalo,São Gonçalo,4,16195.74
Headset,Acessórios,2024-07-07,Loja Petrópolis,Petrópolis,2,8415.98
HD Externo,Armazenamento,2023-05-02,Loja Norte,Rio de Janeiro,1,1607.41
Impressora,Periféricos,2024-07-22,Loja Petrópolis,Petrópolis,4,611.01
Smartphone,Eletrônicos,2025-03-30,Loja Centro,Rio de Janeiro,5,13729.61
Mouse,Acessórios,2023-06-28,Loja Centro,Rio de Janeiro,1,1272.46
Mouse,Acessórios,2024-06-21,Loja São Gonçalo,São Gonçalo,4,15434.96
Mesa Escritório,Móveis,2024-06-18,Loja Centro,Rio de Janeiro,4,12197.34
Smartwatch,Eletrônicos,2025-03-24,Loja Norte,Rio de Janeiro,5,9984.69
HD Externo,Armazenamento,2024-08-30,Loja Duque,Duque de Caxias,3,10558.89
Smartphone,Eletrônicos,2024-04-29,Loja Centro,Rio de Janeiro,4,15969.52
Cadeira Gamer,Móveis,2023-05-09,Loja Barra,Rio de Janeiro,5,10187.07
Headset,Acessórios,2025-06-20,Loja Norte,Rio de Janeiro,5,4852.55
Impressora,Periféricos,2024-04-05,Loja Teresópolis,Teresópolis,4,19398.4
Notebook,Eletrônicos,2024-09-12,Loja Barra,Rio de Janeiro,3,14224.53
Roteador,Redes,2025-04-27,Loja Norte,Rio de Janeiro,5,8729.13
Pendrive,Armazenamento,2024-02-17,Loja Sul,Rio de Janeiro,2,4557.8
Cadeira Gamer,Móveis,2024-08-05,Loja Duque,Duque de Caxias,3,12415.22
Pendrive,Armazenamento,2025-12-02,Loja Norte,Rio de Janeiro,1,1707.21
HD Externo,Armazenamento,2024-06-01,Loja Barra,Rio de Janeiro,2,1570.22
Smartphone,Eletrônicos,2025-07-05,Loja Barra,Rio de Janeiro,4,2818.92
Mesa Escritório,Móveis,2023-02-25,Loja Sul,Rio de Janeiro,1,2654.11
HD Externo,Armazenamento,2023-07-06,Loja Centro,Rio de Janeiro,2,4777.9
Pendrive,Armazenamento,2023-04-24,Loja Barra,Rio de Janeiro,5,8737.51
Impressora,Periféricos,2024-03-22,Loja São Gonçalo,São Gonçalo,2,3229.4
Mesa Escritório,Móveis,2023-04-11,Loja Petrópolis,Petrópolis,3,1443.01
Cadeira Gamer,Móveis,2024-01-01,Loja Nova Iguaçu,Nova Iguaçu,1,494.31
Mouse,Acessórios,2025-06-07,Loja Petrópolis,Petrópolis,4,2640.3
Cadeira Gamer,Móveis,2023-04-27,Loja Barra,Rio de Janeiro,2,9661.74
Webcam,Periféricos,2024-10-22,Loja Teresópolis,Teresópolis,2,8856.34
Webcam,Periféricos,2025-07-01,Loja Teresópolis,Teresópolis,2,7315.81
Teclado,Acessórios,2024-07-10,Loja Niterói,Niterói,2,2092.51
HD Externo,Armazenamento,2023-06-06,Loja Centro,Rio de Janeiro,4,19050.84
Teclado,Acessórios,2024-07-12,Loja Nova Iguaçu,Nova Iguaçu,3,959.5
Roteador,Redes,2023-09-04,Loja Niterói,Niterói,3,1443.57
Mesa Escritório,Móveis,2023-06-03,Loja Petrópolis,Petrópolis,4,12559.97
Mouse,Acessórios,2024-03-25,Loja Sul,Rio de Janeiro,1,4552.26
Notebook,Eletrônicos,2024-08-10,Loja Centro,Rio de Janeiro,1,1595.35
Headset,Acessórios,2024-07-20,Loja Centro,Rio de Janeiro,2,3696.23
Teclado,Acessórios,2025-12-05,Loja Barra,Rio de Janeiro,4,16140.93
Roteador,Redes,2024-07-14,Loja São Gonçalo,São Gonçalo,1,2039.29
Mesa Escritório,Móveis,2024-05-01,Loja Nova Iguaçu,Nova Iguaçu,4,12460.25
Teclado,Acessórios,2025-03-21,Loja Duque,Duque de Caxias,2,2120.24
Impressora,Periféricos,2024-06-21,Loja Centro,Rio de Janeiro,1,2438.88
Pendrive,Armazenamento,2023-03-09,Loja Sul,Rio de Janeiro,5,10045.5
Smartphone,Eletrônicos,2024-12-30,Loja Centro,Rio de Janeiro,4,10805.56
HD Externo,Armazenamento,2025-06-12,Loja Nova Iguaçu,Nova Iguaçu,2,6700.64
Mouse,Acessórios,2025-01-15,Loja Barra,Rio de Janeiro,1,1821.91
Roteador,Redes,2023-10-31,Loja Duque,Duque de Caxias,4,14815.73
Teclado,Acessórios,2023-03-19,Loja Sul,Rio de Janeiro,3,5223.37
Roteador,Redes,2023-10-05,Loja São Gonçalo,São Gonçalo,2,3345.64
Tablet,Eletrônicos,2025-12-10,Loja São Gonçalo,São Gonçalo,3,5199.07
Tablet,Eletrônicos,2024-09-10,Loja Niterói,Niterói,5,19475.76
Tablet,Eletrônicos,2024-06-06,Loja Niterói,Niterói,3,2607.67
Impressora,Periféricos,2025-10-29,Loja Niterói,Niterói,3,3067.83
Notebook,Eletrônicos,2024-02-09,Loja Teresópolis,Teresópolis,5,20954.14
Monitor,Eletrônicos,2024-04-16,Loja Nova Iguaçu,Nova Iguaçu,5,11026.06
HD Externo,Armazenamento,2025-11-03,Loja Duque,Duque de Caxias,2,9308.64
Smartwatch,Eletrônicos,2024-06-29,Loja Duque,Duque de Caxias,1,4117.13
Notebook,Eletrônicos,2025-08-20,Loja Centro,Rio de Janeiro,3,7311.77
Impressora,Periféricos,2025-07-26,Loja Barra,Rio de Janeiro,5,17758.8
Mouse,Acessórios,2025-04-29,Loja São Gonçalo,São Gonçalo,5,3321.66
Smartwatch,Eletrônicos,2023-11-26,Loja Centro,Rio de Janeiro,2,1919.47
Roteador,Redes,2025-06-13,Loja Sul,Rio de Janeiro,4,9897.76
Webcam,Periféricos,2024-09-27,Loja Teresópolis,Teresópolis,5,18268.3
Mouse,Acessórios,2025-10-28,Loja Barra,Rio de Janeiro,4,1882.33
Smartwatch,Eletrônicos,2025-09-07,Loja São Gonçalo,São Gonçalo,5,3636.92
HD Externo,Armazenamento,2025-11-09,Loja Duque,Duque de Caxias,1,1673.03
Monitor,Eletrônicos,2023-03-27,Loja São Gonçalo,São Gonçalo,4,17073.81
HD Externo,Armazenamento,2025-12-10,Loja Teresópolis,Teresópolis,2,724.75
Headset,Acessórios,2024-12-12,Loja Teresópolis,Teresópolis,5,13070.76
Mouse,Acessórios,2023-02-08,Loja Petrópolis,Petrópolis,1,2174.29
Webcam,Periféricos,2025-01-25,Loja Petrópolis,Petrópolis,4,4948.44
Tablet,Eletrônicos,2023-04-20,Loja Teresópolis,Teresópolis,1,3855.3
Mesa Escritório,Móveis,2023-01-25,Loja Teresópolis,Teresópolis,3,11910.24
Cadeira Gamer,Móveis,2023-08-20,Loja Barra,Rio de Janeiro,5,18047.12
Impressora,Periféricos,2023-10-16,Loja Nova Iguaçu,Nova Iguaçu,5,6459.54
Pendrive,Armazenamento,2023-08-17,Loja Centro,Rio de Janeiro,2,6205.46
Headset,Acessórios,2025-10-17,Loja Norte,Rio de Janeiro,2,3391.02
Webcam,Periféricos,2023-11-05,Loja Nova Iguaçu,Nova Iguaçu,2,4101.99
Notebook,Eletrônicos,2025-07-31,Loja Norte,Rio de Janeiro,5,17596.43
Teclado,Acessórios,2025-07-03,Loja Teresópolis,Teresópolis,2,4610.93
Headset,Acessórios,2025-04-12,Loja Teresópolis,Teresópolis,4,18507.91
Mouse,Acessórios,2023-02-26,Loja Petrópolis,Petrópolis,5,4323.83
Monitor,Eletrônicos,2023-03-31,Loja Sul,Rio de Janeiro,3,1670.15
Pendrive,Armazenamento,2025-08-28,Loja Norte,Rio de Janeiro,4,19280.97
Roteador,Redes,2025-09-08,Loja Niterói,Niterói,4,1778.36
Mouse,Acessórios,2023-10-09,Loja Duque,Duque de Caxias,2,5799.09
Impressora,Periféricos,2023-09-11,Loja Nova Iguaçu,Nova Iguaçu,4,16080.36
Pendrive,Armazenamento,2025-04-24,Loja Niterói,Niterói,1,699.88
Smartphone,Eletrônicos,2025-01-29,Loja Teresópolis,Teresópolis,4,13592.69
Pendrive,Armazenamento,2024-12-10,Loja Barra,Rio de Janeiro,1,1084.73
Smartwatch,Eletrônicos,2025-08-14,Loja Teresópolis,Teresópolis,5,24888.9
Mouse,Acessórios,2023-08-07,Loja Centro,Rio de Janeiro,5,3476.24
HD Externo,Armazenamento,2024-09-07,Loja Barra,Rio de Janeiro,5,8118.14
Smartwatch,Eletrônicos,2023-12-23,Loja Teresópolis,Teresópolis,1,479.2
Smartwatch,Eletrônicos,2025-08-07,Loja Niterói,Niterói,4,7881.86
Webcam,Periféricos,2023-07-16,Loja Sul,Rio de Janeiro,2,9360.41
Roteador,Redes,2024-09-09,Loja Duque,Duque de Caxias,5,16996.28
HD Externo,Armazenamento,2024-02-26,Loja Teresópolis,Teresópolis,4,12644.34
Impressora,Periféricos,2025-02-06,Loja Nova Iguaçu,Nova Iguaçu,3,3191.32
Cadeira Gamer,Móveis,2024-02-03,Loja São Gonçalo,São Gonçalo,5,10128.37
Monitor,Eletrônicos,2024-06-05,Loja Sul,Rio de Janeiro,4,19100.17
Pendrive,Armazenamento,2025-04-27,Loja Norte,Rio de Janeiro,4,19537.03
Smartwatch,Eletrônicos,2023-04-11,Loja Norte,Rio de Janeiro,3,9659.65
Mouse,Acessórios,2025-07-27,Loja Norte,Rio de Janeiro,3,8207.21
Cadeira Gamer,Móveis,2023-08-14,Loja Duque,Duque de Caxias,1,2985.63
Roteador,Redes,2024-03-04,Loja Petrópolis,Petrópolis,2,7449.46
Mesa Escritório,Móveis,2025-12-28,Loja Barra,Rio de Janeiro,2,4795.66
Impressora,Periféricos,2024-01-03,Loja Teresópolis,Teresópolis,3,1002.27
Headset,Acessórios,2024-07-14,Loja Teresópolis,Teresópolis,4,14081.73
Cadeira Gamer,Móveis,2023-07-18,Loja Barra,Rio de Janeiro,2,9346.38
Webcam,Periféricos,2024-01-17,Loja Duque,Duque de Caxias,3,7790.17
Impressora,Periféricos,2024-11-19,Loja Nova Iguaçu,Nova Iguaçu,4,7322.45
Cadeira Gamer,Móveis,2025-08-17,Loja Barra,Rio de Janeiro,4,9614.18
Headset,Acessórios,2025-05-03,Loja São Gonçalo,São Gonçalo,2,8643.3
Impressora,Periféricos,2024-08-10,Loja Centro,Rio de Janeiro,5,10574.82
Pendrive,Armazenamento,2023-07-26,Loja Teresópolis,Teresópolis,4,6365.36
Mouse,Acessórios,2025-10-06,Loja Centro,Rio de Janeiro,5,21481.98
HD Externo,Armazenamento,2023-07-25,Loja Norte,Rio de Janeiro,4,6097.62
Teclado,Acessórios,2023-12-31,Loja Sul,Rio de Janeiro,4,4704.14
Smartwatch,Eletrônicos,2024-08-02,Loja Niterói,Niterói,3,14107.88
Mouse,Acessórios,2025-02-16,Loja Duque,Duque de Caxias,2,3359.38
Impressora,Periféricos,2024-01-29,Loja Niterói,Niterói,2,7125.75
Smartwatch,Eletrônicos,2024-01-27,Loja Sul,Rio de Janeiro,1,3616.26
Impressora,Periféricos,2025-11-19,Loja Niterói,Niterói,5,2210.53
Notebook,Eletrônicos,2025-12-17,Loja Niterói,Niterói,1,984.53
Teclado,Acessórios,2023-05-27,Loja Nova Iguaçu,Nova Iguaçu,4,11326.32
Roteador,Redes,2024-08-31,Loja Nova Iguaçu,Nova Iguaçu,5,19851.83
Teclado,Acessórios,2023-04-05,Loja Teresópolis,Teresópolis,1,4474.97
Mesa Escritório,Móveis,2023-04-02,Loja Niterói,Niterói,4,9165.93
Monitor,Eletrônicos,2023-06-05,Loja Petrópolis,Petrópolis,5,3784.65
Smartphone,Eletrônicos,2025-12-16,Loja São Gonçalo,São Gonçalo,5,20635.23
Notebook,Eletrônicos,2023-08-25,Loja Centro,Rio de Janeiro,3,12335.79
Headset,Acessórios,2024-07-05,Loja Petrópolis,Petrópolis,3,10990.53
Roteador,Redes,2023-02-24,Loja São Gonçalo,São Gonçalo,4,6465.85
Roteador,Redes,2024-01-08,Loja Norte,Rio de Janeiro,5,8843.01
Cadeira Gamer,Móveis,2024-05-23,Loja Centro,Rio de Janeiro,2,9382.63
Webcam,Periféricos,2024-12-03,Loja Duque,Duque de Caxias,2,9611.39
Teclado,Acessórios,2025-11-06,Loja Petrópolis,Petrópolis,3,3975.84
Pendrive,Armazenamento,2025-11-08,Loja Barra,Rio de Janeiro,1,1105.05
Smartphone,Eletrônicos,2025-01-27,Loja Niterói,Niterói,3,3665.22
Impressora,Periféricos,2024-02-28,Loja Barra,Rio de Janeiro,5,1628.74
Cadeira Gamer,Móveis,2023-07-23,Loja Niterói,Niterói,4,12144.26
Cadeira Gamer,Móveis,2023-11-03,Loja Barra,Rio de Janeiro,5,13000.38
Cadeira Gamer,Móveis,2025-02-18,Loja Sul,Rio de Janeiro,2,3772.64
Webcam,Periféricos,2023-07-28,Loja Sul,Rio de Janeiro,1,1767.45
Smartwatch,Eletrônicos,2023-09-28,Loja Petrópolis,Petrópolis,4,9786.63
Roteador,Redes,2025-03-05,Loja Sul,Rio de Janeiro,3,5169.03
Teclado,Acessórios,2024-12-25,Loja Centro,Rio de Janeiro,1,3765.46
Mesa Escritório,Móveis,2025-06-10,Loja Duque,Duque de Caxias,2,8463.5
Tablet,Eletrônicos,2024-11-09,Loja Norte,Rio de Janeiro,1,2867.57
Smartwatch,Eletrônicos,2025-04-01,Loja Nova Iguaçu,Nova Iguaçu,2,3783.23
Smartphone,Eletrônicos,2024-05-25,Loja São Gonçalo,São Gonçalo,1,4341.95
HD Externo,Armazenamento,2024-06-30,Loja Nova Iguaçu,Nova Iguaçu,2,2551.55
Smartwatch,Eletrônicos,2023-06-16,Loja Barra,Rio de Janeiro,4,6595.2
Smartwatch,Eletrônicos,2023-08-23,Loja Norte,Rio de Janeiro,4,4760.32
Impressora,Periféricos,2023-03-29,Loja Barra,Rio de Janeiro,1,1799.69
Cadeira Gamer,Móveis,2023-05-13,Loja Teresópolis,Teresópolis,4,4006.71
Monitor,Eletrônicos,2024-10-19,Loja Duque,Duque de Caxias,2,4502.66
HD Externo,Armazenamento,2023-01-17,Loja Teresópolis,Teresópolis,4,8221.14
Cadeira Gamer,Móveis,2024-05-17,Loja Sul,Rio de Janeiro,2,734.54
Monitor,Eletrônicos,2024-02-22,Loja Teresópolis,Teresópolis,4,13806.36
Monitor,Eletrônicos,2024-05-29,Loja Norte,Rio de Janeiro,2,1278.31
Roteador,Redes,2025-10-24,Loja Centro,Rio de Janeiro,2,2968.31
Notebook,Eletrônicos,2023-11-21,Loja Barra,Rio de Janeiro,2,173.18
Roteador,Redes,2023-10-04,Loja Sul,Rio de Janeiro,4,17457.4
Headset,Acessórios,2023-11-20,Loja Sul,Rio de Janeiro,1,1551.25
Monitor,Eletrônicos,2025-12-15,Loja Sul,Rio de Janeiro,4,8758.17
Roteador,Redes,2025-03-24,Loja Barra,Rio de Janeiro,5,9151.97
Notebook,Eletrônicos,2023-12-21,Loja Barra,Rio de Janeiro,1,3522.75
Cadeira Gamer,Móveis,2023-03-07,Loja Barra,Rio de Janeiro,4,3685.29
Tablet,Eletrônicos,2024-06-17,Loja Teresópolis,Teresópolis,3,12202.66
Headset,Acessórios,2024-01-31,Loja Teresópolis,Teresópolis,5,17399.78
Impressora,Periféricos,2024-11-23,Loja Petrópolis,Petrópolis,5,15339.63
Webcam,Periféricos,2023-12-19,Loja Teresópolis,Teresópolis,1,3771.4
Roteador,Redes,2023-09-16,Loja Sul,Rio de Janeiro,5,13077.42
HD Externo,Armazenamento,2023-04-27,Loja Duque,Duque de Caxias,2,6354.05
Smartphone,Eletrônicos,2024-06-26,Loja Sul,Rio de Janeiro,3,6821.63
Roteador,Redes,2025-12-29,Loja Norte,Rio de Janeiro,1,666.84
Teclado,Acessórios,2025-01-07,Loja Petrópolis,Petrópolis,2,4517.09
Smartwatch,Eletrônicos,2024-01-30,Loja Duque,Duque de Caxias,5,7777.07
HD Externo,Armazenamento,2024-10-03,Loja São Gonçalo,São Gonçalo,4,2456.52
Smartwatch,Eletrônicos,2023-02-18,Loja Centro,Rio de Janeiro,4,5458.04
Smartphone,Eletrônicos,2025-09-25,Loja Niterói,Niterói,2,6425.73
Mouse,Acessórios,2024-04-23,Loja Niterói,Niterói,2,2724.62
Tablet,Eletrônicos,2023-03-28,Loja Norte,Rio de Janeiro,1,560.92
Monitor,Eletrônicos,2024-05-28,Loja Sul,Rio de Janeiro,5,11814.71
Tablet,Eletrônicos,2023-06-30,Loja Niterói,Niterói,5,18621.89
Roteador,Redes,2024-05-07,Loja Teresópolis,Teresópolis,3,3414.95
Impressora,Periféricos,2024-07-18,Loja Teresópolis,Teresópolis,3,5868.11
Impressora,Periféricos,2023-08-12,Loja Norte,Rio de Janeiro,2,5119.3
Headset,Acessórios,2023-12-15,Loja Petrópolis,Petrópolis,5,4472.38
Impressora,Periféricos,2025-06-12,Loja Barra,Rio de Janeiro,3,11868.08
Roteador,Redes,2023-04-07,Loja Barra,Rio de Janeiro,2,842.1
Notebook,Eletrônicos,2025-01-04,Loja Niterói,Niterói,2,746.24
Tablet,Eletrônicos,2023-05-03,Loja Norte,Rio de Janeiro,1,2595.42
Headset,Acessórios,2025-06-15,Loja Duque,Duque de Caxias,1,3771.38
Teclado,Acessórios,2024-12-03,Loja Sul,Rio de Janeiro,3,1590.72
HD Externo,Armazenamento,2024-08-03,Loja Teresópolis,Teresópolis,1,2163.13
Smartwatch,Eletrônicos,2023-07-08,Loja São Gonçalo,São Gonçalo,2,2824.18
Teclado,Acessórios,2023-03-26,Loja São Gonçalo,São Gonçalo,1,1724.24
Notebook,Eletrônicos,2025-08-27,Loja Sul,Rio de Janeiro,5,9043.28
Roteador,Redes,2025-10-01,Loja Niterói,Niterói,2,7181.69
Smartwatch,Eletrônicos,2023-09-28,Loja Teresópolis,Teresópolis,3,1672.56
Mouse,Acessórios,2025-08-05,Loja Sul,Rio de Janeiro,5,11363.68
Impressora,Periféricos,2024-03-13,Loja Niterói,Niterói,3,12345.7
Mesa Escritório,Móveis,2024-03-31,Loja São Gonçalo,São Gonçalo,1,2775.32
Monitor,Eletrônicos,2023-07-19,Loja Niterói,Niterói,3,9521.08
Mouse,Acessórios,2025-02-26,Loja Nova Iguaçu,Nova Iguaçu,2,6096.96
Smartphone,Eletrônicos,2024-08-27,Loja Petrópolis,Petrópolis,1,502.2
Mesa Escritório,Móveis,2024-05-16,Loja Teresópolis,Teresópolis,4,3927.0
Monitor,Eletrônicos,2025-04-18,Loja Niterói,Niterói,1,4209.72
Monitor,Eletrônicos,2023-06-08,Loja São Gonçalo,São Gonçalo,5,8336.79
Cadeira Gamer,Móveis,2024-05-25,Loja Petrópolis,Petrópolis,3,4222.06
Mesa Escritório,Móveis,2025-09-14,Loja Sul,Rio de Janeiro,4,14369.29
Roteador,Redes,2024-07-07,Loja Niterói,Niterói,2,3589.56
Tablet,Eletrônicos,2025-04-13,Loja Teresópolis,Teresópolis,1,3808.23
Tablet,Eletrônicos,2025-04-21,Loja Centro,Rio de Janeiro,2,1922.6
Monitor,Eletrônicos,2023-01-06,Loja Sul,Rio de Janeiro,5,8227.54
Mouse,Acessórios,2025-04-05,Loja Norte,Rio de Janeiro,2,6637.84
Smartphone,Eletrônicos,2025-03-15,Loja São Gonçalo,São Gonçalo,4,17046.88
Teclado,Acessórios,2025-02-01,Loja Centro,Rio de Janeiro,1,213.41
Roteador,Redes,2024-05-09,Loja Petrópolis,Petrópolis,3,10726.47
Tablet,Eletrônicos,2025-09-08,Loja Nova Iguaçu,Nova Iguaçu,4,1151.96
Roteador,Redes,2024-06-19,Loja Centro,Rio de Janeiro,2,7613.87
Smartwatch,Eletrônicos,2023-01-16,Loja Barra,Rio de Janeiro,3,9742.03
Monitor,Eletrônicos,2024-12-05,Loja Petrópolis,Petrópolis,2,3163.68
Tablet,Eletrônicos,2024-02-01,Loja Niterói,Niterói,2,123.0
Smartphone,Eletrônicos,2023-10-24,Loja Duque,Duque de Caxias,2,648.91
Impressora,Periféricos,2023-09-16,Loja Duque,Duque de Caxias,4,5460.57
Mesa Escritório,Móveis,2023-06-25,Loja Centro,Rio de Janeiro,2,9079.16
Impressora,Periféricos,2023-10-03,Loja Barra,Rio de Janeiro,2,6871.35
Smartwatch,Eletrônicos,2023-02-25,Loja Centro,Rio de Janeiro,3,4660.47
Monitor,Eletrônicos,2024-03-14,Loja Barra,Rio de Janeiro,1,2598.18
Headset,Acessórios,2023-11-03,Loja Centro,Rio de Janeiro,3,11044.6
Mouse,Acessórios,2023-03-09,Loja Niterói,Niterói,4,4889.62
Smartphone,Eletrônicos,2025-07-02,Loja Norte,Rio de Janeiro,2,6803.53
Smartwatch,Eletrônicos,2023-02-08,Loja Duque,Duque de Caxias,5,1215.41
Mouse,Acessórios,2024-11-01,Loja Centro,Rio de Janeiro,3,12511.01
HD Externo,Armazenamento,2023-04-11,Loja Centro,Rio de Janeiro,2,6948.6
HD Externo,Armazenamento,2025-05-20,Loja Centro,Rio de Janeiro,2,2511.79
Teclado,Acessórios,2025-01-24,Loja Norte,Rio de Janeiro,1,3914.46
Mouse,Acessórios,2023-05-20,Loja Norte,Rio de Janeiro,5,10896.03
Impressora,Periféricos,2024-05-20,Loja Sul,Rio de Janeiro,2,4547.82
Tablet,Eletrônicos,2025-12-28,Loja Centro,Rio de Janeiro,5,6173.47
Notebook,Eletrônicos,2023-04-10,Loja Centro,Rio de Janeiro,2,2753.17
Cadeira Gamer,Móveis,2024-04-06,Loja Norte,Rio de Janeiro,1,1322.9
Webcam,Periféricos,2023-06-06,Loja Teresópolis,Teresópolis,5,7664.02
Smartphone,Eletrônicos,2024-12-20,Loja Petrópolis,Petrópolis,3,9836.37
Headset,Acessórios,2023-03-03,Loja Norte,Rio de Janeiro,2,1163.76
Roteador,Redes,2025-08-11,Loja Teresópolis,Teresópolis,4,16429.6
Cadeira Gamer,Móveis,2025-09-24,Loja Petrópolis,Petrópolis,5,6812.98
HD Externo,Armazenamento,2025-12-11,Loja Centro,Rio de Janeiro,5,2328.07
Smartphone,Eletrônicos,2025-07-15,Loja Niterói,Niterói,5,24117.74
Notebook,Eletrônicos,2024-06-25,Loja Sul,Rio de Janeiro,2,2790.0
Headset,Acessórios,2024-11-27,Loja Teresópolis,Teresópolis,5,2437.82
Mesa Escritório,Móveis,2023-03-03,Loja Norte,Rio de Janeiro,3,9500.8
Cadeira Gamer,Móveis,2025-01-12,Loja Sul,Rio de Janeiro,4,2927.14
Impressora,Periféricos,2025-03-19,Loja Petrópolis,Petrópolis,4,2583.49
Smartwatch,Eletrônicos,2023-12-18,Loja Norte,Rio de Janeiro,2,3128.36
Mouse,Acessórios,2025-03-22,Loja Teresópolis,Teresópolis,2,7345.54
Tablet,Eletrônicos,2025-09-23,Loja Petrópolis,Petrópolis,3,14943.93
Mesa Escritório,Móveis,2023-05-06,Loja Petrópolis,Petrópolis,5,8783.05
Smartwatch,Eletrônicos,2025-03-20,Loja Teresópolis,Teresópolis,4,8336.66
Smartphone,Eletrônicos,2025-09-12,Loja Duque,Duque de Caxias,2,1528.69
Webcam,Periféricos,2024-07-09,Loja Barra,Rio de Janeiro,5,6102.75
Smartphone,Eletrônicos,2025-04-04,Loja Nova Iguaçu,Nova Iguaçu,1,1002.11
Webcam,Periféricos,2025-02-11,Loja Petrópolis,Petrópolis,3,11471.06
Webcam,Periféricos,2024-12-27,Loja Sul,Rio de Janeiro,3,446.6
Mesa Escritório,Móveis,2024-11-12,Loja Sul,Rio de Janeiro,5,10711.49
Cadeira Gamer,Móveis,2023-08-17,Loja Centro,Rio de Janeiro,3,4147.47
Impressora,Periféricos,2024-06-07,Loja Duque,Duque de Caxias,5,11144.46
Mouse,Acessórios,2023-05-13,Loja Niterói,Niterói,5,971.95
Tablet,Eletrônicos,2023-01-18,Loja Duque,Duque de Caxias,2,651.71
Mesa Escritório,Móveis,2025-07-17,Loja Duque,Duque de Caxias,2,4470.89
Notebook,Eletrônicos,2024-10-07,Loja São Gonçalo,São Gonçalo,2,4566.19
Webcam,Periféricos,2025-09-14,Loja Norte,Rio de Janeiro,2,908.63
HD Externo,Armazenamento,2023-03-11,Loja Teresópolis,Teresópolis,2,5377.25
Headset,Acessórios,2025-08-01,Loja São Gonçalo,São Gonçalo,2,9306.36
Mouse,Acessórios,2023-09-08,Loja Petrópolis,Petrópolis,1,864.6
Smartphone,Eletrônicos,2025-02-19,Loja Petrópolis,Petrópolis,2,7133.18
Smartphone,Eletrônicos,2025-01-11,Loja Sul,Rio de Janeiro,3,1400.56
Webcam,Periféricos,2025-01-28,Loja São Gonçalo,São Gonçalo,1,3588.75
Smartphone,Eletrônicos,2023-11-25,Loja Duque,Duque de Caxias,4,19251.82
Headset,Acessórios,2024-08-28,Loja Petrópolis,Petrópolis,4,15581.06
Tablet,Eletrônicos,2023-11-29,Loja Norte,Rio de Janeiro,1,1688.03
Roteador,Redes,2023-12-22,Loja Nova Iguaçu,Nova Iguaçu,3,10318.17
HD Externo,Armazenamento,2024-05-10,Loja Sul,Rio de Janeiro,4,4294.59
Cadeira Gamer,Móveis,2023-03-05,Loja Teresópolis,Teresópolis,3,5176.83
Impressora,Periféricos,2023-06-15,Loja Norte,Rio de Janeiro,3,6207.88
Roteador,Redes,2024-05-20,Loja Sul,Rio de Janeiro,1,205.99
Mouse,Acessórios,2025-05-07,Loja Sul,Rio de Janeiro,2,3750.38
Impressora,Periféricos,2025-01-30,Loja Niterói,Niterói,1,2031.77
Mesa Escritório,Móveis,2025-10-11,Loja São Gonçalo,São Gonçalo,4,9780.77
Roteador,Redes,2024-09-30,Loja Centro,Rio de Janeiro,3,1448.14
Teclado,Acessórios,2023-03-17,Loja Sul,Rio de Janeiro,4,4498.64
HD Externo,Armazenamento,2023-08-03,Loja São Gonçalo,São Gonçalo,5,7406.47
Tablet,Eletrônicos,2024-09-02,Loja Niterói,Niterói,3,2376.15
Webcam,Periféricos,2024-02-27,Loja Centro,Rio de Janeiro,5,24575.79
Smartwatch,Eletrônicos,2024-09-08,Loja Duque,Duque de Caxias,3,13994.16
Impressora,Periféricos,2025-12-17,Loja Niterói,Niterói,5,23844.58
Mouse,Acessórios,2023-02-07,Loja Barra,Rio de Janeiro,4,13751.82
Smartphone,Eletrônicos,2025-07-16,Loja Petrópolis,Petrópolis,2,4904.38
Cadeira Gamer,Móveis,2025-01-06,Loja Sul,Rio de Janeiro,1,903.31
Roteador,Redes,2025-07-09,Loja Sul,Rio de Janeiro,1,4813.57
Smartwatch,Eletrônicos,2024-11-27,Loja Niterói,Niterói,3,9391.2
Teclado,Acessórios,2023-07-19,Loja Niterói,Niterói,2,6725.73
Smartphone,Eletrônicos,2023-11-28,Loja Barra,Rio de Janeiro,5,21368.8
Impressora,Periféricos,2025-07-30,Loja Petrópolis,Petrópolis,4,2752.27
Smartphone,Eletrônicos,2024-11-20,Loja Duque,Duque de Caxias,5,24030.53
Smartphone,Eletrônicos,2025-04-10,Loja Barra,Rio de Janeiro,5,6083.14
Cadeira Gamer,Móveis,2025-09-04,Loja Teresópolis,Teresópolis,1,1956.28
Teclado,Acessórios,2024-03-28,Loja Teresópolis,Teresópolis,4,5924.91
Headset,Acessórios,2025-01-26,Loja Teresópolis,Teresópolis,1,440.7
Mouse,Acessórios,2023-02-26,Loja Centro,Rio de Janeiro,3,14261.65
HD Externo,Armazenamento,2023-06-07,Loja Barra,Rio de Janeiro,3,11983.39
Webcam,Periféricos,2024-03-21,Loja Norte,Rio de Janeiro,1,4168.11
Smartphone,Eletrônicos,2025-07-17,Loja Petrópolis,Petrópolis,5,18220.02
Headset,Acessórios,2025-09-21,Loja São Gonçalo,São Gonçalo,5,13312.11
Cadeira Gamer,Móveis,2025-04-21,Loja Barra,Rio de Janeiro,2,7754.36
Tablet,Eletrônicos,2024-03-20,Loja Teresópolis,Teresópolis,5,11321.93
Notebook,Eletrônicos,2025-10-14,Loja Duque,Duque de Caxias,4,6110.16
Mouse,Acessórios,2023-08-16,Loja Norte,Rio de Janeiro,1,962.95
Monitor,Eletrônicos,2024-02-08,Loja Nova Iguaçu,Nova Iguaçu,1,1069.64
Smartwatch,Eletrônicos,2025-04-08,Loja Niterói,Niterói,3,7415.8
Impressora,Periféricos,2025-02-07,Loja Centro,Rio de Janeiro,5,5323.24
Smartphone,Eletrônicos,2024-05-20,Loja Teresópolis,Teresópolis,2,4345.96
Tablet,Eletrônicos,2023-09-30,Loja Teresópolis,Teresópolis,4,1822.38
Webcam,Periféricos,2023-01-25,Loja São Gonçalo,São Gonçalo,3,13860.8
Smartphone,Eletrônicos,2025-11-26,Loja Norte,Rio de Janeiro,2,4986.08
Headset,Acessórios,2025-07-04,Loja Nova Iguaçu,Nova Iguaçu,2,5327.87
HD Externo,Armazenamento,2025-05-09,Loja Niterói,Niterói,3,5843.31
Tablet,Eletrônicos,2025-09-25,Loja Centro,Rio de Janeiro,4,14605.22
Headset,Acessórios,2024-11-07,Loja Niterói,Niterói,5,13606.63
Mesa Escritório,Móveis,2023-03-25,Loja Norte,Rio de Janeiro,4,8327.87
Smartphone,Eletrônicos,2023-02-28,Loja São Gonçalo,São Gonçalo,2,5375.19
Smartwatch,Eletrônicos,2023-05-03,Loja Nova Iguaçu,Nova Iguaçu,5,3170.65
Smartphone,Eletrônicos,2025-10-18,Loja Duque,Duque de Caxias,2,371.96
Mesa Escritório,Móveis,2025-06-23,Loja Sul,Rio de Janeiro,3,2747.03
Smartwatch,Eletrônicos,2025-07-23,Loja Sul,Rio de Janeiro,4,13663.44
Cadeira Gamer,Móveis,2025-11-04,Loja Niterói,Niterói,3,10034.91
Mouse,Acessórios,2025-03-28,Loja Barra,Rio de Janeiro,5,22246.48
Smartwatch,Eletrônicos,2024-06-04,Loja Nova Iguaçu,Nova Iguaçu,1,4933.52
Mouse,Acessórios,2025-08-25,Loja Niterói,Niterói,3,4298.19
Notebook,Eletrônicos,2023-08-02,Loja Norte,Rio de Janeiro,3,13253.78
Smartwatch,Eletrônicos,2025-02-08,Loja Norte,Rio de Janeiro,5,5450.41
Impressora,Periféricos,2025-10-02,Loja Centro,Rio de Janeiro,3,1483.86
Tablet,Eletrônicos,2025-05-05,Loja Norte,Rio de Janeiro,5,2748.31
Monitor,Eletrônicos,2025-12-06,Loja Norte,Rio de Janeiro,3,9634.29
Webcam,Periféricos,2023-10-01,Loja Centro,Rio de Janeiro,4,2053.93
Tablet,Eletrônicos,2024-01-15,Loja Nova Iguaçu,Nova Iguaçu,5,23020.99
Monitor,Eletrônicos,2024-11-05,Loja Teresópolis,Teresópolis,4,18967.56
Smartwatch,Eletrônicos,2024-04-10,Loja Norte,Rio de Janeiro,4,1214.24
Mesa Escritório,Móveis,2023-11-05,Loja São Gonçalo,São Gonçalo,4,7144.05
Mouse,Acessórios,2023-10-13,Loja Centro,Rio de Janeiro,2,1598.96
Smartphone,Eletrônicos,2024-09-30,Loja Duque,Duque de Caxias,4,16225.52
Impressora,Periféricos,2025-01-23,Loja Niterói,Niterói,4,1594.03
Smartwatch,Eletrônicos,2025-10-27,Loja Petrópolis,Petrópolis,4,278.41
Smartwatch,Eletrônicos,2023-09-07,Loja Teresópolis,Teresópolis,4,3351.35
Smartwatch,Eletrônicos,2025-04-14,Loja Nova Iguaçu,Nova Iguaçu,5,5583.94
Smartphone,Eletrônicos,2024-02-07,Loja Teresópolis,Teresópolis,2,5052.88
Headset,Acessórios,2025-11-30,Loja Norte,Rio de Janeiro,5,19986.16
Teclado,Acessórios,2025-11-28,Loja Petrópolis,Petrópolis,3,418.5
Pendrive,Armazenamento,2025-10-07,Loja Barra,Rio de Janeiro,3,9350.8
Mouse,Acessórios,2025-01-21,Loja Centro,Rio de Janeiro,2,4782.61
Monitor,Eletrônicos,2023-04-15,Loja Sul,Rio de Janeiro,2,8441.13
Smartphone,Eletrônicos,2025-02-01,Loja São Gonçalo,São Gonçalo,4,12836.84
HD Externo,Armazenamento,2024-12-13,Loja Norte,Rio de Janeiro,2,4582.27
Mesa Escritório,Móveis,2023-08-24,Loja Norte,Rio de Janeiro,5,15642.93
Notebook,Eletrônicos,2025-01-18,Loja São Gonçalo,São Gonçalo,3,7706.95
Notebook,Eletrônicos,2023-10-16,Loja Barra,Rio de Janeiro,5,2786.78
Webcam,Periféricos,2023-10-25,Loja Petrópolis,Petrópolis,2,3099.16
Impressora,Periféricos,2024-03-12,Loja Sul,Rio de Janeiro,4,14027.09
Headset,Acessórios,2025-07-30,Loja Duque,Duque de Caxias,2,3183.97
Tablet,Eletrônicos,2025-03-17,Loja Nova Iguaçu,Nova Iguaçu,3,9523.14
HD Externo,Armazenamento,2025-04-01,Loja São Gonçalo,São Gonçalo,5,9560.71
Webcam,Periféricos,2025-01-17,Loja Norte,Rio de Janeiro,1,4448.78
HD Externo,Armazenamento,2025-09-02,Loja Barra,Rio de Janeiro,5,7118.69
Smartwatch,Eletrônicos,2024-02-09,Loja Centro,Rio de Janeiro,2,6512.43
Mesa Escritório,Móveis,2023-04-25,Loja São Gonçalo,São Gonçalo,1,1831.96
Teclado,Acessórios,2023-08-27,Loja Petrópolis,Petrópolis,2,6719.84
Cadeira Gamer,Móveis,2025-06-25,Loja Sul,Rio de Janeiro,4,17455.47
Notebook,Eletrônicos,2023-08-05,Loja Centro,Rio de Janeiro,3,5887.57
Teclado,Acessórios,2023-02-22,Loja Duque,Duque de Caxias,2,1034.54
Webcam,Periféricos,2024-01-20,Loja Nova Iguaçu,Nova Iguaçu,4,18026.18
Smartwatch,Eletrônicos,2025-03-13,Loja Nova Iguaçu,Nova Iguaçu,5,16882.49
Monitor,Eletrônicos,2024-12-08,Loja Duque,Duque de Caxias,4,1647.08
Monitor,Eletrônicos,2023-07-11,Loja Nova Iguaçu,Nova Iguaçu,3,2753.71
Impressora,Periféricos,2023-08-19,Loja Duque,Duque de Caxias,2,4523.16
Mesa Escritório,Móveis,2024-04-01,Loja Nova Iguaçu,Nova Iguaçu,1,4602.19
Roteador,Redes,2023-12-11,Loja Duque,Duque de Caxias,4,4956.85
Roteador,Redes,2023-10-11,Loja Norte,Rio de Janeiro,4,7264.06
Pendrive,Armazenamento,2024-04-07,Loja Nova Iguaçu,Nova Iguaçu,1,4159.5
Smartwatch,Eletrônicos,2025-11-12,Loja Niterói,Niterói,3,7957.69
Impressora,Periféricos,2024-09-12,Loja Niterói,Niterói,5,24204.65
Tablet,Eletrônicos,2024-10-29,Loja São Gonçalo,São Gonçalo,3,563.44
Headset,Acessórios,2025-04-18,Loja Duque,Duque de Caxias,3,14878.7
Impressora,Periféricos,2025-10-06,Loja Niterói,Niterói,1,3649.98
Notebook,Eletrônicos,2025-03-20,Loja Centro,Rio de Janeiro,4,5702.24
HD Externo,Armazenamento,2025-05-30,Loja Nova Iguaçu,Nova Iguaçu,3,11974.84
Smartphone,Eletrônicos,2024-06-11,Loja Barra,Rio de Janeiro,1,3318.66
Webcam,Periféricos,2023-06-15,Loja Nova Iguaçu,Nova Iguaçu,5,7656.4
Teclado,Acessórios,2024-05-17,Loja Teresópolis,Teresópolis,1,671.8
Impressora,Periféricos,2024-11-18,Loja Teresópolis,Teresópolis,4,15543.58
Impressora,Periféricos,2025-09-01,Loja Norte,Rio de Janeiro,2,8885.67
Teclado,Acessórios,2023-08-14,Loja Sul,Rio de Janeiro,1,826.67
Smartphone,Eletrônicos,2023-04-06,Loja Nova Iguaçu,Nova Iguaçu,2,1890.66
Pendrive,Armazenamento,2024-11-26,Loja Teresópolis,Teresópolis,1,2600.2
Smartwatch,Eletrônicos,2023-05-13,Loja São Gonçalo,São Gonçalo,1,4774.39
Roteador,Redes,2025-12-05,Loja São Gonçalo,São Gonçalo,3,9903.71
HD Externo,Armazenamento,2024-11-20,Loja Duque,Duque de Caxias,2,9691.27
Webcam,Periféricos,2025-12-13,Loja Centro,Rio de Janeiro,4,16853.7
Impressora,Periféricos,2023-04-23,Loja Teresópolis,Teresópolis,1,3620.06
Tablet,Eletrônicos,2025-12-03,Loja São Gonçalo,São Gonçalo,4,17687.22
Tablet,Eletrônicos,2025-05-01,Loja Teresópolis,Teresópolis,2,8534.5
Tablet,Eletrônicos,2023-08-16,Loja Centro,Rio de Janeiro,2,4545.93
Monitor,Eletrônicos,2024-12-02,Loja Petrópolis,Petrópolis,2,7562.31
Notebook,Eletrônicos,2025-05-21,Loja Nova Iguaçu,Nova Iguaçu,4,2712.08
Headset,Acessórios,2024-08-16,Loja Sul,Rio de Janeiro,5,15658.74
Headset,Acessórios,2025-02-22,Loja São Gonçalo,São Gonçalo,2,4974.78
Tablet,Eletrônicos,2024-11-19,Loja Duque,Duque de Caxias,1,3038.77
Mesa Escritório,Móveis,2025-05-27,Loja Duque,Duque de Caxias,1,1973.94
Mouse,Acessórios,2024-06-19,Loja Niterói,Niterói,1,768.86
Mesa Escritório,Móveis,2024-08-27,Loja Centro,Rio de Janeiro,1,4917.77
Webcam,Periféricos,2025-11-01,Loja Petrópolis,Petrópolis,3,12143.24
Teclado,Acessórios,2024-10-14,Loja Petrópolis,Petrópolis,3,10295.16
Impressora,Periféricos,2025-09-15,Loja Nova Iguaçu,Nova Iguaçu,5,18744.09
Impressora,Periféricos,2023-03-16,Loja Petrópolis,Petrópolis,2,2334.08
Tablet,Eletrônicos,2025-10-17,Loja Norte,Rio de Janeiro,5,22716.83
Mouse,Acessórios,2025-08-24,Loja Sul,Rio de Janeiro,5,21494.64
Cadeira Gamer,Móveis,2024-07-26,Loja Nova Iguaçu,Nova Iguaçu,2,846.58
Impressora,Periféricos,2023-11-22,Loja Sul,Rio de Janeiro,3,13340.84
Impressora,Periféricos,2023-11-20,Loja Norte,Rio de Janeiro,2,9708.49
Cadeira Gamer,Móveis,2025-03-08,Loja Niterói,Niterói,1,476.27
Pendrive,Armazenamento,2024-09-18,Loja Centro,Rio de Janeiro,2,7461.66
Tablet,Eletrônicos,2024-03-24,Loja Centro,Rio de Janeiro,5,12221.92
Notebook,Eletrônicos,2024-04-10,Loja Barra,Rio de Janeiro,1,3579.42
Tablet,Eletrônicos,2024-08-27,Loja Centro,Rio de Janeiro,4,19112.47
Mouse,Acessórios,2024-08-20,Loja Centro,Rio de Janeiro,5,4799.37
Impressora,Periféricos,2025-10-26,Loja São Gonçalo,São Gonçalo,4,2510.44
Monitor,Eletrônicos,2024-08-23,Loja Niterói,Niterói,2,5664.9
Teclado,Acessórios,2023-09-27,Loja Centro,Rio de Janeiro,4,12809.06
HD Externo,Armazenamento,2024-02-17,Loja Nova Iguaçu,Nova Iguaçu,4,18526.54
Headset,Acessórios,2023-10-02,Loja Petrópolis,Petrópolis,1,4567.37
Monitor,Eletrônicos,2024-07-11,Loja Teresópolis,Teresópolis,1,2379.97
Notebook,Eletrônicos,2024-12-30,Loja Niterói,Niterói,5,19815.21
HD Externo,Armazenamento,2025-01-20,Loja Nova Iguaçu,Nova Iguaçu,3,12837.83
HD Externo,Armazenamento,2024-12-03,Loja Sul,Rio de Janeiro,4,5189.56
Roteador,Redes,2025-03-18,Loja Centro,Rio de Janeiro,1,2775.92
Impressora,Periféricos,2024-03-23,Loja Barra,Rio de Janeiro,3,7874.0
Smartphone,Eletrônicos,2023-12-29,Loja Teresópolis,Teresópolis,4,10829.81
Webcam,Periféricos,2023-01-23,Loja Duque,Duque de Caxias,3,11496.82
Roteador,Redes,2023-05-14,Loja Niterói,Niterói,1,554.14
Monitor,Eletrônicos,2025-05-07,Loja Petrópolis,Petrópolis,3,4689.68
Monitor,Eletrônicos,2025-01-08,Loja São Gonçalo,São Gonçalo,2,7694.99
HD Externo,Armazenamento,2024-12-16,Loja Barra,Rio de Janeiro,3,5283.01
Smartphone,Eletrônicos,2023-11-10,Loja Duque,Duque de Caxias,1,4538.99
Impressora,Periféricos,2024-11-30,Loja Petrópolis,Petrópolis,2,7587.92
Headset,Acessórios,2025-12-15,Loja São Gonçalo,São Gonçalo,3,6247.39
Teclado,Acessórios,2025-12-16,Loja Teresópolis,Teresópolis,2,4366.32
Pendrive,Armazenamento,2024-08-16,Loja Norte,Rio de Janeiro,4,8293.13
Smartphone,Eletrônicos,2023-03-25,Loja Nova Iguaçu,Nova Iguaçu,2,5259.62
Impressora,Periféricos,2024-08-28,Loja São Gonçalo,São Gonçalo,2,7321.21
Notebook,Eletrônicos,2024-01-11,Loja Norte,Rio de Janeiro,1,4051.37
Mouse,Acessórios,2024-04-15,Loja Barra,Rio de Janeiro,5,18980.53
Pendrive,Armazenamento,2025-05-14,Loja São Gonçalo,São Gonçalo,4,5077.7
Webcam,Periféricos,2024-10-25,Loja Duque,Duque de Caxias,2,529.99
Monitor,Eletrônicos,2024-08-09,Loja Centro,Rio de Janeiro,3,412.03
Roteador,Redes,2025-04-28,Loja Niterói,Niterói,2,4068.73
Mesa Escritório,Móveis,2025-06-28,Loja Sul,Rio de Janeiro,4,13605.35
HD Externo,Armazenamento,2023-01-26,Loja Teresópolis,Teresópolis,3,5479.2
Roteador,Redes,2023-04-16,Loja Teresópolis,Teresópolis,2,3114.78
Webcam,Periféricos,2025-08-24,Loja Duque,Duque de Caxias,4,4698.71
Monitor,Eletrônicos,2023-04-20,Loja Norte,Rio de Janeiro,1,4002.5
Teclado,Acessórios,2025-09-05,Loja Niterói,Niterói,4,4700.98
Roteador,Redes,2025-06-23,Loja Barra,Rio de Janeiro,1,2221.41
Smartphone,Eletrônicos,2023-10-26,Loja Teresópolis,Teresópolis,1,812.12
HD Externo,Armazenamento,2024-04-08,Loja Duque,Duque de Caxias,5,14884.7
Headset,Acessórios,2024-05-01,Loja Niterói,Niterói,3,11224.15
Roteador,Redes,2023-07-11,Loja Centro,Rio de Janeiro,2,7887.18
Webcam,Periféricos,2025-03-08,Loja Centro,Rio de Janeiro,4,281.3
Tablet,Eletrônicos,2023-07-21,Loja Petrópolis,Petrópolis,4,13356.12
Roteador,Redes,2025-02-03,Loja Petrópolis,Petrópolis,3,6712.33
Notebook,Eletrônicos,2024-06-23,Loja Teresópolis,Teresópolis,3,12948.38
Roteador,Redes,2025-04-12,Loja Teresópolis,Teresópolis,2,6823.8
Smartwatch,Eletrônicos,2024-03-16,Loja Sul,Rio de Janeiro,5,7363.21
Monitor,Eletrônicos,2025-12-30,Loja Petrópolis,Petrópolis,4,9101.75
Cadeira Gamer,Móveis,2025-10-29,Loja São Gonçalo,São Gonçalo,4,1451.13
Notebook,Eletrônicos,2024-11-30,Loja Sul,Rio de Janeiro,5,7308.37
Cadeira Gamer,Móveis,2023-01-14,Loja Teresópolis,Teresópolis,4,4799.34
Pendrive,Armazenamento,2025-11-17,Loja Nova Iguaçu,Nova Iguaçu,4,12794.89
Monitor,Eletrônicos,2023-04-14,Loja Sul,Rio de Janeiro,2,248.72
Pendrive,Armazenamento,2025-02-07,Loja Norte,Rio de Janeiro,5,12702.56
Teclado,Acessórios,2023-04-15,Loja Barra,Rio de Janeiro,2,8070.42
Notebook,Eletrônicos,2025-01-12,Loja Norte,Rio de Janeiro,5,8490.68
Teclado,Acessórios,2023-11-29,Loja Centro,Rio de Janeiro,1,3457.37
Pendrive,Armazenamento,2024-06-23,Loja Centro,Rio de Janeiro,5,2676.6
Notebook,Eletrônicos,2025-06-27,Loja Norte,Rio de Janeiro,3,9473.78
Headset,Acessórios,2024-04-01,Loja Centro,Rio de Janeiro,2,8260.25
Roteador,Redes,2024-12-09,Loja Norte,Rio de Janeiro,1,3349.3
Cadeira Gamer,Móveis,2023-12-22,Loja Norte,Rio de Janeiro,2,8609.08
Cadeira Gamer,Móveis,2025-03-12,Loja São Gonçalo,São Gonçalo,3,11587.9
Monitor,Eletrônicos,2023-12-16,Loja São Gonçalo,São Gonçalo,2,5224.23
Smartwatch,Eletrônicos,2024-08-06,Loja Centro,Rio de Janeiro,2,981.2
Mouse,Acessórios,2023-05-27,Loja Nova Iguaçu,Nova Iguaçu,3,10106.13
Tablet,Eletrônicos,2025-02-27,Loja Barra,Rio de Janeiro,2,1752.81
Mesa Escritório,Móveis,2025-05-27,Loja Norte,Rio de Janeiro,3,12586.15
Impressora,Periféricos,2024-03-20,Loja Barra,Rio de Janeiro,4,4689.82
Impressora,Periféricos,2023-10-02,Loja Centro,Rio de Janeiro,5,15160.42
Monitor,Eletrônicos,2024-10-27,Loja Petrópolis,Petrópolis,1,4790.94
Mesa Escritório,Móveis,2024-11-11,Loja Teresópolis,Teresópolis,4,6206.61
Roteador,Redes,2023-05-24,Loja Petrópolis,Petrópolis,1,4792.0
Headset,Acessórios,2025-08-30,Loja Petrópolis,Petrópolis,5,8573.63
Smartphone,Eletrônicos,2025-04-06,Loja Nova Iguaçu,Nova Iguaçu,1,2417.5
Monitor,Eletrônicos,2024-11-10,Loja São Gonçalo,São Gonçalo,2,2729.32
Cadeira Gamer,Móveis,2023-11-26,Loja Centro,Rio de Janeiro,4,9416.64
Mesa Escritório,Móveis,2024-01-31,Loja São Gonçalo,São Gonçalo,5,21089.09
Headset,Acessórios,2023-01-20,Loja Norte,Rio de Janeiro,2,4885.68
Pendrive,Armazenamento,2023-07-05,Loja Teresópolis,Teresópolis,2,4275.56
Pendrive,Armazenamento,2024-12-12,Loja Sul,Rio de Janeiro,4,12651.69
Headset,Acessórios,2025-05-03,Loja Sul,Rio de Janeiro,1,1406.71
HD Externo,Armazenamento,2024-06-04,Loja Sul,Rio de Janeiro,5,1974.84
Tablet,Eletrônicos,2023-10-18,Loja Barra,Rio de Janeiro,5,7473.71
Tablet,Eletrônicos,2024-10-09,Loja Barra,Rio de Janeiro,4,18234.52
Webcam,Periféricos,2025-12-06,Loja São Gonçalo,São Gonçalo,4,17347.26
Tablet,Eletrônicos,2024-03-11,Loja Niterói,Niterói,4,17581.38
Tablet,Eletrônicos,2023-03-18,Loja Petrópolis,Petrópolis,2,3273.58
Roteador,Redes,2025-04-05,Loja Duque,Duque de Caxias,3,943.86
Notebook,Eletrônicos,2024-06-23,Loja Teresópolis,Teresópolis,5,9722.55
HD Externo,Armazenamento,2024-12-17,Loja São Gonçalo,São Gonçalo,2,5970.53
HD Externo,Armazenamento,2023-12-18,Loja Barra,Rio de Janeiro,1,3828.31
HD Externo,Armazenamento,2024-12-21,Loja Norte,Rio de Janeiro,3,6784.57
Headset,Acessórios,2025-11-05,Loja Barra,Rio de Janeiro,3,10207.92
Pendrive,Armazenamento,2025-08-12,Loja Centro,Rio de Janeiro,4,12913.78
Pendrive,Armazenamento,2024-08-28,Loja Duque,Duque de Caxias,1,4259.63
Pendrive,Armazenamento,2025-01-15,Loja Duque,Duque de Caxias,1,2755.74
Tablet,Eletrônicos,2025-12-25,Loja Petrópolis,Petrópolis,4,14478.23
Cadeira Gamer,Móveis,2025-04-04,Loja Petrópolis,Petrópolis,5,10878.84
Cadeira Gamer,Móveis,2023-09-29,Loja Nova Iguaçu,Nova Iguaçu,5,23685.85
Pendrive,Armazenamento,2024-10-23,Loja Centro,Rio de Janeiro,3,1388.18
HD Externo,Armazenamento,2024-05-09,Loja Barra,Rio de Janeiro,1,2305.35
Mesa Escritório,Móveis,2024-09-14,Loja Centro,Rio de Janeiro,1,242.06
Tablet,Eletrônicos,2023-05-13,Loja Centro,Rio de Janeiro,3,5357.04
Roteador,Redes,2023-04-21,Loja Sul,Rio de Janeiro,5,2756.58
HD Externo,Armazenamento,2023-11-25,Loja Barra,Rio de Janeiro,2,1750.97
Mesa Escritório,Móveis,2025-11-12,Loja Norte,Rio de Janeiro,3,13004.83
Cadeira Gamer,Móveis,2025-12-11,Loja Sul,Rio de Janeiro,1,2775.92
Notebook,Eletrônicos,2025-12-10,Loja Norte,Rio de Janeiro,1,3517.25
Impressora,Periféricos,2024-02-21,Loja Barra,Rio de Janeiro,4,386.51
Cadeira Gamer,Móveis,2023-05-28,Loja Teresópolis,Teresópolis,1,2298.36
Tablet,Eletrônicos,2024-08-28,Loja Norte,Rio de Janeiro,4,3242.95
Pendrive,Armazenamento,2024-06-20,Loja Barra,Rio de Janeiro,4,11898.15
Tablet,Eletrônicos,2023-05-06,Loja Petrópolis,Petrópolis,2,9333.22
Cadeira Gamer,Móveis,2024-09-19,Loja Sul,Rio de Janeiro,1,3986.67
Notebook,Eletrônicos,2024-03-18,Loja Petrópolis,Petrópolis,5,13299.56
Headset,Acessórios,2024-06-04,Loja Sul,Rio de Janeiro,2,8889.6
Smartphone,Eletrônicos,2025-05-07,Loja Centro,Rio de Janeiro,4,8844.32
Roteador,Redes,2024-09-14,Loja Nova Iguaçu,Nova Iguaçu,3,5913.27
Smartphone,Eletrônicos,2023-12-21,Loja Teresópolis,Teresópolis,1,116.38
Impressora,Periféricos,2025-06-28,Loja Barra,Rio de Janeiro,5,12716.37
Notebook,Eletrônicos,2024-01-19,Loja Barra,Rio de Janeiro,1,2805.71
Notebook,Eletrônicos,2024-12-19,Loja Duque,Duque de Caxias,5,12233.57
Smartwatch,Eletrônicos,2024-10-25,Loja Sul,Rio de Janeiro,5,16436.36
Tablet,Eletrônicos,2025-11-04,Loja São Gonçalo,São Gonçalo,2,949.36
Smartwatch,Eletrônicos,2025-12-11,Loja Petrópolis,Petrópolis,4,9155.82
Pendrive,Armazenamento,2025-09-15,Loja Teresópolis,Teresópolis,2,6576.88
Impressora,Periféricos,2023-07-23,Loja Centro,Rio de Janeiro,5,24956.29
Impressora,Periféricos,2025-12-13,Loja Teresópolis,Teresópolis,4,6392.27
Impressora,Periféricos,2023-04-15,Loja Teresópolis,Teresópolis,2,5327.67
Roteador,Redes,2024-10-29,Loja Duque,Duque de Caxias,5,22977.55
Smartphone,Eletrônicos,2023-04-11,Loja Niterói,Niterói,4,16126.61
Cadeira Gamer,Móveis,2025-05-23,Loja Duque,Duque de Caxias,5,14404.46
Pendrive,Armazenamento,2024-03-17,Loja Nova Iguaçu,Nova Iguaçu,2,4871.75
Monitor,Eletrônicos,2024-07-22,Loja Centro,Rio de Janeiro,2,9456.71
Impressora,Periféricos,2025-04-17,Loja Norte,Rio de Janeiro,2,9185.81
Roteador,Redes,2025-06-23,Loja Petrópolis,Petrópolis,5,19412.72
Headset,Acessórios,2025-02-27,Loja Centro,Rio de Janeiro,4,1118.78
Cadeira Gamer,Móveis,2025-02-12,Loja Sul,Rio de Janeiro,5,2159.32
Teclado,Acessórios,2024-02-16,Loja Sul,Rio de Janeiro,5,22282.96
Pendrive,Armazenamento,2023-04-17,Loja Sul,Rio de Janeiro,4,5896.83
Teclado,Acessórios,2025-07-22,Loja Norte,Rio de Janeiro,2,8658.96
Roteador,Redes,2025-05-09,Loja Duque,Duque de Caxias,2,2493.47
Roteador,Redes,2025-02-25,Loja Sul,Rio de Janeiro,5,18805.71
Headset,Acessórios,2024-06-21,Loja Nova Iguaçu,Nova Iguaçu,5,24794.23
Webcam,Periféricos,2024-05-06,Loja Norte,Rio de Janeiro,4,10128.54
Notebook,Eletrônicos,2025-12-03,Loja Barra,Rio de Janeiro,5,19557.08
Roteador,Redes,2023-11-26,Loja Barra,Rio de Janeiro,1,4615.01
Pendrive,Armazenamento,2024-03-08,Loja Norte,Rio de Janeiro,2,9153.81
Tablet,Eletrônicos,2023-09-14,Loja Petrópolis,Petrópolis,5,20291.82
Headset,Acessórios,2025-03-19,Loja Duque,Duque de Caxias,5,19212.39
Webcam,Periféricos,2024-07-21,Loja São Gonçalo,São Gonçalo,2,8762.38
Monitor,Eletrônicos,2025-03-08,Loja Centro,Rio de Janeiro,5,6505.96
Impressora,Periféricos,2023-10-14,Loja Sul,Rio de Janeiro,4,15934.33
Webcam,Periféricos,2025-11-12,Loja Norte,Rio de Janeiro,5,12850.56
Monitor,Eletrônicos,2025-03-05,Loja Petrópolis,Petrópolis,3,1745.1
Notebook,Eletrônicos,2023-11-23,Loja Barra,Rio de Janeiro,3,8297.22
Pendrive,Armazenamento,2023-03-14,Loja Teresópolis,Teresópolis,2,1189.18
HD Externo,Armazenamento,2023-10-01,Loja Nova Iguaçu,Nova Iguaçu,3,288.26
Roteador,Redes,2023-05-04,Loja Duque,Duque de Caxias,2,5484.39
Pendrive,Armazenamento,2025-06-17,Loja Petrópolis,Petrópolis,2,7561.44
Smartphone,Eletrônicos,2025-04-11,Loja Nova Iguaçu,Nova Iguaçu,4,10732.27
Tablet,Eletrônicos,2025-09-24,Loja Niterói,Niterói,3,7279.6
Pendrive,Armazenamento,2025-12-24,Loja Teresópolis,Teresópolis,4,17097.24
Notebook,Eletrônicos,2024-01-30,Loja Norte,Rio de Janeiro,2,4009.96
Notebook,Eletrônicos,2024-09-14,Loja Barra,Rio de Janeiro,2,7231.69
Roteador,Redes,2023-05-19,Loja Petrópolis,Petrópolis,3,2977.64
Monitor,Eletrônicos,2023-07-24,Loja São Gonçalo,São Gonçalo,5,4989.37
Smartphone,Eletrônicos,2025-08-31,Loja Barra,Rio de Janeiro,2,3275.05
Teclado,Acessórios,2025-12-23,Loja Norte,Rio de Janeiro,2,4358.74
Smartphone,Eletrônicos,2025-07-14,Loja Centro,Rio de Janeiro,5,2590.27
Notebook,Eletrônicos,2023-08-27,Loja Centro,Rio de Janeiro,1,2873.05
Mesa Escritório,Móveis,2023-12-23,Loja Centro,Rio de Janeiro,1,2545.15
Notebook,Eletrônicos,2024-03-08,Loja Nova Iguaçu,Nova Iguaçu,1,1738.05
Webcam,Periféricos,2025-03-03,Loja São Gonçalo,São Gonçalo,1,845.53
Mesa Escritório,Móveis,2023-02-18,Loja Sul,Rio de Janeiro,3,7388.9
Roteador,Redes,2025-10-22,Loja Norte,Rio de Janeiro,1,688.73
Smartwatch,Eletrônicos,2025-04-23,Loja Barra,Rio de Janeiro,4,18291.8
Headset,Acessórios,2025-08-21,Loja Petrópolis,Petrópolis,1,204.51
HD Externo,Armazenamento,2024-02-21,Loja Teresópolis,Teresópolis,3,5534.36
Monitor,Eletrônicos,2024-09-28,Loja Nova Iguaçu,Nova Iguaçu,2,4483.09
Webcam,Periféricos,2024-08-23,Loja Petrópolis,Petrópolis,4,14116.76
HD Externo,Armazenamento,2024-06-22,Loja Sul,Rio de Janeiro,2,6649.75
Pendrive,Armazenamento,2023-08-25,Loja Petrópolis,Petrópolis,3,7849.62
HD Externo,Armazenamento,2024-10-08,Loja Niterói,Niterói,4,5516.3
Impressora,Periféricos,2023-04-22,Loja Petrópolis,Petrópolis,4,8046.29
Monitor,Eletrônicos,2024-01-18,Loja Duque,Duque de Caxias,1,2587.25
HD Externo,Armazenamento,2023-04-27,Loja Sul,Rio de Janeiro,3,11693.39
Tablet,Eletrônicos,2025-03-24,Loja Niterói,Niterói,1,116.91
Mouse,Acessórios,2023-05-27,Loja Teresópolis,Teresópolis,2,1843.22
Mesa Escritório,Móveis,2024-01-10,Loja São Gonçalo,São Gonçalo,2,2418.57
Smartwatch,Eletrônicos,2025-05-17,Loja Centro,Rio de Janeiro,3,12766.56
Notebook,Eletrônicos,2024-04-05,Loja Nova Iguaçu,Nova Iguaçu,3,2957.8
Tablet,Eletrônicos,2023-12-30,Loja Norte,Rio de Janeiro,3,6424.71
Roteador,Redes,2023-12-03,Loja Petrópolis,Petrópolis,3,5537.09
Roteador,Redes,2023-01-07,Loja Sul,Rio de Janeiro,1,3435.19
Monitor,Eletrônicos,2024-07-26,Loja Nova Iguaçu,Nova Iguaçu,2,6905.62
Tablet,Eletrônicos,2025-02-04,Loja Centro,Rio de Janeiro,5,4783.45
HD Externo,Armazenamento,2024-09-10,Loja Niterói,Niterói,3,2059.41
Mesa Escritório,Móveis,2025-04-20,Loja São Gonçalo,São Gonçalo,2,6297.24
Smartwatch,Eletrônicos,2024-07-19,Loja Duque,Duque de Caxias,5,14730.68
Tablet,Eletrônicos,2025-04-05,Loja Barra,Rio de Janeiro,1,3005.73
Mesa Escritório,Móveis,2023-11-07,Loja Barra,Rio de Janeiro,5,6540.15
Mouse,Acessórios,2023-02-21,Loja Sul,Rio de Janeiro,2,8653.15
Headset,Acessórios,2023-10-27,Loja Centro,Rio de Janeiro,2,6200.92
Pendrive,Armazenamento,2025-12-27,Loja Niterói,Niterói,2,6566.05
Teclado,Acessórios,2024-08-13,Loja Sul,Rio de Janeiro,1,3684.43
Mesa Escritório,Móveis,2023-07-03,Loja Teresópolis,Teresópolis,2,2239.65
Mouse,Acessórios,2024-04-23,Loja Teresópolis,Teresópolis,3,492.25
Headset,Acessórios,2024-04-11,Loja Sul,Rio de Janeiro,5,384.73
Teclado,Acessórios,2024-01-23,Loja Teresópolis,Teresópolis,1,714.3
Tablet,Eletrônicos,2023-06-25,Loja Centro,Rio de Janeiro,3,12659.21
Cadeira Gamer,Móveis,2024-03-27,Loja Duque,Duque de Caxias,5,20880.96
Pendrive,Armazenamento,2023-02-10,Loja Niterói,Niterói,2,2751.95
Webcam,Periféricos,2024-06-24,Loja Petrópolis,Petrópolis,4,19677.89
Teclado,Acessórios,2025-02-28,Loja São Gonçalo,São Gonçalo,1,4573.38
HD Externo,Armazenamento,2023-11-29,Loja Centro,Rio de Janeiro,1,4180.42
Headset,Acessórios,2025-03-07,Loja São Gonçalo,São Gonçalo,5,1199.51
Pendrive,Armazenamento,2024-07-11,Loja Petrópolis,Petrópolis,1,2510.98
Mesa Escritório,Móveis,2023-03-15,Loja Nova Iguaçu,Nova Iguaçu,1,4364.18
Headset,Acessórios,2024-07-17,Loja Norte,Rio de Janeiro,2,7282.23
Headset,Acessórios,2025-09-18,Loja Duque,Duque de Caxias,5,17046.84
Notebook,Eletrônicos,2023-03-08,Loja Nova Iguaçu,Nova Iguaçu,5,20235.08
Webcam,Periféricos,2024-05-07,Loja São Gonçalo,São Gonçalo,5,4463.91
Smartwatch,Eletrônicos,2023-11-08,Loja Norte,Rio de Janeiro,5,2046.23
Mouse,Acessórios,2024-03-31,Loja Centro,Rio de Janeiro,4,10225.74
Mouse,Acessórios,2023-05-01,Loja Centro,Rio de Janeiro,5,19861.67
Mesa Escritório,Móveis,2025-06-15,Loja Teresópolis,Teresópolis,4,5221.59
Mesa Escritório,Móveis,2023-10-16,Loja Centro,Rio de Janeiro,4,4642.51
Roteador,Redes,2025-12-21,Loja Duque,Duque de Caxias,4,11075.52
Notebook,Eletrônicos,2025-04-20,Loja Teresópolis,Teresópolis,3,4970.44
Mesa Escritório,Móveis,2023-04-16,Loja Petrópolis,Petrópolis,3,14392.82
Smartphone,Eletrônicos,2024-04-25,Loja Sul,Rio de Janeiro,2,5521.4
Roteador,Redes,2024-12-11,Loja Norte,Rio de Janeiro,5,3201.97
Pendrive,Armazenamento,2023-07-22,Loja São Gonçalo,São Gonçalo,1,4210.19
Mouse,Acessórios,2024-01-19,Loja Duque,Duque de Caxias,4,16569.5
Mouse,Acessórios,2024-04-17,Loja Petrópolis,Petrópolis,1,353.02
HD Externo,Armazenamento,2024-05-04,Loja Barra,Rio de Janeiro,5,1405.45
Smartwatch,Eletrônicos,2024-04-30,Loja Petrópolis,Petrópolis,4,16626.95
Headset,Acessórios,2023-11-03,Loja Duque,Duque de Caxias,2,4148.38
Teclado,Acessórios,2025-09-03,Loja Nova Iguaçu,Nova Iguaçu,5,11377.57
Notebook,Eletrônicos,2025-05-03,Loja Barra,Rio de Janeiro,2,8233.2
HD Externo,Armazenamento,2025-11-26,Loja Sul,Rio de Janeiro,1,1498.72
Roteador,Redes,2023-06-15,Loja Nova Iguaçu,Nova Iguaçu,4,946.41
Headset,Acessórios,2025-09-06,Loja Barra,Rio de Janeiro,1,3744.25
HD Externo,Armazenamento,2024-04-19,Loja Barra,Rio de Janeiro,4,14344.87
Tablet,Eletrônicos,2023-04-07,Loja Barra,Rio de Janeiro,3,6005.97
Cadeira Gamer,Móveis,2024-04-01,Loja Petrópolis,Petrópolis,3,8088.13
Cadeira Gamer,Móveis,2023-07-27,Loja Nova Iguaçu,Nova Iguaçu,2,8263.8
Notebook,Eletrônicos,2023-07-23,Loja Centro,Rio de Janeiro,1,4207.99
Tablet,Eletrônicos,2024-11-19,Loja Norte,Rio de Janeiro,2,8880.73
Monitor,Eletrônicos,2024-01-22,Loja Nova Iguaçu,Nova Iguaçu,2,9974.49
Mouse,Acessórios,2024-11-10,Loja Duque,Duque de Caxias,3,2773.73
Mouse,Acessórios,2024-09-14,Loja Centro,Rio de Janeiro,2,8422.26
Impressora,Periféricos,2025-01-16,Loja São Gonçalo,São Gonçalo,5,4676.32
Cadeira Gamer,Móveis,2025-03-30,Loja São Gonçalo,São Gonçalo,5,8183.27
Notebook,Eletrônicos,2023-12-11,Loja Niterói,Niterói,5,21560.58
Mouse,Acessórios,2023-02-02,Loja Petrópolis,Petrópolis,1,3421.2
Webcam,Periféricos,2024-05-03,Loja Petrópolis,Petrópolis,2,9021.66
Impressora,Periféricos,2025-11-06,Loja Barra,Rio de Janeiro,2,8875.05
Mouse,Acessórios,2025-11-12,Loja Sul,Rio de Janeiro,2,6270.81
Impressora,Periféricos,2024-04-17,Loja São Gonçalo,São Gonçalo,5,8484.08
Smartphone,Eletrônicos,2023-11-13,Loja Duque,Duque de Caxias,1,2597.13
Teclado,Acessórios,2023-09-15,Loja Centro,Rio de Janeiro,2,1559.78
Monitor,Eletrônicos,2025-12-18,Loja Nova Iguaçu,Nova Iguaçu,1,3778.9
Teclado,Acessórios,2023-04-05,Loja Niterói,Niterói,5,4121.57
HD Externo,Armazenamento,2024-12-28,Loja Duque,Duque de Caxias,5,7650.56
HD Externo,Armazenamento,2023-03-30,Loja Petrópolis,Petrópolis,3,9695.61
Smartphone,Eletrônicos,2025-06-30,Loja Teresópolis,Teresópolis,5,8722.77
Roteador,Redes,2024-03-02,Loja Nova Iguaçu,Nova Iguaçu,2,5224.54
Mesa Escritório,Móveis,2024-02-19,Loja Teresópolis,Teresópolis,1,4825.22
Roteador,Redes,2025-09-09,Loja Centro,Rio de Janeiro,3,2710.83
Teclado,Acessórios,2025-11-04,Loja Sul,Rio de Janeiro,3,1540.81
Impressora,Periféricos,2024-03-02,Loja Norte,Rio de Janeiro,1,3123.05
Webcam,Periféricos,2023-11-26,Loja Centro,Rio de Janeiro,4,17645.88
Headset,Acessórios,2023-10-19,Loja Sul,Rio de Janeiro,3,14049.51
Cadeira Gamer,Móveis,2023-03-31,Loja Sul,Rio de Janeiro,4,5440.06
Roteador,Redes,2024-05-31,Loja Centro,Rio de Janeiro,5,1080.26
Impressora,Periféricos,2023-12-05,Loja Nova Iguaçu,Nova Iguaçu,4,9694.48
Pendrive,Armazenamento,2025-12-12,Loja Petrópolis,Petrópolis,5,9327.11
Smartwatch,Eletrônicos,2024-09-15,Loja São Gonçalo,São Gonçalo,5,3828.35
Monitor,Eletrônicos,2023-01-19,Loja Teresópolis,Teresópolis,1,76.48
Monitor,Eletrônicos,2024-07-05,Loja Norte,Rio de Janeiro,3,10656.9
Headset,Acessórios,2025-06-16,Loja Nova Iguaçu,Nova Iguaçu,5,22886.76
Tablet,Eletrônicos,2024-06-23,Loja Sul,Rio de Janeiro,4,3445.85
Mesa Escritório,Móveis,2023-06-28,Loja Nova Iguaçu,Nova Iguaçu,2,6034.36
Cadeira Gamer,Móveis,2024-05-06,Loja Barra,Rio de Janeiro,5,7740.35
Notebook,Eletrônicos,2024-10-10,Loja Barra,Rio de Janeiro,4,2738.12
Smartwatch,Eletrônicos,2023-06-19,Loja São Gonçalo,São Gonçalo,5,16824.68
Cadeira Gamer,Móveis,2025-12-29,Loja Norte,Rio de Janeiro,2,2044.77
Pendrive,Armazenamento,2025-03-21,Loja Nova Iguaçu,Nova Iguaçu,4,17360.49
Impressora,Periféricos,2024-03-09,Loja Centro,Rio de Janeiro,3,1678.75
Pendrive,Armazenamento,2025-04-09,Loja Duque,Duque de Caxias,5,21483.45
Roteador,Redes,2025-01-31,Loja Niterói,Niterói,3,532.27
Headset,Acessórios,2024-11-05,Loja Niterói,Niterói,5,13075.9
Smartphone,Eletrônicos,2023-08-16,Loja São Gonçalo,São Gonçalo,1,3210.35
Pendrive,Armazenamento,2023-10-29,Loja Nova Iguaçu,Nova Iguaçu,5,853.68
Notebook,Eletrônicos,2024-03-19,Loja Sul,Rio de Janeiro,1,2172.99
Headset,Acessórios,2025-01-08,Loja Barra,Rio de Janeiro,4,18749.7
Impressora,Periféricos,2025-09-09,Loja Petrópolis,Petrópolis,1,237.21
Webcam,Periféricos,2025-01-15,Loja Niterói,Niterói,5,8129.21
Mouse,Acessórios,2025-03-08,Loja Niterói,Niterói,2,2643.83
Headset,Acessórios,2025-01-12,Loja Teresópolis,Teresópolis,1,3094.7
Smartphone,Eletrônicos,2023-08-05,Loja Centro,Rio de Janeiro,5,14769.5
Smartphone,Eletrônicos,2025-07-23,Loja Centro,Rio de Janeiro,5,1991.61
Pendrive,Armazenamento,2025-01-07,Loja Norte,Rio de Janeiro,2,5611.65
Headset,Acessórios,2023-09-24,Loja Sul,Rio de Janeiro,5,11062.29
Teclado,Acessórios,2023-06-09,Loja Petrópolis,Petrópolis,4,8386.62
Teclado,Acessórios,2025-10-09,Loja São Gonçalo,São Gonçalo,1,1076.97
Monitor,Eletrônicos,2024-01-17,Loja Centro,Rio de Janeiro,1,2863.18
Mesa Escritório,Móveis,2025-06-16,Loja Sul,Rio de Janeiro,5,15459.89
Headset,Acessórios,2024-01-26,Loja São Gonçalo,São Gonçalo,5,587.59
HD Externo,Armazenamento,2023-08-21,Loja Teresópolis,Teresópolis,4,6055.91
Tablet,Eletrônicos,2024-12-06,Loja Niterói,Niterói,2,4164.18
Roteador,Redes,2024-05-05,Loja Nova Iguaçu,Nova Iguaçu,3,6229.43
Pendrive,Armazenamento,2024-03-03,Loja Teresópolis,Teresópolis,1,1616.06
Smartwatch,Eletrônicos,2025-05-31,Loja Teresópolis,Teresópolis,2,9845.98
Cadeira Gamer,Móveis,2024-09-17,Loja Duque,Duque de Caxias,3,11274.99
Webcam,Periféricos,2025-07-01,Loja Sul,Rio de Janeiro,2,8725.52
Roteador,Redes,2024-01-03,Loja Norte,Rio de Janeiro,4,4640.61
Cadeira Gamer,Móveis,2025-06-20,Loja Barra,Rio de Janeiro,2,4626.58
Notebook,Eletrônicos,2024-04-27,Loja Nova Iguaçu,Nova Iguaçu,5,20610.54
Pendrive,Armazenamento,2025-05-28,Loja Norte,Rio de Janeiro,5,10153.84
Notebook,Eletrônicos,2025-01-28,Loja Petrópolis,Petrópolis,3,6706.78
Monitor,Eletrônicos,2024-01-16,Loja Sul,Rio de Janeiro,1,2025.59
Mouse,Acessórios,2025-09-28,Loja Barra,Rio de Janeiro,1,1144.68
Impressora,Periféricos,2023-11-29,Loja Duque,Duque de Caxias,4,1084.29
Roteador,Redes,2024-05-17,Loja Nova Iguaçu,Nova Iguaçu,4,9945.88
Tablet,Eletrônicos,2025-11-27,Loja Nova Iguaçu,Nova Iguaçu,3,8131.78
Notebook,Eletrônicos,2023-01-01,Loja Duque,Duque de Caxias,1,1261.76
Roteador,Redes,2024-03-04,Loja Teresópolis,Teresópolis,3,9707.11
Monitor,Eletrônicos,2024-01-31,Loja Centro,Rio de Janeiro,4,6456.89
Notebook,Eletrônicos,2025-12-26,Loja Barra,Rio de Janeiro,1,573.71
Mouse,Acessórios,2024-04-12,Loja Nova Iguaçu,Nova Iguaçu,4,15431.16
Roteador,Redes,2025-06-20,Loja Nova Iguaçu,Nova Iguaçu,1,653.35
Pendrive,Armazenamento,2024-04-08,Loja São Gonçalo,São Gonçalo,2,6513.44
Cadeira Gamer,Móveis,2025-07-01,Loja Centro,Rio de Janeiro,1,4526.69
Roteador,Redes,2024-11-06,Loja Teresópolis,Teresópolis,3,1089.45
Pendrive,Armazenamento,2024-07-03,Loja Nova Iguaçu,Nova Iguaçu,3,12422.84
Smartphone,Eletrônicos,2024-04-22,Loja Duque,Duque de Caxias,3,723.08
Impressora,Periféricos,2025-01-25,Loja Barra,Rio de Janeiro,4,17978.38
Smartwatch,Eletrônicos,2023-02-24,Loja Niterói,Niterói,5,17286.19
Roteador,Redes,2025-09-13,Loja Teresópolis,Teresópolis,3,3999.35
Headset,Acessórios,2023-10-26,Loja Teresópolis,Teresópolis,5,8962.41
Cadeira Gamer,Móveis,2023-10-24,Loja Niterói,Niterói,2,2778.17
Monitor,Eletrônicos,2023-08-09,Loja Niterói,Niterói,3,10371.15
Webcam,Periféricos,2023-11-16,Loja Barra,Rio de Janeiro,2,3298.4
Roteador,Redes,2023-03-02,Loja Sul,Rio de Janeiro,5,3640.31
HD Externo,Armazenamento,2024-10-22,Loja São Gonçalo,São Gonçalo,4,12249.95
Smartphone,Eletrônicos,2023-07-13,Loja Petrópolis,Petrópolis,2,6311.23
Headset,Acessórios,2025-05-04,Loja Barra,Rio de Janeiro,1,3541.27
Cadeira Gamer,Móveis,2023-08-09,Loja Norte,Rio de Janeiro,1,4616.73
Cadeira Gamer,Móveis,2025-03-26,Loja Duque,Duque de Caxias,4,5295.84
Webcam,Periféricos,2024-05-19,Loja Norte,Rio de Janeiro,4,16892.13
Teclado,Acessórios,2025-10-10,Loja Sul,Rio de Janeiro,2,8052.31
Monitor,Eletrônicos,2024-05-06,Loja Teresópolis,Teresópolis,5,5353.38
Impressora,Periféricos,2024-02-20,Loja Sul,Rio de Janeiro,4,11865.3
Cadeira Gamer,Móveis,2023-06-11,Loja Barra,Rio de Janeiro,5,514.14
Roteador,Redes,2025-12-30,Loja Nova Iguaçu,Nova Iguaçu,3,5399.14
Smartphone,Eletrônicos,2024-04-17,Loja Sul,Rio de Janeiro,5,2699.47
Smartphone,Eletrônicos,2025-05-28,Loja Nova Iguaçu,Nova Iguaçu,2,5381.44
Impressora,Periféricos,2024-03-24,Loja Centro,Rio de Janeiro,2,505.68
Pendrive,Armazenamento,2024-05-22,Loja Sul,Rio de Janeiro,1,548.73
Pendrive,Armazenamento,2025-06-09,Loja Sul,Rio de Janeiro,1,608.34
Cadeira Gamer,Móveis,2023-05-13,Loja Centro,Rio de Janeiro,1,1672.47
Impressora,Periféricos,2024-05-30,Loja Duque,Duque de Caxias,3,14080.1
Webcam,Periféricos,2024-07-31,Loja Petrópolis,Petrópolis,3,3685.57
Notebook,Eletrônicos,2025-01-31,Loja Barra,Rio de Janeiro,2,1386.0
Notebook,Eletrônicos,2023-11-15,Loja Teresópolis,Teresópolis,1,1287.3
Smartphone,Eletrônicos,2025-02-21,Loja Teresópolis,Teresópolis,2,4911.97
Impressora,Periféricos,2023-10-19,Loja Centro,Rio de Janeiro,1,3431.19
Headset,Acessórios,2023-03-15,Loja Centro,Rio de Janeiro,4,4946.24
Roteador,Redes,2024-02-14,Loja Barra,Rio de Janeiro,3,4904.77
Headset,Acessórios,2023-03-15,Loja Barra,Rio de Janeiro,5,18768.78
Pendrive,Armazenamento,2025-03-30,Loja Centro,Rio de Janeiro,3,12139.08
Smartwatch,Eletrônicos,2025-01-16,Loja Petrópolis,Petrópolis,4,18230.73
Mesa Escritório,Móveis,2023-11-09,Loja Sul,Rio de Janeiro,2,2054.99
Mesa Escritório,Móveis,2025-03-28,Loja Niterói,Niterói,2,3121.62
Tablet,Eletrônicos,2024-04-09,Loja Teresópolis,Teresópolis,4,5753.17
Impressora,Periféricos,2025-10-16,Loja Petrópolis,Petrópolis,3,2699.89
Cadeira Gamer,Móveis,2024-08-19,Loja Norte,Rio de Janeiro,3,14776.51
Teclado,Acessórios,2025-09-18,Loja Petrópolis,Petrópolis,5,6742.05
Cadeira Gamer,Móveis,2024-01-28,Loja Barra,Rio de Janeiro,4,12249.72
Mouse,Acessórios,2025-10-20,Loja Niterói,Niterói,5,7936.78
Roteador,Redes,2023-04-03,Loja Petrópolis,Petrópolis,3,4425.01
Mesa Escritório,Móveis,2023-11-03,Loja Teresópolis,Teresópolis,2,3801.99
Notebook,Eletrônicos,2024-03-29,Loja Niterói,Niterói,3,13827.88
Pendrive,Armazenamento,2023-07-06,Loja Petrópolis,Petrópolis,3,10132.18
Teclado,Acessórios,2024-09-26,Loja Nova Iguaçu,Nova Iguaçu,3,2841.57
Mesa Escritório,Móveis,2024-08-04,Loja Norte,Rio de Janeiro,3,10216.74
Tablet,Eletrônicos,2023-01-19,Loja Niterói,Niterói,2,4964.93
Notebook,Eletrônicos,2023-06-24,Loja Petrópolis,Petrópolis,3,1756.32
Roteador,Redes,2024-08-02,Loja Centro,Rio de Janeiro,4,16090.7
Webcam,Periféricos,2025-04-02,Loja Sul,Rio de Janeiro,4,18212.59
Notebook,Eletrônicos,2024-07-16,Loja Nova Iguaçu,Nova Iguaçu,3,748.83
Cadeira Gamer,Móveis,2023-09-06,Loja Duque,Duque de Caxias,3,1174.5
Mouse,Acessórios,2025-04-03,Loja Teresópolis,Teresópolis,4,3155.51
Impressora,Periféricos,2023-05-02,Loja Centro,Rio de Janeiro,4,7423.4
Smartwatch,Eletrônicos,2025-01-22,Loja São Gonçalo,São Gonçalo,5,7417.17
Webcam,Periféricos,2025-06-09,Loja São Gonçalo,São Gonçalo,3,13973.84
Mouse,Acessórios,2025-01-10,Loja Teresópolis,Teresópolis,2,2625.36
Notebook,Eletrônicos,2025-11-23,Loja Petrópolis,Petrópolis,2,8127.2
Impressora,Periféricos,2024-02-17,Loja Nova Iguaçu,Nova Iguaçu,4,14685.77
Teclado,Acessórios,2024-12-23,Loja Teresópolis,Teresópolis,2,9788.68
Mouse,Acessórios,2024-07-23,Loja Teresópolis,Teresópolis,5,5016.4
Impressora,Periféricos,2023-09-28,Loja Sul,Rio de Janeiro,1,882.89
Cadeira Gamer,Móveis,2023-02-28,Loja Teresópolis,Teresópolis,3,11457.66
Tablet,Eletrônicos,2024-12-19,Loja São Gonçalo,São Gonçalo,5,13287.29
Roteador,Redes,2023-02-28,Loja Niterói,Niterói,5,2768.42
Monitor,Eletrônicos,2024-08-15,Loja Norte,Rio de Janeiro,2,6805.68
Webcam,Periféricos,2025-06-27,Loja Norte,Rio de Janeiro,5,9157.87
Mouse,Acessórios,2025-03-13,Loja Niterói,Niterói,4,15858.82
Smartwatch,Eletrônicos,2025-06-08,Loja Norte,Rio de Janeiro,4,5094.66
Mesa Escritório,Móveis,2023-09-30,Loja Nova Iguaçu,Nova Iguaçu,1,1671.89
Mouse,Acessórios,2024-09-29,Loja Nova Iguaçu,Nova Iguaçu,3,11412.29
Pendrive,Armazenamento,2024-03-22,Loja Sul,Rio de Janeiro,2,6605.48
Teclado,Acessórios,2025-11-18,Loja Niterói,Niterói,2,8868.45
Teclado,Acessórios,2023-04-05,Loja Teresópolis,Teresópolis,1,2020.53
Notebook,Eletrônicos,2025-07-29,Loja Norte,Rio de Janeiro,1,174.44
Headset,Acessórios,2024-10-07,Loja Duque,Duque de Caxias,2,7988.8
Roteador,Redes,2023-09-12,Loja Teresópolis,Teresópolis,5,24243.62
Smartphone,Eletrônicos,2023-04-02,Loja Barra,Rio de Janeiro,5,13141.63
Smartwatch,Eletrônicos,2025-05-16,Loja Teresópolis,Teresópolis,5,16199.47
Smartphone,Eletrônicos,2023-05-17,Loja Norte,Rio de Janeiro,5,1248.17
Smartwatch,Eletrônicos,2023-08-31,Loja São Gonçalo,São Gonçalo,3,11410.79
Headset,Acessórios,2023-12-09,Loja Sul,Rio de Janeiro,2,9860.63
Mesa Escritório,Móveis,2023-05-26,Loja Teresópolis,Teresópolis,3,6026.81
Impressora,Periféricos,2023-11-07,Loja Sul,Rio de Janeiro,1,3746.38
Smartwatch,Eletrônicos,2024-01-17,Loja Barra,Rio de Janeiro,1,2234.09
HD Externo,Armazenamento,2023-12-05,Loja Niterói,Niterói,5,3367.03
Smartwatch,Eletrônicos,2023-02-09,Loja Niterói,Niterói,5,20126.12
Roteador,Redes,2024-12-01,Loja Teresópolis,Teresópolis,4,18831.12
Tablet,Eletrônicos,2023-12-07,Loja Centro,Rio de Janeiro,1,2900.14
Smartwatch,Eletrônicos,2024-12-30,Loja Duque,Duque de Caxias,5,22025.31
Pendrive,Armazenamento,2023-04-18,Loja São Gonçalo,São Gonçalo,2,6501.55
HD Externo,Armazenamento,2023-09-13,Loja Barra,Rio de Janeiro,1,1026.7
Monitor,Eletrônicos,2023-08-23,Loja Sul,Rio de Janeiro,1,2677.75
Monitor,Eletrônicos,2025-11-13,Loja Petrópolis,Petrópolis,1,1840.76
Monitor,Eletrônicos,2023-08-01,Loja Niterói,Niterói,4,15319.49
Monitor,Eletrônicos,2023-12-14,Loja Petrópolis,Petrópolis,1,3110.81
Monitor,Eletrônicos,2023-11-04,Loja Sul,Rio de Janeiro,1,3730.54
Headset,Acessórios,2023-06-07,Loja Norte,Rio de Janeiro,2,1790.53
Tablet,Eletrônicos,2023-08-15,Loja Nova Iguaçu,Nova Iguaçu,3,7796.67
Roteador,Redes,2024-01-06,Loja Nova Iguaçu,Nova Iguaçu,4,16627.44
Pendrive,Armazenamento,2023-06-21,Loja São Gonçalo,São Gonçalo,4,6798.19
Cadeira Gamer,Móveis,2023-08-26,Loja Sul,Rio de Janeiro,5,2468.39
Headset,Acessórios,2025-01-09,Loja Sul,Rio de Janeiro,3,11854.17
Tablet,Eletrônicos,2025-05-19,Loja Barra,Rio de Janeiro,3,4240.55
Pendrive,Armazenamento,2024-03-13,Loja Niterói,Niterói,2,8514.88
Roteador,Redes,2023-01-14,Loja Teresópolis,Teresópolis,5,5429.87
Impressora,Periféricos,2024-07-18,Loja Niterói,Niterói,2,5146.26
Monitor,Eletrônicos,2025-01-24,Loja Centro,Rio de Janeiro,4,7135.39
Impressora,Periféricos,2025-10-28,Loja Teresópolis,Teresópolis,3,11446.47
Headset,Acessórios,2024-08-30,Loja Niterói,Niterói,2,214.11
Tablet,Eletrônicos,2024-04-28,Loja Teresópolis,Teresópolis,3,10514.88
Roteador,Redes,2023-01-11,Loja Centro,Rio de Janeiro,5,1835.08
Webcam,Periféricos,2024-06-23,Loja Nova Iguaçu,Nova Iguaçu,5,11389.86
Pendrive,Armazenamento,2023-07-26,Loja Barra,Rio de Janeiro,3,3221.53
Cadeira Gamer,Móveis,2023-08-22,Loja Petrópolis,Petrópolis,5,14795.33
Notebook,Eletrônicos,2023-06-25,Loja Nova Iguaçu,Nova Iguaçu,1,3939.05
Impressora,Periféricos,2024-03-15,Loja Nova Iguaçu,Nova Iguaçu,1,1029.23
Webcam,Periféricos,2024-10-17,Loja Centro,Rio de Janeiro,5,24064.1
Pendrive,Armazenamento,2024-05-17,Loja Nova Iguaçu,Nova Iguaçu,3,14306.8
Mouse,Acessórios,2023-06-04,Loja Duque,Duque de Caxias,3,376.68
Notebook,Eletrônicos,2025-02-22,Loja Norte,Rio de Janeiro,4,1237.63
Webcam,Periféricos,2025-10-14,Loja Teresópolis,Teresópolis,5,4102.29
Roteador,Redes,2025-03-23,Loja São Gonçalo,São Gonçalo,5,2982.64
Webcam,Periféricos,2024-06-08,Loja Barra,Rio de Janeiro,3,11521.59
Impressora,Periféricos,2024-05-03,Loja Nova Iguaçu,Nova Iguaçu,2,1894.06
Teclado,Acessórios,2025-09-03,Loja Nova Iguaçu,Nova Iguaçu,5,23479.81
Tablet,Eletrônicos,2024-11-04,Loja Centro,Rio de Janeiro,4,8645.6
Notebook,Eletrônicos,2023-09-16,Loja Duque,Duque de Caxias,4,11171.75
Pendrive,Armazenamento,2025-08-27,Loja São Gonçalo,São Gonçalo,5,17348.62
Monitor,Eletrônicos,2024-02-12,Loja Centro,Rio de Janeiro,5,23092.52
Headset,Acessórios,2024-10-12,Loja Norte,Rio de Janeiro,2,579.12
Smartwatch,Eletrônicos,2025-04-29,Loja Petrópolis,Petrópolis,3,6941.15
Mouse,Acessórios,2025-04-23,Loja Sul,Rio de Janeiro,5,16618.67
Impressora,Periféricos,2025-10-28,Loja Teresópolis,Teresópolis,1,2672.98
Mouse,Acessórios,2025-11-14,Loja Niterói,Niterói,5,9902.9
Tablet,Eletrônicos,2023-10-20,Loja Petrópolis,Petrópolis,1,803.26
Smartwatch,Eletrônicos,2024-08-18,Loja Barra,Rio de Janeiro,2,8793.34
Webcam,Periféricos,2024-12-09,Loja Barra,Rio de Janeiro,3,8983.27
Teclado,Acessórios,2025-09-02,Loja São Gonçalo,São Gonçalo,4,16090.78
Impressora,Periféricos,2023-09-28,Loja Centro,Rio de Janeiro,2,6827.56
Pendrive,Armazenamento,2024-07-28,Loja Teresópolis,Teresópolis,4,15486.23
Roteador,Redes,2023-11-05,Loja Petrópolis,Petrópolis,4,17968.9
Mouse,Acessórios,2025-05-24,Loja Petrópolis,Petrópolis,3,8199.2
Mesa Escritório,Móveis,2023-07-16,Loja Barra,Rio de Janeiro,5,11341.98
Cadeira Gamer,Móveis,2025-09-16,Loja Petrópolis,Petrópolis,4,4133.28
HD Externo,Armazenamento,2023-08-30,Loja Sul,Rio de Janeiro,5,6883.28
Mouse,Acessórios,2024-09-11,Loja Norte,Rio de Janeiro,5,7525.54
Smartwatch,Eletrônicos,2024-08-16,Loja Teresópolis,Teresópolis,3,4793.34
Teclado,Acessórios,2023-03-04,Loja Centro,Rio de Janeiro,2,7651.71
Mouse,Acessórios,2024-12-23,Loja Sul,Rio de Janeiro,4,388.87
Teclado,Acessórios,2025-12-04,Loja Nova Iguaçu,Nova Iguaçu,3,278.74
Tablet,Eletrônicos,2025-12-24,Loja Niterói,Niterói,3,170.13
Mouse,Acessórios,2025-11-19,Loja Teresópolis,Teresópolis,2,8806.03
Cadeira Gamer,Móveis,2024-02-03,Loja São Gonçalo,São Gonçalo,3,3860.53
Cadeira Gamer,Móveis,2024-10-21,Loja Teresópolis,Teresópolis,1,2119.75
Mouse,Acessórios,2024-10-02,Loja Niterói,Niterói,2,1150.31
HD Externo,Armazenamento,2024-04-30,Loja Nova Iguaçu,Nova Iguaçu,4,15228.76
Roteador,Redes,2024-01-20,Loja Niterói,Niterói,4,3763.99
Cadeira Gamer,Móveis,2024-07-17,Loja Sul,Rio de Janeiro,4,12168.88
Roteador,Redes,2025-04-07,Loja Petrópolis,Petrópolis,2,2906.27
Headset,Acessórios,2023-04-21,Loja São Gonçalo,São Gonçalo,2,2292.79
Notebook,Eletrônicos,2025-03-13,Loja São Gonçalo,São Gonçalo,3,8402.22
Headset,Acessórios,2024-04-19,Loja Teresópolis,Teresópolis,3,9123.25
Tablet,Eletrônicos,2023-05-12,Loja Nova Iguaçu,Nova Iguaçu,5,13948.88
Notebook,Eletrônicos,2023-10-20,Loja Norte,Rio de Janeiro,1,3607.09
Smartwatch,Eletrônicos,2023-02-13,Loja Niterói,Niterói,3,14416.81
Smartwatch,Eletrônicos,2023-06-11,Loja Norte,Rio de Janeiro,1,2272.11
Teclado,Acessórios,2024-04-18,Loja Duque,Duque de Caxias,2,8816.18
Headset,Acessórios,2023-10-02,Loja Sul,Rio de Janeiro,3,13497.41
Headset,Acessórios,2024-06-05,Loja Nova Iguaçu,Nova Iguaçu,3,10649.41
Pendrive,Armazenamento,2024-06-18,Loja Duque,Duque de Caxias,2,8126.23
Smartwatch,Eletrônicos,2023-06-24,Loja Teresópolis,Teresópolis,4,11008.87
Headset,Acessórios,2023-02-24,Loja Duque,Duque de Caxias,2,5980.01
Notebook,Eletrônicos,2024-08-21,Loja Sul,Rio de Janeiro,4,19978.21
Tablet,Eletrônicos,2025-08-07,Loja Centro,Rio de Janeiro,2,5896.31
Teclado,Acessórios,2025-09-08,Loja São Gonçalo,São Gonçalo,5,15253.51
Notebook,Eletrônicos,2023-10-23,Loja Teresópolis,Teresópolis,1,1355.84
Tablet,Eletrônicos,2024-03-30,Loja Teresópolis,Teresópolis,4,18287.52
Smartwatch,Eletrônicos,2025-09-03,Loja Sul,Rio de Janeiro,4,7127.03
Monitor,Eletrônicos,2025-08-10,Loja São Gonçalo,São Gonçalo,1,1350.04
Mouse,Acessórios,2025-01-03,Loja São Gonçalo,São Gonçalo,3,10895.17
Smartphone,Eletrônicos,2024-07-13,Loja Norte,Rio de Janeiro,5,18632.36
Headset,Acessórios,2025-09-25,Loja Nova Iguaçu,Nova Iguaçu,1,206.52
Smartwatch,Eletrônicos,2025-04-28,Loja Niterói,Niterói,5,17593.78
Smartwatch,Eletrônicos,2023-10-13,Loja Centro,Rio de Janeiro,4,16677.38
Headset,Acessórios,2025-08-02,Loja Petrópolis,Petrópolis,4,4432.06
Mesa Escritório,Móveis,2024-08-08,Loja Nova Iguaçu,Nova Iguaçu,4,7840.02
Impressora,Periféricos,2025-06-07,Loja Norte,Rio de Janeiro,3,1483.91
Mouse,Acessórios,2024-06-18,Loja Sul,Rio de Janeiro,2,7367.33
Smartwatch,Eletrônicos,2025-07-20,Loja Petrópolis,Petrópolis,3,7288.74
Cadeira Gamer,Móveis,2025-08-17,Loja Sul,Rio de Janeiro,1,909.18
Tablet,Eletrônicos,2024-09-23,Loja São Gonçalo,São Gonçalo,1,2117.31
Impressora,Periféricos,2023-06-07,Loja Niterói,Niterói,4,5213.51
Teclado,Acessórios,2024-10-23,Loja Teresópolis,Teresópolis,5,19851.04
Roteador,Redes,2024-07-11,Loja Niterói,Niterói,1,892.26
Mouse,Acessórios,2024-07-19,Loja Duque,Duque de Caxias,4,10798.0
Monitor,Eletrônicos,2025-05-07,Loja Niterói,Niterói,5,5958.31
Webcam,Periféricos,2023-02-21,Loja Teresópolis,Teresópolis,4,6315.45
Roteador,Redes,2025-03-25,Loja Sul,Rio de Janeiro,5,3146.87
Pendrive,Armazenamento,2025-05-13,Loja Niterói,Niterói,2,8968.54
Notebook,Eletrônicos,2025-01-31,Loja São Gonçalo,São Gonçalo,4,6605.06
Webcam,Periféricos,2023-02-27,Loja Norte,Rio de Janeiro,5,19167.02
Smartwatch,Eletrônicos,2024-09-06,Loja Nova Iguaçu,Nova Iguaçu,2,5566.39
Webcam,Periféricos,2025-11-09,Loja Nova Iguaçu,Nova Iguaçu,5,13167.89
Smartphone,Eletrônicos,2024-08-14,Loja Duque,Duque de Caxias,3,692.33
Smartwatch,Eletrônicos,2025-10-09,Loja Centro,Rio de Janeiro,4,6418.07
Headset,Acessórios,2024-06-19,Loja Duque,Duque de Caxias,2,4225.28
Roteador,Redes,2025-06-14,Loja São Gonçalo,São Gonçalo,3,6248.9
Tablet,Eletrônicos,2023-11-14,Loja São Gonçalo,São Gonçalo,2,9441.3
Impressora,Periféricos,2024-01-08,Loja Duque,Duque de Caxias,5,1466.67
Teclado,Acessórios,2024-04-22,Loja Norte,Rio de Janeiro,5,21938.24
Teclado,Acessórios,2024-06-14,Loja Norte,Rio de Janeiro,2,6606.26
Cadeira Gamer,Móveis,2025-11-26,Loja Niterói,Niterói,1,2377.97
Impressora,Periféricos,2023-03-29,Loja Centro,Rio de Janeiro,4,8927.15
Webcam,Periféricos,2025-07-21,Loja Duque,Duque de Caxias,3,9178.17
HD Externo,Armazenamento,2025-08-24,Loja Petrópolis,Petrópolis,3,12283.97
Webcam,Periféricos,2024-07-11,Loja São Gonçalo,São Gonçalo,3,10474.16
Pendrive,Armazenamento,2023-01-03,Loja Nova Iguaçu,Nova Iguaçu,4,13051.8
Impressora,Periféricos,2024-05-25,Loja Norte,Rio de Janeiro,5,5800.39
Smartphone,Eletrônicos,2024-07-24,Loja Niterói,Niterói,3,1559.03
Mesa Escritório,Móveis,2023-12-28,Loja Centro,Rio de Janeiro,1,219.17
HD Externo,Armazenamento,2024-01-11,Loja Teresópolis,Teresópolis,4,8691.01
Teclado,Acessórios,2023-11-16,Loja Nova Iguaçu,Nova Iguaçu,4,8030.5
Tablet,Eletrônicos,2024-06-27,Loja Nova Iguaçu,Nova Iguaçu,4,392.07
Cadeira Gamer,Móveis,2025-04-25,Loja Petrópolis,Petrópolis,1,421.71
Impressora,Periféricos,2025-06-16,Loja Petrópolis,Petrópolis,5,8628.53
Teclado,Acessórios,2024-01-06,Loja Barra,Rio de Janeiro,3,13097.21
Roteador,Redes,2023-05-20,Loja Nova Iguaçu,Nova Iguaçu,1,781.34
Smartphone,Eletrônicos,2024-03-15,Loja Norte,Rio de Janeiro,2,293.27
HD Externo,Armazenamento,2024-12-29,Loja Centro,Rio de Janeiro,5,20772.25
Notebook,Eletrônicos,2024-08-23,Loja Sul,Rio de Janeiro,3,9285.94
Cadeira Gamer,Móveis,2025-07-27,Loja São Gonçalo,São Gonçalo,1,79.34
HD Externo,Armazenamento,2025-09-11,Loja São Gonçalo,São Gonçalo,4,2344.13
Roteador,Redes,2024-07-28,Loja Barra,Rio de Janeiro,2,6471.17
Webcam,Periféricos,2024-06-03,Loja Nova Iguaçu,Nova Iguaçu,1,1601.18
Pendrive,Armazenamento,2024-04-27,Loja Barra,Rio de Janeiro,5,21632.41
Monitor,Eletrônicos,2023-12-17,Loja Niterói,Niterói,5,6332.32
Teclado,Acessórios,2025-04-09,Loja Centro,Rio de Janeiro,5,4460.73
Smartphone,Eletrônicos,2023-10-20,Loja Duque,Duque de Caxias,5,8236.42
Mesa Escritório,Móveis,2024-10-06,Loja São Gonçalo,São Gonçalo,2,3474.74
Monitor,Eletrônicos,2023-09-07,Loja Petrópolis,Petrópolis,5,14031.1
Roteador,Redes,2025-09-07,Loja Centro,Rio de Janeiro,1,3694.59
Monitor,Eletrônicos,2025-05-24,Loja São Gonçalo,São Gonçalo,1,3408.18
Pendrive,Armazenamento,2025-04-01,Loja Centro,Rio de Janeiro,5,10882.67
Cadeira Gamer,Móveis,2023-09-09,Loja Barra,Rio de Janeiro,5,16183.32
Smartwatch,Eletrônicos,2023-08-05,Loja Petrópolis,Petrópolis,2,5578.93
Smartwatch,Eletrônicos,2025-03-28,Loja Sul,Rio de Janeiro,5,14795.44
Notebook,Eletrônicos,2025-05-04,Loja Sul,Rio de Janeiro,4,6062.1
Smartwatch,Eletrônicos,2024-09-12,Loja Niterói,Niterói,1,1900.94
Teclado,Acessórios,2024-04-04,Loja Teresópolis,Teresópolis,5,17320.12
Pendrive,Armazenamento,2025-11-06,Loja Norte,Rio de Janeiro,1,2041.43
Cadeira Gamer,Móveis,2023-06-10,Loja Niterói,Niterói,1,465.29
Notebook,Eletrônicos,2023-09-26,Loja Centro,Rio de Janeiro,3,11591.65
Monitor,Eletrônicos,2023-12-16,Loja Centro,Rio de Janeiro,3,9935.3
Headset,Acessórios,2025-12-27,Loja Sul,Rio de Janeiro,4,2205.05
Tablet,Eletrônicos,2025-01-07,Loja Petrópolis,Petrópolis,4,16197.72
HD Externo,Armazenamento,2023-04-22,Loja Duque,Duque de Caxias,5,1277.11
Teclado,Acessórios,2024-02-14,Loja Teresópolis,Teresópolis,3,12524.12
Teclado,Acessórios,2025-01-18,Loja Teresópolis,Teresópolis,2,1163.79
Notebook,Eletrônicos,2025-06-27,Loja São Gonçalo,São Gonçalo,4,4391.99
HD Externo,Armazenamento,2025-02-28,Loja Nova Iguaçu,Nova Iguaçu,2,2642.63
Smartwatch,Eletrônicos,2025-11-15,Loja Petrópolis,Petrópolis,5,14390.17
Teclado,Acessórios,2023-02-03,Loja Teresópolis,Teresópolis,2,3146.47
Tablet,Eletrônicos,2024-07-19,Loja Norte,Rio de Janeiro,1,1821.04
Monitor,Eletrônicos,2025-12-05,Loja Duque,Duque de Caxias,3,13849.11
Mouse,Acessórios,2024-12-04,Loja Nova Iguaçu,Nova Iguaçu,4,14792.53
Webcam,Periféricos,2024-12-06,Loja Duque,Duque de Caxias,5,23276.57
Tablet,Eletrônicos,2024-03-22,Loja Petrópolis,Petrópolis,2,2735.71
Roteador,Redes,2024-10-25,Loja Niterói,Niterói,2,7863.45
Impressora,Periféricos,2025-05-04,Loja Centro,Rio de Janeiro,5,8437.13
Notebook,Eletrônicos,2025-10-01,Loja Teresópolis,Teresópolis,5,15719.41
Monitor,Eletrônicos,2024-03-19,Loja Niterói,Niterói,3,9240.56
Smartwatch,Eletrônicos,2025-04-01,Loja Norte,Rio de Janeiro,2,7051.43
Pendrive,Armazenamento,2025-12-16,Loja Niterói,Niterói,3,12242.37
Monitor,Eletrônicos,2023-04-30,Loja Barra,Rio de Janeiro,4,3330.23
Impressora,Periféricos,2024-05-28,Loja Teresópolis,Teresópolis,1,4008.41
Monitor,Eletrônicos,2024-09-12,Loja Niterói,Niterói,4,18877.31
Roteador,Redes,2025-07-31,Loja Duque,Duque de Caxias,3,771.05
Tablet,Eletrônicos,2023-03-03,Loja Nova Iguaçu,Nova Iguaçu,4,19722.63
Webcam,Periféricos,2023-09-10,Loja Duque,Duque de Caxias,1,4407.23
Notebook,Eletrônicos,2023-07-24,Loja São Gonçalo,São Gonçalo,3,6324.42
Tablet,Eletrônicos,2025-01-29,Loja Teresópolis,Teresópolis,4,5149.97
Teclado,Acessórios,2025-07-07,Loja Niterói,Niterói,4,5195.12
Smartwatch,Eletrônicos,2025-11-16,Loja Centro,Rio de Janeiro,2,9393.73
Mesa Escritório,Móveis,2025-05-23,Loja Teresópolis,Teresópolis,5,1026.2
Mouse,Acessórios,2025-06-17,Loja Nova Iguaçu,Nova Iguaçu,1,361.71
Smartphone,Eletrônicos,2025-09-25,Loja Norte,Rio de Janeiro,1,967.5
Smartphone,Eletrônicos,2025-02-26,Loja Teresópolis,Teresópolis,1,3222.23
Smartwatch,Eletrônicos,2024-07-12,Loja Teresópolis,Teresópolis,5,8126.81
Smartwatch,Eletrônicos,2023-07-20,Loja Niterói,Niterói,2,9339.77
HD Externo,Armazenamento,2025-05-16,Loja Nova Iguaçu,Nova Iguaçu,5,7105.7
Tablet,Eletrônicos,2023-03-06,Loja Nova Iguaçu,Nova Iguaçu,5,7319.26
Impressora,Periféricos,2025-11-13,Loja Niterói,Niterói,4,15458.72
Notebook,Eletrônicos,2025-11-09,Loja Niterói,Niterói,3,8258.84
Pendrive,Armazenamento,2024-03-07,Loja Sul,Rio de Janeiro,5,392.82
Notebook,Eletrônicos,2025-05-22,Loja Petrópolis,Petrópolis,2,6793.8
Smartphone,Eletrônicos,2023-04-30,Loja Petrópolis,Petrópolis,3,3519.26
Cadeira Gamer,Móveis,2024-05-26,Loja Centro,Rio de Janeiro,4,509.74
Teclado,Acessórios,2023-05-14,Loja Teresópolis,Teresópolis,3,12452.4
HD Externo,Armazenamento,2024-11-16,Loja Barra,Rio de Janeiro,1,2095.36
Pendrive,Armazenamento,2025-03-14,Loja Duque,Duque de Caxias,3,6154.81
HD Externo,Armazenamento,2025-02-25,Loja Norte,Rio de Janeiro,3,8807.83
Mouse,Acessórios,2024-05-03,Loja Teresópolis,Teresópolis,1,368.38
Headset,Acessórios,2023-10-15,Loja Sul,Rio de Janeiro,3,5041.84
Webcam,Periféricos,2025-04-30,Loja Sul,Rio de Janeiro,5,15954.74
Mesa Escritório,Móveis,2023-07-15,Loja Sul,Rio de Janeiro,1,1492.35
Teclado,Acessórios,2025-09-29,Loja São Gonçalo,São Gonçalo,3,7596.49
Tablet,Eletrônicos,2024-01-31,Loja São Gonçalo,São Gonçalo,3,11091.73
Mesa Escritório,Móveis,2025-10-23,Loja Sul,Rio de Janeiro,4,18573.1
Headset,Acessórios,2024-04-16,Loja Teresópolis,Teresópolis,3,2437.82
Teclado,Acessórios,2025-05-31,Loja Niterói,Niterói,5,21065.86
Pendrive,Armazenamento,2024-02-09,Loja São Gonçalo,São Gonçalo,2,4534.95
Roteador,Redes,2025-09-11,Loja Niterói,Niterói,3,778.67
Smartwatch,Eletrônicos,2024-04-23,Loja Duque,Duque de Caxias,4,4482.76
HD Externo,Armazenamento,2023-12-26,Loja Sul,Rio de Janeiro,4,9184.32
Pendrive,Armazenamento,2025-02-16,Loja Sul,Rio de Janeiro,1,271.52
Tablet,Eletrônicos,2023-11-21,Loja Niterói,Niterói,2,2962.86
Mesa Escritório,Móveis,2023-03-10,Loja Nova Iguaçu,Nova Iguaçu,5,20310.28
Teclado,Acessórios,2023-09-30,Loja Barra,Rio de Janeiro,4,1779.82
Roteador,Redes,2024-07-03,Loja Barra,Rio de Janeiro,5,18107.42
Cadeira Gamer,Móveis,2023-08-21,Loja Teresópolis,Teresópolis,4,12944.85
Teclado,Acessórios,2025-01-09,Loja Nova Iguaçu,Nova Iguaçu,2,5169.03
HD Externo,Armazenamento,2025-04-26,Loja Norte,Rio de Janeiro,1,3168.11
Monitor,Eletrônicos,2023-03-08,Loja São Gonçalo,São Gonçalo,4,2150.19
Teclado,Acessórios,2023-05-29,Loja Centro,Rio de Janeiro,3,5208.73
Webcam,Periféricos,2024-12-02,Loja Niterói,Niterói,2,4985.96
Monitor,Eletrônicos,2023-09-20,Loja Centro,Rio de Janeiro,3,4140.21
Mouse,Acessórios,2024-01-30,Loja São Gonçalo,São Gonçalo,1,1870.84
Teclado,Acessórios,2024-11-23,Loja Nova Iguaçu,Nova Iguaçu,3,12104.51
Notebook,Eletrônicos,2024-06-22,Loja Nova Iguaçu,Nova Iguaçu,4,4351.29
Monitor,Eletrônicos,2025-10-25,Loja Norte,Rio de Janeiro,2,4677.38
Monitor,Eletrônicos,2025-09-02,Loja Centro,Rio de Janeiro,3,3239.16
HD Externo,Armazenamento,2023-07-26,Loja São Gonçalo,São Gonçalo,1,2233.95
Roteador,Redes,2025-06-19,Loja Petrópolis,Petrópolis,5,15908.76
Mouse,Acessórios,2025-06-16,Loja São Gonçalo,São Gonçalo,3,10158.92
Roteador,Redes,2024-05-18,Loja Petrópolis,Petrópolis,3,1015.71
Tablet,Eletrônicos,2025-09-18,Loja Barra,Rio de Janeiro,1,1657.07
Monitor,Eletrônicos,2024-01-03,Loja Sul,Rio de Janeiro,3,5313.91
Pendrive,Armazenamento,2024-03-17,Loja Duque,Duque de Caxias,1,4185.66
Smartwatch,Eletrônicos,2025-02-14,Loja São Gonçalo,São Gonçalo,2,6899.0
Tablet,Eletrônicos,2023-01-25,Loja Duque,Duque de Caxias,5,5051.35
Smartwatch,Eletrônicos,2024-03-09,Loja Sul,Rio de Janeiro,2,8075.25
Mesa Escritório,Móveis,2023-06-17,Loja Duque,Duque de Caxias,2,595.64
Roteador,Redes,2023-10-09,Loja Nova Iguaçu,Nova Iguaçu,4,13967.32
HD Externo,Armazenamento,2025-01-18,Loja Norte,Rio de Janeiro,4,783.63
Headset,Acessórios,2024-05-17,Loja Petrópolis,Petrópolis,1,3092.47
Impressora,Periféricos,2023-03-08,Loja Barra,Rio de Janeiro,5,11687.98
Impressora,Periféricos,2023-06-30,Loja Niterói,Niterói,5,18062.44
Cadeira Gamer,Móveis,2023-12-25,Loja Nova Iguaçu,Nova Iguaçu,1,3833.01
Monitor,Eletrônicos,2024-10-24,Loja Centro,Rio de Janeiro,3,10350.87
Tablet,Eletrônicos,2024-12-03,Loja Sul,Rio de Janeiro,1,1595.03
Notebook,Eletrônicos,2023-12-16,Loja São Gonçalo,São Gonçalo,1,2697.26
Mouse,Acessórios,2023-11-06,Loja Duque,Duque de Caxias,1,310.58
Notebook,Eletrônicos,2023-09-26,Loja Teresópolis,Teresópolis,3,11586.45
HD Externo,Armazenamento,2025-03-23,Loja São Gonçalo,São Gonçalo,5,5523.17
Smartphone,Eletrônicos,2023-09-26,Loja Centro,Rio de Janeiro,1,3897.07
Tablet,Eletrônicos,2025-10-04,Loja Niterói,Niterói,2,689.17
Mouse,Acessórios,2024-03-19,Loja Norte,Rio de Janeiro,3,10561.95
Tablet,Eletrônicos,2024-12-21,Loja São Gonçalo,São Gonçalo,5,14508.0
Teclado,Acessórios,2025-03-26,Loja São Gonçalo,São Gonçalo,2,7170.73
Impressora,Periféricos,2023-01-13,Loja Barra,Rio de Janeiro,4,19417.35
Mesa Escritório,Móveis,2023-06-30,Loja Norte,Rio de Janeiro,4,15895.01
Webcam,Periféricos,2023-01-16,Loja Nova Iguaçu,Nova Iguaçu,3,5421.68
Roteador,Redes,2023-01-31,Loja Teresópolis,Teresópolis,5,7795.76
Notebook,Eletrônicos,2024-07-01,Loja Norte,Rio de Janeiro,1,2260.68
Mesa Escritório,Móveis,2024-06-04,Loja Barra,Rio de Janeiro,3,10865.41
Mouse,Acessórios,2023-01-16,Loja Duque,Duque de Caxias,5,17324.93
HD Externo,Armazenamento,2025-08-13,Loja Centro,Rio de Janeiro,3,12255.43
Impressora,Periféricos,2025-12-24,Loja Sul,Rio de Janeiro,1,1899.49
Mesa Escritório,Móveis,2024-04-20,Loja Sul,Rio de Janeiro,2,177.06
Headset,Acessórios,2023-01-16,Loja São Gonçalo,São Gonçalo,5,9242.28
Pendrive,Armazenamento,2025-09-10,Loja Barra,Rio de Janeiro,5,4440.96
Smartwatch,Eletrônicos,2025-03-17,Loja Niterói,Niterói,2,833.68
Monitor,Eletrônicos,2025-09-23,Loja Niterói,Niterói,3,11079.86
HD Externo,Armazenamento,2023-06-14,Loja Centro,Rio de Janeiro,2,490.15
Headset,Acessórios,2025-03-22,Loja Niterói,Niterói,3,8054.81
Pendrive,Armazenamento,2023-07-28,Loja Norte,Rio de Janeiro,5,4928.18
Mesa Escritório,Móveis,2024-04-09,Loja Norte,Rio de Janeiro,4,6582.3
Smartwatch,Eletrônicos,2025-08-17,Loja Duque,Duque de Caxias,3,4376.46
Mesa Escritório,Móveis,2025-04-04,Loja Norte,Rio de Janeiro,1,3660.66
Mesa Escritório,Móveis,2024-05-07,Loja Barra,Rio de Janeiro,5,21156.55
Notebook,Eletrônicos,2024-08-09,Loja Sul,Rio de Janeiro,1,3369.98
Cadeira Gamer,Móveis,2023-10-31,Loja Duque,Duque de Caxias,3,1178.07
Teclado,Acessórios,2024-01-10,Loja Duque,Duque de Caxias,4,9487.39
Smartphone,Eletrônicos,2024-04-18,Loja Niterói,Niterói,2,8286.35
Headset,Acessórios,2025-08-20,Loja Centro,Rio de Janeiro,3,11040.42
HD Externo,Armazenamento,2024-05-31,Loja Norte,Rio de Janeiro,5,16152.66
Teclado,Acessórios,2023-05-13,Loja Teresópolis,Teresópolis,2,5909.52
Pendrive,Armazenamento,2025-10-05,Loja Barra,Rio de Janeiro,4,10773.75
HD Externo,Armazenamento,2025-03-11,Loja Teresópolis,Teresópolis,2,8920.85
Webcam,Periféricos,2023-04-24,Loja Centro,Rio de Janeiro,1,556.85
Smartphone,Eletrônicos,2024-11-14,Loja Centro,Rio de Janeiro,2,7207.58
Notebook,Eletrônicos,2025-01-08,Loja Teresópolis,Teresópolis,2,9533.81
Monitor,Eletrônicos,2025-03-19,Loja Sul,Rio de Janeiro,3,2139.03
Smartphone,Eletrônicos,2023-01-27,Loja Teresópolis,Teresópolis,4,7241.32
Webcam,Periféricos,2024-07-31,Loja Teresópolis,Teresópolis,2,4029.19
Roteador,Redes,2024-01-13,Loja Duque,Duque de Caxias,5,8742.11
Webcam,Periféricos,2023-07-15,Loja Petrópolis,Petrópolis,5,5889.12
Impressora,Periféricos,2025-04-26,Loja Petrópolis,Petrópolis,2,323.78
Teclado,Acessórios,2024-11-09,Loja Teresópolis,Teresópolis,2,8605.97
Roteador,Redes,2025-03-06,Loja Nova Iguaçu,Nova Iguaçu,3,14583.08
Smartphone,Eletrônicos,2023-03-03,Loja Centro,Rio de Janeiro,2,7250.88
Impressora,Periféricos,2024-08-28,Loja Niterói,Niterói,3,5936.41
Roteador,Redes,2025-06-17,Loja Niterói,Niterói,3,12074.05
Monitor,Eletrônicos,2024-01-14,Loja Centro,Rio de Janeiro,4,7832.31
Headset,Acessórios,2025-09-01,Loja Niterói,Niterói,2,6681.6
Impressora,Periféricos,2024-03-28,Loja Teresópolis,Teresópolis,3,13786.13
Mesa Escritório,Móveis,2023-06-27,Loja Sul,Rio de Janeiro,3,7331.36
Notebook,Eletrônicos,2023-07-21,Loja Nova Iguaçu,Nova Iguaçu,2,1408.4
Monitor,Eletrônicos,2024-01-10,Loja Norte,Rio de Janeiro,3,8031.65
Impressora,Periféricos,2025-03-01,Loja Niterói,Niterói,1,851.38
HD Externo,Armazenamento,2023-04-27,Loja Teresópolis,Teresópolis,2,3796.45
Mouse,Acessórios,2025-10-14,Loja Duque,Duque de Caxias,3,12286.3
Mouse,Acessórios,2025-04-21,Loja Petrópolis,Petrópolis,4,5398.49
Cadeira Gamer,Móveis,2024-05-11,Loja Nova Iguaçu,Nova Iguaçu,2,570.43
Tablet,Eletrônicos,2024-08-27,Loja Centro,Rio de Janeiro,3,6911.48
Roteador,Redes,2024-05-21,Loja Sul,Rio de Janeiro,2,4300.03
Teclado,Acessórios,2024-09-11,Loja Nova Iguaçu,Nova Iguaçu,3,7684.8
Smartphone,Eletrônicos,2023-12-03,Loja Duque,Duque de Caxias,4,6397.9
Teclado,Acessórios,2025-09-04,Loja Sul,Rio de Janeiro,3,299.56
Webcam,Periféricos,2024-06-30,Loja Centro,Rio de Janeiro,3,5991.29
Smartphone,Eletrônicos,2023-01-03,Loja Niterói,Niterói,3,3579.48
Teclado,Acessórios,2025-01-16,Loja Sul,Rio de Janeiro,1,4054.72
Notebook,Eletrônicos,2024-09-19,Loja Duque,Duque de Caxias,4,13503.46
Tablet,Eletrônicos,2023-02-15,Loja São Gonçalo,São Gonçalo,4,9127.89
Mesa Escritório,Móveis,2024-07-26,Loja Nova Iguaçu,Nova Iguaçu,2,2257.25
Notebook,Eletrônicos,2024-10-01,Loja São Gonçalo,São Gonçalo,2,4859.07
Mouse,Acessórios,2025-05-02,Loja São Gonçalo,São Gonçalo,3,4187.13
Teclado,Acessórios,2024-01-30,Loja Petrópolis,Petrópolis,4,15447.76
Roteador,Redes,2023-02-19,Loja Teresópolis,Teresópolis,5,6700.68
Mouse,Acessórios,2025-09-26,Loja Teresópolis,Teresópolis,1,2897.63
Smartwatch,Eletrônicos,2023-01-03,Loja Barra,Rio de Janeiro,4,6408.79
Mouse,Acessórios,2023-10-02,Loja São Gonçalo,São Gonçalo,2,7293.2
Tablet,Eletrônicos,2023-11-25,Loja Niterói,Niterói,3,9621.66
Webcam,Periféricos,2023-08-05,Loja São Gonçalo,São Gonçalo,5,6817.9
Mesa Escritório,Móveis,2023-11-30,Loja São Gonçalo,São Gonçalo,5,23292.73
Smartwatch,Eletrônicos,2025-06-18,Loja Niterói,Niterói,2,4969.38
Smartwatch,Eletrônicos,2023-07-15,Loja Sul,Rio de Janeiro,4,5100.62
HD Externo,Armazenamento,2023-01-09,Loja Centro,Rio de Janeiro,1,4699.34
Tablet,Eletrônicos,2024-01-28,Loja Duque,Duque de Caxias,4,13209.89
Pendrive,Armazenamento,2023-11-27,Loja Norte,Rio de Janeiro,3,12334.37
Monitor,Eletrônicos,2025-07-04,Loja Niterói,Niterói,3,7231.04
Notebook,Eletrônicos,2025-04-04,Loja Norte,Rio de Janeiro,5,10679.08
Headset,Acessórios,2023-07-29,Loja Duque,Duque de Caxias,4,8102.36
Tablet,Eletrônicos,2024-03-03,Loja Barra,Rio de Janeiro,1,3493.42
Roteador,Redes,2023-12-14,Loja Petrópolis,Petrópolis,2,7707.16
Teclado,Acessórios,2025-11-16,Loja Niterói,Niterói,1,149.06
Cadeira Gamer,Móveis,2023-10-28,Loja Barra,Rio de Janeiro,2,477.37
Cadeira Gamer,Móveis,2023-06-15,Loja Barra,Rio de Janeiro,4,18529.88
Cadeira Gamer,Móveis,2023-03-04,Loja Niterói,Niterói,3,13965.71
HD Externo,Armazenamento,2023-08-10,Loja Petrópolis,Petrópolis,4,9434.59
Cadeira Gamer,Móveis,2025-09-21,Loja Barra,Rio de Janeiro,2,5978.13
Smartphone,Eletrônicos,2024-12-22,Loja Petrópolis,Petrópolis,3,4506.93
Mouse,Acessórios,2025-12-30,Loja Duque,Duque de Caxias,4,638.7
Mesa Escritório,Móveis,2025-05-23,Loja Barra,Rio de Janeiro,4,13043.18
Roteador,Redes,2025-06-12,Loja Teresópolis,Teresópolis,3,14702.79
Headset,Acessórios,2025-11-05,Loja Norte,Rio de Janeiro,1,3323.26
Webcam,Periféricos,2023-10-11,Loja Duque,Duque de Caxias,1,3037.98
Monitor,Eletrônicos,2024-09-03,Loja Niterói,Niterói,5,22277.97
Impressora,Periféricos,2023-03-27,Loja Petrópolis,Petrópolis,3,11840.67
HD Externo,Armazenamento,2024-05-15,Loja Barra,Rio de Janeiro,4,15841.5
Mouse,Acessórios,2024-11-27,Loja Centro,Rio de Janeiro,2,530.22
Cadeira Gamer,Móveis,2024-10-27,Loja São Gonçalo,São Gonçalo,5,18463.57
HD Externo,Armazenamento,2023-05-29,Loja São Gonçalo,São Gonçalo,2,5649.34
Roteador,Redes,2025-08-23,Loja Duque,Duque de Caxias,5,21263.6
Notebook,Eletrônicos,2025-02-12,Loja Petrópolis,Petrópolis,4,19570.84
Impressora,Periféricos,2025-11-26,Loja Petrópolis,Petrópolis,5,5137.79
Roteador,Redes,2023-04-17,Loja Nova Iguaçu,Nova Iguaçu,4,4264.38
Cadeira Gamer,Móveis,2025-07-22,Loja Sul,Rio de Janeiro,2,2690.09
Impressora,Periféricos,2025-01-01,Loja Petrópolis,Petrópolis,2,7807.78
Webcam,Periféricos,2023-06-07,Loja Norte,Rio de Janeiro,1,4120.26
Monitor,Eletrônicos,2023-11-21,Loja São Gonçalo,São Gonçalo,3,10149.86
Mesa Escritório,Móveis,2023-03-04,Loja Barra,Rio de Janeiro,5,5208.68
Webcam,Periféricos,2024-02-15,Loja Norte,Rio de Janeiro,4,15015.88
Teclado,Acessórios,2025-01-02,Loja Teresópolis,Teresópolis,1,1140.21
Cadeira Gamer,Móveis,2025-10-29,Loja Barra,Rio de Janeiro,3,6257.1
Mesa Escritório,Móveis,2023-02-01,Loja Petrópolis,Petrópolis,3,12697.51
Monitor,Eletrônicos,2025-04-09,Loja Barra,Rio de Janeiro,4,7527.77
Impressora,Periféricos,2024-04-08,Loja Centro,Rio de Janeiro,3,7152.37
Mesa Escritório,Móveis,2023-03-19,Loja Norte,Rio de Janeiro,4,4398.15
Tablet,Eletrônicos,2023-07-24,Loja Norte,Rio de Janeiro,5,756.81
Notebook,Eletrônicos,2025-05-08,Loja Petrópolis,Petrópolis,3,8747.22
Smartphone,Eletrônicos,2025-07-15,Loja Centro,Rio de Janeiro,4,16499.88
Notebook,Eletrônicos,2024-03-19,Loja Duque,Duque de Caxias,2,4780.65
Roteador,Redes,2023-08-28,Loja Duque,Duque de Caxias,5,17008.26
Smartwatch,Eletrônicos,2023-09-26,Loja Nova Iguaçu,Nova Iguaçu,4,5219.32
Mouse,Acessórios,2024-11-24,Loja Barra,Rio de Janeiro,2,5163.22
Smartphone,Eletrônicos,2025-12-06,Loja Petrópolis,Petrópolis,2,2587.95
Smartwatch,Eletrônicos,2024-12-24,Loja Nova Iguaçu,Nova Iguaçu,3,11165.83
Roteador,Redes,2023-10-24,Loja Duque,Duque de Caxias,4,19557.95
Smartphone,Eletrônicos,2025-07-11,Loja Centro,Rio de Janeiro,2,5544.79
Monitor,Eletrônicos,2025-08-19,Loja Niterói,Niterói,5,7767.39
Smartphone,Eletrônicos,2025-07-27,Loja Teresópolis,Teresópolis,3,14361.33
Impressora,Periféricos,2023-07-18,Loja Petrópolis,Petrópolis,4,9507.9
Smartphone,Eletrônicos,2025-09-08,Loja Niterói,Niterói,3,5405.5
Teclado,Acessórios,2023-12-14,Loja Duque,Duque de Caxias,1,4358.48
Headset,Acessórios,2023-05-01,Loja Duque,Duque de Caxias,3,4978.22
Mesa Escritório,Móveis,2025-02-23,Loja São Gonçalo,São Gonçalo,1,779.69
Cadeira Gamer,Móveis,2025-04-04,Loja Norte,Rio de Janeiro,5,6443.6
Impressora,Periféricos,2025-05-13,Loja Duque,Duque de Caxias,4,3761.95
HD Externo,Armazenamento,2024-09-05,Loja Sul,Rio de Janeiro,1,1874.16
Teclado,Acessórios,2025-11-11,Loja Petrópolis,Petrópolis,4,12038.64
HD Externo,Armazenamento,2025-03-09,Loja Norte,Rio de Janeiro,3,6339.99
Webcam,Periféricos,2023-09-02,Loja São Gonçalo,São Gonçalo,5,24159.89
Mesa Escritório,Móveis,2025-09-13,Loja Teresópolis,Teresópolis,4,362.82
Smartphone,Eletrônicos,2024-12-16,Loja Petrópolis,Petrópolis,3,3153.82
Cadeira Gamer,Móveis,2025-07-11,Loja Centro,Rio de Janeiro,2,8961.55
Notebook,Eletrônicos,2024-08-17,Loja Teresópolis,Teresópolis,3,4771.22
Teclado,Acessórios,2025-03-16,Loja Nova Iguaçu,Nova Iguaçu,5,24832.35
Notebook,Eletrônicos,2024-11-16,Loja Sul,Rio de Janeiro,2,6269.3
Tablet,Eletrônicos,2025-06-11,Loja Nova Iguaçu,Nova Iguaçu,3,527.89
Headset,Acessórios,2024-04-12,Loja Barra,Rio de Janeiro,3,13570.94
Mouse,Acessórios,2024-09-12,Loja Barra,Rio de Janeiro,2,9156.06
Mouse,Acessórios,2023-07-02,Loja Petrópolis,Petrópolis,5,15311.23
Tablet,Eletrônicos,2023-09-26,Loja São Gonçalo,São Gonçalo,4,10170.82
Pendrive,Armazenamento,2023-05-27,Loja Duque,Duque de Caxias,5,20232.43
Monitor,Eletrônicos,2023-01-14,Loja São Gonçalo,São Gonçalo,4,19662.31
Impressora,Periféricos,2025-01-09,Loja Duque,Duque de Caxias,2,4477.33
Headset,Acessórios,2023-09-15,Loja Centro,Rio de Janeiro,2,309.61
Smartwatch,Eletrônicos,2023-09-28,Loja Nova Iguaçu,Nova Iguaçu,1,2112.91
Headset,Acessórios,2025-11-28,Loja Centro,Rio de Janeiro,4,7091.0
Smartwatch,Eletrônicos,2025-05-27,Loja Petrópolis,Petrópolis,4,7779.92
Mesa Escritório,Móveis,2024-07-14,Loja Centro,Rio de Janeiro,4,3529.19
Teclado,Acessórios,2024-02-11,Loja Duque,Duque de Caxias,1,1095.86
Teclado,Acessórios,2024-05-09,Loja São Gonçalo,São Gonçalo,4,10923.59
Headset,Acessórios,2024-07-11,Loja Sul,Rio de Janeiro,1,2802.46
HD Externo,Armazenamento,2025-11-04,Loja Duque,Duque de Caxias,3,9431.54
Smartphone,Eletrônicos,2025-11-07,Loja Duque,Duque de Caxias,3,1549.02
Webcam,Periféricos,2024-04-08,Loja Norte,Rio de Janeiro,3,1233.58
Roteador,Redes,2023-02-25,Loja Nova Iguaçu,Nova Iguaçu,1,3425.07
Impressora,Periféricos,2023-02-10,Loja Norte,Rio de Janeiro,4,9831.64
Cadeira Gamer,Móveis,2023-03-25,Loja Nova Iguaçu,Nova Iguaçu,2,2950.99
Webcam,Periféricos,2025-06-27,Loja Duque,Duque de Caxias,5,2011.09
Smartwatch,Eletrônicos,2024-06-22,Loja Norte,Rio de Janeiro,1,4233.15
Mouse,Acessórios,2023-10-22,Loja Norte,Rio de Janeiro,5,7185.36
Teclado,Acessórios,2023-03-13,Loja Nova Iguaçu,Nova Iguaçu,4,8457.69
Smartwatch,Eletrônicos,2025-06-30,Loja São Gonçalo,São Gonçalo,3,13535.79
Cadeira Gamer,Móveis,2025-03-30,Loja Sul,Rio de Janeiro,5,15498.74
Smartwatch,Eletrônicos,2024-07-13,Loja Sul,Rio de Janeiro,3,649.71
Notebook,Eletrônicos,2023-03-20,Loja Barra,Rio de Janeiro,1,2255.11
Webcam,Periféricos,2023-01-25,Loja São Gonçalo,São Gonçalo,2,309.8
Cadeira Gamer,Móveis,2023-07-17,Loja Petrópolis,Petrópolis,3,1112.79
Smartphone,Eletrônicos,2024-08-09,Loja Duque,Duque de Caxias,2,6825.23
Impressora,Periféricos,2023-12-30,Loja Teresópolis,Teresópolis,1,1911.0
Webcam,Periféricos,2025-03-29,Loja Duque,Duque de Caxias,4,465.77
Cadeira Gamer,Móveis,2024-01-03,Loja Petrópolis,Petrópolis,1,141.93
Webcam,Periféricos,2025-03-26,Loja Barra,Rio de Janeiro,5,23249.7
Mouse,Acessórios,2024-08-19,Loja Niterói,Niterói,3,3141.7
Headset,Acessórios,2024-09-07,Loja Norte,Rio de Janeiro,4,17051.99
Mouse,Acessórios,2024-08-06,Loja Barra,Rio de Janeiro,3,9721.76
Pendrive,Armazenamento,2023-09-10,Loja Nova Iguaçu,Nova Iguaçu,5,12754.36
Notebook,Eletrônicos,2023-03-13,Loja São Gonçalo,São Gonçalo,2,8919.18
HD Externo,Armazenamento,2025-03-16,Loja Duque,Duque de Caxias,5,8047.65
Notebook,Eletrônicos,2023-04-16,Loja Norte,Rio de Janeiro,3,3688.57
Roteador,Redes,2023-01-02,Loja Nova Iguaçu,Nova Iguaçu,1,3376.97
Smartphone,Eletrônicos,2023-06-29,Loja Centro,Rio de Janeiro,5,8432.37
Tablet,Eletrônicos,2024-03-19,Loja Sul,Rio de Janeiro,5,2325.18
Roteador,Redes,2024-09-23,Loja Norte,Rio de Janeiro,1,133.76
Impressora,Periféricos,2025-07-13,Loja Teresópolis,Teresópolis,4,6860.93
Headset,Acessórios,2023-09-22,Loja São Gonçalo,São Gonçalo,4,15051.21
Tablet,Eletrônicos,2025-06-14,Loja Petrópolis,Petrópolis,2,7020.37
Notebook,Eletrônicos,2023-09-02,Loja Nova Iguaçu,Nova Iguaçu,4,8177.21
Smartwatch,Eletrônicos,2024-01-21,Loja Petrópolis,Petrópolis,3,3313.95
Notebook,Eletrônicos,2025-04-18,Loja Barra,Rio de Janeiro,1,3581.61
Tablet,Eletrônicos,2023-05-28,Loja São Gonçalo,São Gonçalo,3,14322.39
Mouse,Acessórios,2024-01-31,Loja Petrópolis,Petrópolis,4,12309.22
Headset,Acessórios,2024-03-17,Loja Niterói,Niterói,5,12545.06
Smartwatch,Eletrônicos,2024-04-19,Loja Teresópolis,Teresópolis,4,1161.62
Mouse,Acessórios,2024-05-16,Loja Centro,Rio de Janeiro,4,11782.84
Mesa Escritório,Móveis,2023-01-26,Loja Duque,Duque de Caxias,4,13410.82
Notebook,Eletrônicos,2025-04-16,Loja Petrópolis,Petrópolis,4,12458.04
Monitor,Eletrônicos,2023-09-24,Loja Duque,Duque de Caxias,3,4851.46
Smartwatch,Eletrônicos,2024-03-25,Loja São Gonçalo,São Gonçalo,5,24462.17
Teclado,Acessórios,2023-01-28,Loja Centro,Rio de Janeiro,4,1100.63
Impressora,Periféricos,2025-08-20,Loja Nova Iguaçu,Nova Iguaçu,2,2659.98
HD Externo,Armazenamento,2023-12-04,Loja Petrópolis,Petrópolis,3,3649.95
Pendrive,Armazenamento,2024-05-06,Loja Teresópolis,Teresópolis,4,6091.43
Notebook,Eletrônicos,2024-07-14,Loja Niterói,Niterói,5,17804.48
Tablet,Eletrônicos,2023-02-02,Loja Nova Iguaçu,Nova Iguaçu,5,13932.83
Notebook,Eletrônicos,2023-12-25,Loja Centro,Rio de Janeiro,2,4199.27
Cadeira Gamer,Móveis,2024-04-22,Loja Barra,Rio de Janeiro,4,11683.25
Webcam,Periféricos,2025-04-30,Loja Norte,Rio de Janeiro,4,15770.07
Smartphone,Eletrônicos,2024-08-10,Loja São Gonçalo,São Gonçalo,4,5878.89
HD Externo,Armazenamento,2023-11-10,Loja São Gonçalo,São Gonçalo,1,753.2
Mesa Escritório,Móveis,2025-04-11,Loja Barra,Rio de Janeiro,1,2201.31
Webcam,Periféricos,2023-03-13,Loja Teresópolis,Teresópolis,2,5360.47
Notebook,Eletrônicos,2025-09-06,Loja Duque,Duque de Caxias,3,11512.52
Cadeira Gamer,Móveis,2025-04-16,Loja Petrópolis,Petrópolis,2,7717.02
Monitor,Eletrônicos,2025-02-13,Loja Barra,Rio de Janeiro,3,14371.3
Webcam,Periféricos,2023-03-19,Loja Centro,Rio de Janeiro,2,8203.57
HD Externo,Armazenamento,2025-07-05,Loja Barra,Rio de Janeiro,4,19417.88
Monitor,Eletrônicos,2025-06-13,Loja Petrópolis,Petrópolis,4,19950.77
Pendrive,Armazenamento,2024-06-09,Loja Sul,Rio de Janeiro,2,5179.39
Mesa Escritório,Móveis,2024-01-31,Loja Sul,Rio de Janeiro,2,7906.96
Mesa Escritório,Móveis,2025-01-14,Loja São Gonçalo,São Gonçalo,3,13417.64
Headset,Acessórios,2024-11-30,Loja Niterói,Niterói,4,17886.08
Mouse,Acessórios,2025-10-08,Loja Duque,Duque de Caxias,2,7480.48
Cadeira Gamer,Móveis,2025-03-02,Loja Petrópolis,Petrópolis,1,4847.78
Cadeira Gamer,Móveis,2025-07-18,Loja Nova Iguaçu,Nova Iguaçu,3,2423.73
Impressora,Periféricos,2025-12-02,Loja São Gonçalo,São Gonçalo,2,1849.89
Cadeira Gamer,Móveis,2024-09-12,Loja Duque,Duque de Caxias,1,1478.9
Webcam,Periféricos,2025-11-25,Loja Barra,Rio de Janeiro,5,17520.48
Mesa Escritório,Móveis,2024-12-19,Loja Duque,Duque de Caxias,4,11274.18
Headset,Acessórios,2024-07-03,Loja Duque,Duque de Caxias,3,9075.23
HD Externo,Armazenamento,2025-11-27,Loja Niterói,Niterói,5,8259.33
Tablet,Eletrônicos,2024-05-31,Loja Duque,Duque de Caxias,4,3224.46
Roteador,Redes,2025-08-31,Loja Petrópolis,Petrópolis,3,14851.21
Monitor,Eletrônicos,2024-02-27,Loja Nova Iguaçu,Nova Iguaçu,2,4613.87
Impressora,Periféricos,2025-12-18,Loja Teresópolis,Teresópolis,2,1624.76
HD Externo,Armazenamento,2025-07-11,Loja Duque,Duque de Caxias,1,3401.56
Cadeira Gamer,Móveis,2023-03-28,Loja Petrópolis,Petrópolis,3,12549.3
Cadeira Gamer,Móveis,2025-09-20,Loja Teresópolis,Teresópolis,5,3835.11
Monitor,Eletrônicos,2025-10-01,Loja Petrópolis,Petrópolis,1,2151.92
Mouse,Acessórios,2025-04-19,Loja Niterói,Niterói,3,5627.91
Pendrive,Armazenamento,2024-11-03,Loja Nova Iguaçu,Nova Iguaçu,3,7931.96
Smartphone,Eletrônicos,2023-07-04,Loja Nova Iguaçu,Nova Iguaçu,3,3244.16
Monitor,Eletrônicos,2023-06-05,Loja Teresópolis,Teresópolis,3,7385.66
Teclado,Acessórios,2023-05-27,Loja Petrópolis,Petrópolis,1,3488.63
Roteador,Redes,2023-03-10,Loja Duque,Duque de Caxias,1,4251.33
Mesa Escritório,Móveis,2024-11-12,Loja Nova Iguaçu,Nova Iguaçu,4,12626.87
Mesa Escritório,Móveis,2023-02-20,Loja Norte,Rio de Janeiro,4,15974.83
Mouse,Acessórios,2025-04-26,Loja Sul,Rio de Janeiro,2,5333.44
Roteador,Redes,2023-10-06,Loja São Gonçalo,São Gonçalo,3,11877.46
Teclado,Acessórios,2024-01-02,Loja Sul,Rio de Janeiro,4,15377.83
Mouse,Acessórios,2025-10-02,Loja Petrópolis,Petrópolis,5,17897.53
Webcam,Periféricos,2023-06-26,Loja Duque,Duque de Caxias,5,11201.66
Impressora,Periféricos,2023-01-09,Loja Centro,Rio de Janeiro,4,17253.47
Roteador,Redes,2025-11-17,Loja Teresópolis,Teresópolis,3,13122.36
Tablet,Eletrônicos,2025-11-19,Loja Niterói,Niterói,2,8661.08
HD Externo,Armazenamento,2025-11-19,Loja Niterói,Niterói,5,1317.41
Smartwatch,Eletrônicos,2025-07-02,Loja São Gonçalo,São Gonçalo,4,6187.2
Monitor,Eletrônicos,2024-03-16,Loja Niterói,Niterói,5,20533.07
Smartwatch,Eletrônicos,2024-04-12,Loja Barra,Rio de Janeiro,1,4531.6
Headset,Acessórios,2023-01-23,Loja Niterói,Niterói,1,1517.68
Roteador,Redes,2024-01-01,Loja Duque,Duque de Caxias,4,9466.11
Impressora,Periféricos,2023-01-27,Loja Duque,Duque de Caxias,2,298.23
Pendrive,Armazenamento,2025-01-08,Loja Norte,Rio de Janeiro,2,9415.37
Monitor,Eletrônicos,2025-06-23,Loja Petrópolis,Petrópolis,4,17035.91
Pendrive,Armazenamento,2024-06-27,Loja São Gonçalo,São Gonçalo,2,3499.86
Tablet,Eletrônicos,2024-09-01,Loja São Gonçalo,São Gonçalo,4,18137.85
HD Externo,Armazenamento,2023-02-15,Loja Nova Iguaçu,Nova Iguaçu,4,2721.97
Teclado,Acessórios,2023-03-12,Loja Centro,Rio de Janeiro,1,98.81
Teclado,Acessórios,2025-07-26,Loja Niterói,Niterói,4,1685.44
Monitor,Eletrônicos,2024-01-15,Loja Sul,Rio de Janeiro,4,12591.76
Headset,Acessórios,2025-11-02,Loja Teresópolis,Teresópolis,3,5120.63
HD Externo,Armazenamento,2024-07-23,Loja Barra,Rio de Janeiro,4,11363.31
Mesa Escritório,Móveis,2024-12-05,Loja Norte,Rio de Janeiro,5,8299.22
Smartphone,Eletrônicos,2024-07-12,Loja São Gonçalo,São Gonçalo,5,22298.71
Headset,Acessórios,2023-02-06,Loja Petrópolis,Petrópolis,3,12044.97
Cadeira Gamer,Móveis,2025-11-17,Loja Nova Iguaçu,Nova Iguaçu,4,18242.46
Smartphone,Eletrônicos,2023-03-19,Loja Petrópolis,Petrópolis,2,6186.23
Teclado,Acessórios,2024-05-26,Loja Duque,Duque de Caxias,4,10588.83
HD Externo,Armazenamento,2025-11-05,Loja Niterói,Niterói,5,17141.7
Teclado,Acessórios,2023-04-15,Loja Petrópolis,Petrópolis,3,10801.36
Teclado,Acessórios,2025-03-28,Loja Centro,Rio de Janeiro,5,12255.12
Cadeira Gamer,Móveis,2025-11-17,Loja Teresópolis,Teresópolis,2,6906.27
Smartwatch,Eletrônicos,2025-04-16,Loja Sul,Rio de Janeiro,3,14059.82
Tablet,Eletrônicos,2025-01-20,Loja Teresópolis,Teresópolis,1,2867.25
Mouse,Acessórios,2025-03-30,Loja Barra,Rio de Janeiro,2,2819.02
Roteador,Redes,2025-10-02,Loja Teresópolis,Teresópolis,2,7176.63
Notebook,Eletrônicos,2024-12-18,Loja Niterói,Niterói,2,7149.97
Tablet,Eletrônicos,2023-04-28,Loja Petrópolis,Petrópolis,1,2096.69
Impressora,Periféricos,2023-01-27,Loja Petrópolis,Petrópolis,5,2070.37
Impressora,Periféricos,2025-02-13,Loja Nova Iguaçu,Nova Iguaçu,4,17525.68
Teclado,Acessórios,2023-10-23,Loja Duque,Duque de Caxias,1,123.6
Roteador,Redes,2025-01-22,Loja Duque,Duque de Caxias,1,564.86
Smartphone,Eletrônicos,2024-09-16,Loja Nova Iguaçu,Nova Iguaçu,5,20017.51
Smartwatch,Eletrônicos,2024-09-06,Loja São Gonçalo,São Gonçalo,5,20284.46
Smartwatch,Eletrônicos,2025-05-27,Loja Duque,Duque de Caxias,1,708.34
Teclado,Acessórios,2025-11-06,Loja Norte,Rio de Janeiro,5,20861.18
HD Externo,Armazenamento,2025-08-02,Loja Norte,Rio de Janeiro,2,5594.68
Tablet,Eletrônicos,2023-08-18,Loja Petrópolis,Petrópolis,2,7644.51
Mesa Escritório,Móveis,2025-03-03,Loja Nova Iguaçu,Nova Iguaçu,4,11653.95
Pendrive,Armazenamento,2025-04-25,Loja Norte,Rio de Janeiro,2,2387.78
Roteador,Redes,2025-10-30,Loja Barra,Rio de Janeiro,3,12791.18
Roteador,Redes,2023-07-12,Loja Nova Iguaçu,Nova Iguaçu,1,3188.3
Cadeira Gamer,Móveis,2025-05-06,Loja Niterói,Niterói,1,1089.16
Webcam,Periféricos,2023-01-13,Loja Barra,Rio de Janeiro,3,11690.84
Mesa Escritório,Móveis,2023-11-08,Loja Nova Iguaçu,Nova Iguaçu,5,16497.67
Monitor,Eletrônicos,2023-06-18,Loja Duque,Duque de Caxias,5,630.31
Monitor,Eletrônicos,2023-07-21,Loja Teresópolis,Teresópolis,2,7273.63
Notebook,Eletrônicos,2025-03-08,Loja Centro,Rio de Janeiro,2,1908.25
HD Externo,Armazenamento,2024-07-18,Loja Sul,Rio de Janeiro,5,17819.91
Webcam,Periféricos,2025-08-06,Loja Niterói,Niterói,1,3539.92
Roteador,Redes,2024-12-05,Loja Centro,Rio de Janeiro,5,9000.33
Mesa Escritório,Móveis,2024-07-24,Loja Norte,Rio de Janeiro,1,2503.88
Mouse,Acessórios,2025-03-09,Loja Niterói,Niterói,4,17797.18
Monitor,Eletrônicos,2024-03-01,Loja Barra,Rio de Janeiro,2,5073.79
Headset,Acessórios,2024-04-03,Loja Petrópolis,Petrópolis,3,10878.14
Mesa Escritório,Móveis,2023-03-25,Loja Teresópolis,Teresópolis,3,10784.5
Monitor,Eletrônicos,2024-07-29,Loja Petrópolis,Petrópolis,5,17754.88
Notebook,Eletrônicos,2023-11-14,Loja Niterói,Niterói,4,15320.21
Notebook,Eletrônicos,2025-09-12,Loja São Gonçalo,São Gonçalo,5,20971.69
Tablet,Eletrônicos,2024-05-09,Loja Teresópolis,Teresópolis,2,732.72
Headset,Acessórios,2025-04-14,Loja São Gonçalo,São Gonçalo,2,7788.25
Tablet,Eletrônicos,2023-10-08,Loja Teresópolis,Teresópolis,3,3953.84
Mouse,Acessórios,2024-12-15,Loja São Gonçalo,São Gonçalo,3,2465.13
Mouse,Acessórios,2023-07-11,Loja Nova Iguaçu,Nova Iguaçu,4,13396.11
Teclado,Acessórios,2023-11-03,Loja Norte,Rio de Janeiro,4,2313.78
Cadeira Gamer,Móveis,2025-05-19,Loja Teresópolis,Teresópolis,1,176.88
Tablet,Eletrônicos,2024-02-03,Loja Petrópolis,Petrópolis,3,14430.75
Smartphone,Eletrônicos,2024-03-11,Loja Petrópolis,Petrópolis,2,4076.74
Mesa Escritório,Móveis,2023-08-02,Loja Centro,Rio de Janeiro,4,2820.15
Impressora,Periféricos,2025-01-23,Loja Norte,Rio de Janeiro,2,9793.12
Pendrive,Armazenamento,2024-01-24,Loja Norte,Rio de Janeiro,3,11934.83
Roteador,Redes,2025-05-13,Loja Niterói,Niterói,4,16318.52
Monitor,Eletrônicos,2023-11-08,Loja Norte,Rio de Janeiro,1,624.29
Webcam,Periféricos,2024-04-20,Loja Centro,Rio de Janeiro,1,1021.62
Smartphone,Eletrônicos,2023-02-27,Loja Nova Iguaçu,Nova Iguaçu,2,6259.45
Notebook,Eletrônicos,2025-09-20,Loja Duque,Duque de Caxias,2,7421.91
Headset,Acessórios,2024-09-12,Loja Sul,Rio de Janeiro,4,8221.02
HD Externo,Armazenamento,2024-05-07,Loja Barra,Rio de Janeiro,3,6622.23
Headset,Acessórios,2023-10-21,Loja Barra,Rio de Janeiro,4,10370.32
Smartwatch,Eletrônicos,2024-06-14,Loja Sul,Rio de Janeiro,4,4842.09
Roteador,Redes,2023-07-08,Loja Teresópolis,Teresópolis,5,2524.43
HD Externo,Armazenamento,2023-09-03,Loja Sul,Rio de Janeiro,4,3227.16
Notebook,Eletrônicos,2024-05-26,Loja Teresópolis,Teresópolis,2,1365.75
Cadeira Gamer,Móveis,2023-03-20,Loja Sul,Rio de Janeiro,1,2714.06
Teclado,Acessórios,2023-09-17,Loja Barra,Rio de Janeiro,4,8353.28
Smartwatch,Eletrônicos,2023-12-26,Loja Duque,Duque de Caxias,5,21093.61
Tablet,Eletrônicos,2024-06-05,Loja Duque,Duque de Caxias,4,12262.61
HD Externo,Armazenamento,2024-10-31,Loja Norte,Rio de Janeiro,2,199.73
Roteador,Redes,2023-06-26,Loja Barra,Rio de Janeiro,2,8361.29
Mesa Escritório,Móveis,2023-08-18,Loja Centro,Rio de Janeiro,3,13113.29
Roteador,Redes,2023-02-24,Loja Barra,Rio de Janeiro,3,3252.0
Tablet,Eletrônicos,2025-05-02,Loja Duque,Duque de Caxias,4,17194.53
Teclado,Acessórios,2024-01-01,Loja Teresópolis,Teresópolis,1,1589.66
Smartphone,Eletrônicos,2023-01-11,Loja Centro,Rio de Janeiro,2,3581.31
Mesa Escritório,Móveis,2023-04-02,Loja Petrópolis,Petrópolis,1,4380.92
Smartwatch,Eletrônicos,2025-08-12,Loja Centro,Rio de Janeiro,5,17634.3
HD Externo,Armazenamento,2023-07-13,Loja Norte,Rio de Janeiro,2,4008.4
Mouse,Acessórios,2024-09-30,Loja Barra,Rio de Janeiro,3,13388.11
Mesa Escritório,Móveis,2024-11-25,Loja Norte,Rio de Janeiro,4,4053.46
Impressora,Periféricos,2024-06-17,Loja Centro,Rio de Janeiro,3,3812.27
Webcam,Periféricos,2025-01-31,Loja Barra,Rio de Janeiro,3,11089.35
Smartwatch,Eletrônicos,2025-10-18,Loja Teresópolis,Teresópolis,1,2827.54
Smartwatch,Eletrônicos,2023-07-03,Loja Teresópolis,Teresópolis,4,2788.39
Mesa Escritório,Móveis,2025-12-28,Loja Petrópolis,Petrópolis,5,1988.37
Webcam,Periféricos,2025-02-21,Loja Petrópolis,Petrópolis,4,12008.43
Impressora,Periféricos,2025-10-03,Loja Nova Iguaçu,Nova Iguaçu,3,10525.06
Headset,Acessórios,2023-07-30,Loja Duque,Duque de Caxias,1,732.6
Mesa Escritório,Móveis,2024-09-30,Loja Sul,Rio de Janeiro,3,14237.54
Tablet,Eletrônicos,2024-08-01,Loja Duque,Duque de Caxias,3,14905.49
Tablet,Eletrônicos,2024-11-28,Loja Barra,Rio de Janeiro,5,21959.68
Cadeira Gamer,Móveis,2024-05-14,Loja Duque,Duque de Caxias,5,23298.85
Mesa Escritório,Móveis,2025-12-09,Loja Duque,Duque de Caxias,4,18156.08
Smartwatch,Eletrônicos,2023-02-22,Loja Sul,Rio de Janeiro,2,8440.33
Pendrive,Armazenamento,2023-04-07,Loja Petrópolis,Petrópolis,3,7415.96
Notebook,Eletrônicos,2024-12-23,Loja Duque,Duque de Caxias,5,10595.46
Smartwatch,Eletrônicos,2023-11-29,Loja São Gonçalo,São Gonçalo,4,5493.13
HD Externo,Armazenamento,2024-07-17,Loja Barra,Rio de Janeiro,5,17881.75
Smartphone,Eletrônicos,2025-11-30,Loja Duque,Duque de Caxias,1,249.38
Notebook,Eletrônicos,2023-12-01,Loja São Gonçalo,São Gonçalo,1,164.27
Roteador,Redes,2024-11-06,Loja Centro,Rio de Janeiro,1,4688.87
Mouse,Acessórios,2023-12-17,Loja Norte,Rio de Janeiro,1,1396.23
Roteador,Redes,2023-12-23,Loja São Gonçalo,São Gonçalo,2,2291.96
Mouse,Acessórios,2024-05-17,Loja Niterói,Niterói,2,5370.24
Mouse,Acessórios,2023-03-24,Loja Barra,Rio de Janeiro,2,550.95
HD Externo,Armazenamento,2023-10-17,Loja Barra,Rio de Janeiro,4,11046.67
Impressora,Periféricos,2024-11-16,Loja Sul,Rio de Janeiro,1,1935.38
Monitor,Eletrônicos,2024-01-08,Loja Barra,Rio de Janeiro,3,8466.06
Smartwatch,Eletrônicos,2023-04-14,Loja Duque,Duque de Caxias,1,4766.38
Cadeira Gamer,Móveis,2025-02-21,Loja Sul,Rio de Janeiro,3,14376.03
HD Externo,Armazenamento,2025-12-28,Loja Nova Iguaçu,Nova Iguaçu,3,14841.6
HD Externo,Armazenamento,2024-06-01,Loja Barra,Rio de Janeiro,1,4848.12
Headset,Acessórios,2024-01-22,Loja Sul,Rio de Janeiro,4,5987.35
Notebook,Eletrônicos,2025-08-20,Loja Teresópolis,Teresópolis,5,10729.77
Smartwatch,Eletrônicos,2025-04-04,Loja Nova Iguaçu,Nova Iguaçu,5,11122.76
Teclado,Acessórios,2023-11-03,Loja Niterói,Niterói,5,15947.14
Mouse,Acessórios,2024-11-28,Loja Niterói,Niterói,1,3889.49
Webcam,Periféricos,2024-03-01,Loja Sul,Rio de Janeiro,4,9050.33
Mesa Escritório,Móveis,2025-04-03,Loja Teresópolis,Teresópolis,2,7882.4
Monitor,Eletrônicos,2025-09-14,Loja Duque,Duque de Caxias,1,1062.05
HD Externo,Armazenamento,2025-12-14,Loja Niterói,Niterói,1,2372.95
Smartwatch,Eletrônicos,2023-01-22,Loja Sul,Rio de Janeiro,1,160.39
Teclado,Acessórios,2023-07-26,Loja Norte,Rio de Janeiro,5,23590.46
Roteador,Redes,2024-12-08,Loja Norte,Rio de Janeiro,1,405.78
Impressora,Periféricos,2025-05-13,Loja Sul,Rio de Janeiro,2,3358.05
Monitor,Eletrônicos,2025-12-10,Loja Centro,Rio de Janeiro,2,8448.99
Webcam,Periféricos,2024-05-17,Loja Duque,Duque de Caxias,4,13930.64
Mesa Escritório,Móveis,2023-09-01,Loja Teresópolis,Teresópolis,5,15105.41
Monitor,Eletrônicos,2023-08-27,Loja Petrópolis,Petrópolis,3,3111.69
Teclado,Acessórios,2023-09-03,Loja Niterói,Niterói,2,6745.9
Webcam,Periféricos,2024-01-02,Loja Sul,Rio de Janeiro,2,2905.64
Cadeira Gamer,Móveis,2024-03-21,Loja Teresópolis,Teresópolis,4,7162.37
Teclado,Acessórios,2025-06-22,Loja Niterói,Niterói,1,983.93
Pendrive,Armazenamento,2025-01-26,Loja Barra,Rio de Janeiro,3,11787.03
Webcam,Periféricos,2023-12-06,Loja Norte,Rio de Janeiro,4,7914.6
HD Externo,Armazenamento,2025-04-29,Loja Centro,Rio de Janeiro,5,22907.96
Tablet,Eletrônicos,2025-09-11,Loja Nova Iguaçu,Nova Iguaçu,5,864.03
Monitor,Eletrônicos,2024-11-04,Loja Niterói,Niterói,5,20912.83
Roteador,Redes,2023-06-25,Loja Centro,Rio de Janeiro,5,10828.71
HD Externo,Armazenamento,2023-11-02,Loja Sul,Rio de Janeiro,2,7671.99
Monitor,Eletrônicos,2025-12-14,Loja Nova Iguaçu,Nova Iguaçu,2,7056.01
Headset,Acessórios,2025-03-07,Loja São Gonçalo,São Gonçalo,2,3053.97
Notebook,Eletrônicos,2023-10-28,Loja Duque,Duque de Caxias,3,611.76
Mouse,Acessórios,2024-04-27,Loja São Gonçalo,São Gonçalo,3,7604.89
Cadeira Gamer,Móveis,2025-09-14,Loja Sul,Rio de Janeiro,3,3538.44
Monitor,Eletrônicos,2025-09-13,Loja Niterói,Niterói,1,4856.33
Cadeira Gamer,Móveis,2025-01-29,Loja Niterói,Niterói,5,865.68
Tablet,Eletrônicos,2025-06-22,Loja Petrópolis,Petrópolis,5,1092.6
Webcam,Periféricos,2023-10-02,Loja Centro,Rio de Janeiro,4,6895.24
HD Externo,Armazenamento,2025-12-03,Loja Barra,Rio de Janeiro,3,4959.19
Mouse,Acessórios,2023-02-08,Loja São Gonçalo,São Gonçalo,5,2476.69
Smartwatch,Eletrônicos,2024-01-03,Loja Duque,Duque de Caxias,3,4605.45
Impressora,Periféricos,2023-07-26,Loja Sul,Rio de Janeiro,4,16371.56
HD Externo,Armazenamento,2025-03-29,Loja Norte,Rio de Janeiro,4,17873.5
Roteador,Redes,2023-10-15,Loja Nova Iguaçu,Nova Iguaçu,2,628.8
Teclado,Acessórios,2023-02-19,Loja Norte,Rio de Janeiro,4,14200.99
Monitor,Eletrônicos,2023-08-01,Loja Niterói,Niterói,2,5582.93
Tablet,Eletrônicos,2025-05-30,Loja Norte,Rio de Janeiro,1,2080.31
Smartphone,Eletrônicos,2023-11-30,Loja Barra,Rio de Janeiro,4,11059.97
Smartphone,Eletrônicos,2024-08-23,Loja Sul,Rio de Janeiro,2,9455.56
Smartwatch,Eletrônicos,2024-08-21,Loja Niterói,Niterói,5,11755.56
Mesa Escritório,Móveis,2023-12-27,Loja Nova Iguaçu,Nova Iguaçu,2,7339.02
Teclado,Acessórios,2025-04-13,Loja Niterói,Niterói,1,2916.41
Roteador,Redes,2023-08-21,Loja Niterói,Niterói,2,3205.98
Impressora,Periféricos,2024-12-18,Loja Sul,Rio de Janeiro,3,4039.65
Roteador,Redes,2023-11-13,Loja Barra,Rio de Janeiro,1,865.12
Smartphone,Eletrônicos,2023-01-18,Loja Teresópolis,Teresópolis,3,6142.31
Mesa Escritório,Móveis,2023-12-26,Loja Teresópolis,Teresópolis,4,7784.7
Smartwatch,Eletrônicos,2024-10-02,Loja Barra,Rio de Janeiro,3,14202.69
HD Externo,Armazenamento,2024-11-07,Loja Petrópolis,Petrópolis,1,967.08
Teclado,Acessórios,2023-04-01,Loja Sul,Rio de Janeiro,4,2841.09
Pendrive,Armazenamento,2024-09-14,Loja Duque,Duque de Caxias,2,7714.95
Smartphone,Eletrônicos,2025-02-28,Loja Barra,Rio de Janeiro,3,3774.8
Pendrive,Armazenamento,2023-08-29,Loja São Gonçalo,São Gonçalo,2,2267.9
Monitor,Eletrônicos,2023-10-25,Loja Teresópolis,Teresópolis,5,10968.59
Smartwatch,Eletrônicos,2023-02-18,Loja Barra,Rio de Janeiro,3,7084.47
Teclado,Acessórios,2025-12-03,Loja Norte,Rio de Janeiro,2,4311.77
Notebook,Eletrônicos,2025-02-28,Loja Teresópolis,Teresópolis,3,10911.86
Notebook,Eletrônicos,2025-02-04,Loja Nova Iguaçu,Nova Iguaçu,2,208.54
Smartwatch,Eletrônicos,2023-04-05,Loja Teresópolis,Teresópolis,5,15398.96
Monitor,Eletrônicos,2025-01-25,Loja Duque,Duque de Caxias,2,6911.04
Teclado,Acessórios,2023-10-22,Loja Nova Iguaçu,Nova Iguaçu,2,8364.55
Tablet,Eletrônicos,2023-02-06,Loja Barra,Rio de Janeiro,2,1999.58
HD Externo,Armazenamento,2025-09-06,Loja Petrópolis,Petrópolis,2,1284.34
Teclado,Acessórios,2023-03-19,Loja São Gonçalo,São Gonçalo,1,3393.51
Roteador,Redes,2023-09-20,Loja Nova Iguaçu,Nova Iguaçu,1,1909.74
Mesa Escritório,Móveis,2023-09-16,Loja Niterói,Niterói,5,6687.87
HD Externo,Armazenamento,2023-09-19,Loja Barra,Rio de Janeiro,2,888.2
Webcam,Periféricos,2023-11-20,Loja Centro,Rio de Janeiro,5,12013.5
Smartwatch,Eletrônicos,2024-12-27,Loja Barra,Rio de Janeiro,5,11743.97
Cadeira Gamer,Móveis,2024-03-23,Loja Centro,Rio de Janeiro,2,3389.56
Monitor,Eletrônicos,2024-12-31,Loja Niterói,Niterói,3,4595.3
Impressora,Periféricos,2023-07-28,Loja Sul,Rio de Janeiro,3,13456.02
Cadeira Gamer,Móveis,2024-03-09,Loja Nova Iguaçu,Nova Iguaçu,5,6865.55
Impressora,Periféricos,2024-01-28,Loja Duque,Duque de Caxias,5,10911.34
HD Externo,Armazenamento,2023-07-11,Loja Barra,Rio de Janeiro,4,4764.9
Smartwatch,Eletrônicos,2023-03-18,Loja Norte,Rio de Janeiro,1,1226.61
Smartwatch,Eletrônicos,2024-06-27,Loja Petrópolis,Petrópolis,1,1432.62
Pendrive,Armazenamento,2023-04-27,Loja Centro,Rio de Janeiro,5,17237.71
Monitor,Eletrônicos,2023-04-26,Loja Teresópolis,Teresópolis,3,2443.06
Cadeira Gamer,Móveis,2024-01-07,Loja Teresópolis,Teresópolis,5,24702.83
Smartwatch,Eletrônicos,2025-11-02,Loja São Gonçalo,São Gonçalo,4,2480.25
Teclado,Acessórios,2023-11-27,Loja Niterói,Niterói,4,8174.1
Teclado,Acessórios,2023-08-10,Loja Teresópolis,Teresópolis,5,23595.05
Mesa Escritório,Móveis,2023-05-31,Loja Niterói,Niterói,1,2107.73
Tablet,Eletrônicos,2023-11-28,Loja Teresópolis,Teresópolis,5,12370.21
Smartphone,Eletrônicos,2025-06-15,Loja São Gonçalo,São Gonçalo,1,4428.26
Smartwatch,Eletrônicos,2023-10-30,Loja Barra,Rio de Janeiro,2,8845.35
Notebook,Eletrônicos,2025-09-27,Loja Teresópolis,Teresópolis,3,5128.06
Tablet,Eletrônicos,2025-10-22,Loja Duque,Duque de Caxias,2,8562.72
Headset,Acessórios,2024-01-15,Loja Barra,Rio de Janeiro,3,5728.38
Teclado,Acessórios,2024-02-25,Loja Duque,Duque de Caxias,1,2045.99
Impressora,Periféricos,2024-12-05,Loja Norte,Rio de Janeiro,2,7589.13
Webcam,Periféricos,2024-05-18,Loja Nova Iguaçu,Nova Iguaçu,1,1040.33
Mesa Escritório,Móveis,2024-08-04,Loja Barra,Rio de Janeiro,5,3371.04
Headset,Acessórios,2025-01-23,Loja São Gonçalo,São Gonçalo,4,14923.07
Impressora,Periféricos,2025-03-14,Loja Teresópolis,Teresópolis,2,823.28
Smartwatch,Eletrônicos,2024-03-09,Loja Centro,Rio de Janeiro,1,2570.6
Headset,Acessórios,2024-01-04,Loja Barra,Rio de Janeiro,1,4070.59
HD Externo,Armazenamento,2024-06-10,Loja Duque,Duque de Caxias,5,21558.03
Mouse,Acessórios,2023-03-13,Loja Barra,Rio de Janeiro,5,10498.2
Headset,Acessórios,2025-05-12,Loja Teresópolis,Teresópolis,4,2396.93
Mesa Escritório,Móveis,2025-06-15,Loja Sul,Rio de Janeiro,4,3925.31
Pendrive,Armazenamento,2025-12-17,Loja Niterói,Niterói,1,480.82
Impressora,Periféricos,2025-07-14,Loja Sul,Rio de Janeiro,3,2047.73
Roteador,Redes,2023-02-21,Loja Norte,Rio de Janeiro,3,1768.23
HD Externo,Armazenamento,2024-11-09,Loja Teresópolis,Teresópolis,5,16078.96
Pendrive,Armazenamento,2024-10-15,Loja Barra,Rio de Janeiro,5,19664.93
Webcam,Periféricos,2025-03-31,Loja Nova Iguaçu,Nova Iguaçu,5,8191.81
Pendrive,Armazenamento,2024-12-04,Loja Centro,Rio de Janeiro,4,5462.83
Mesa Escritório,Móveis,2023-01-30,Loja Centro,Rio de Janeiro,5,9779.77
Webcam,Periféricos,2023-04-17,Loja Petrópolis,Petrópolis,3,12113.71
Roteador,Redes,2024-10-28,Loja Barra,Rio de Janeiro,1,1789.64
Monitor,Eletrônicos,2025-03-08,Loja Sul,Rio de Janeiro,5,21000.72
Smartwatch,Eletrônicos,2025-09-23,Loja Teresópolis,Teresópolis,1,1843.03
Monitor,Eletrônicos,2024-02-27,Loja Nova Iguaçu,Nova Iguaçu,2,7025.63
Impressora,Periféricos,2024-12-03,Loja Nova Iguaçu,Nova Iguaçu,1,372.7
Pendrive,Armazenamento,2025-08-30,Loja Teresópolis,Teresópolis,2,7629.53
Notebook,Eletrônicos,2024-02-16,Loja Barra,Rio de Janeiro,2,2887.59
Impressora,Periféricos,2025-04-22,Loja Nova Iguaçu,Nova Iguaçu,1,161.34
Roteador,Redes,2025-03-16,Loja Petrópolis,Petrópolis,4,9737.66
Notebook,Eletrônicos,2023-02-01,Loja Centro,Rio de Janeiro,3,13315.81
Mesa Escritório,Móveis,2025-05-20,Loja Duque,Duque de Caxias,2,4089.43
Smartwatch,Eletrônicos,2023-11-26,Loja Norte,Rio de Janeiro,3,8769.21
Pendrive,Armazenamento,2024-08-27,Loja Norte,Rio de Janeiro,4,8700.56
Roteador,Redes,2024-01-08,Loja Centro,Rio de Janeiro,1,1529.08
Smartwatch,Eletrônicos,2025-04-07,Loja Niterói,Niterói,3,13719.87
HD Externo,Armazenamento,2024-09-05,Loja Teresópolis,Teresópolis,3,10482.66
Notebook,Eletrônicos,2023-07-24,Loja Sul,Rio de Janeiro,1,3753.32
Cadeira Gamer,Móveis,2025-11-03,Loja Centro,Rio de Janeiro,3,9310.73
Smartphone,Eletrônicos,2024-08-23,Loja Nova Iguaçu,Nova Iguaçu,5,4314.97
Mesa Escritório,Móveis,2023-12-16,Loja Petrópolis,Petrópolis,4,5788.13
Tablet,Eletrônicos,2023-12-24,Loja Petrópolis,Petrópolis,2,7585.11
Cadeira Gamer,Móveis,2024-12-02,Loja Duque,Duque de Caxias,4,14733.29
Mouse,Acessórios,2023-11-28,Loja Niterói,Niterói,2,8862.68
Impressora,Periféricos,2025-11-18,Loja Duque,Duque de Caxias,3,13918.55
Tablet,Eletrônicos,2023-04-23,Loja Niterói,Niterói,2,3521.25
Pendrive,Armazenamento,2024-05-22,Loja Norte,Rio de Janeiro,4,19935.33
Impressora,Periféricos,2023-10-17,Loja Centro,Rio de Janeiro,4,514.69
Smartwatch,Eletrônicos,2024-09-15,Loja Norte,Rio de Janeiro,3,3211.27
Notebook,Eletrônicos,2024-07-20,Loja Petrópolis,Petrópolis,2,6984.53
Roteador,Redes,2024-08-18,Loja Niterói,Niterói,2,285.96
Mouse,Acessórios,2025-10-09,Loja Niterói,Niterói,3,11215.22
Mesa Escritório,Móveis,2023-09-19,Loja Centro,Rio de Janeiro,3,10695.65
Teclado,Acessórios,2024-12-25,Loja Niterói,Niterói,5,22628.17
Headset,Acessórios,2024-04-10,Loja Barra,Rio de Janeiro,4,12959.04
Webcam,Periféricos,2025-07-22,Loja Sul,Rio de Janeiro,3,14917.3
Webcam,Periféricos,2024-06-16,Loja Centro,Rio de Janeiro,2,699.57
Impressora,Periféricos,2023-07-15,Loja Centro,Rio de Janeiro,4,17188.31
Teclado,Acessórios,2024-03-30,Loja Niterói,Niterói,1,2564.08
Smartphone,Eletrônicos,2023-06-24,Loja São Gonçalo,São Gonçalo,2,5141.53
Roteador,Redes,2025-01-27,Loja Duque,Duque de Caxias,3,8544.54
Headset,Acessórios,2024-10-26,Loja Nova Iguaçu,Nova Iguaçu,3,3966.24
Smartwatch,Eletrônicos,2023-12-29,Loja Centro,Rio de Janeiro,5,20012.74
Mesa Escritório,Móveis,2023-10-31,Loja Norte,Rio de Janeiro,3,14803.93
Mesa Escritório,Móveis,2025-06-02,Loja Niterói,Niterói,5,21484.45
Smartwatch,Eletrônicos,2023-11-14,Loja Duque,Duque de Caxias,5,14150.0
Teclado,Acessórios,2025-03-11,Loja Petrópolis,Petrópolis,4,11662.94
HD Externo,Armazenamento,2025-01-22,Loja Petrópolis,Petrópolis,1,3367.5
Headset,Acessórios,2025-04-06,Loja Duque,Duque de Caxias,3,6826.36
Pendrive,Armazenamento,2025-02-08,Loja Teresópolis,Teresópolis,2,9972.32
Notebook,Eletrônicos,2024-04-15,Loja Centro,Rio de Janeiro,5,24871.62
Pendrive,Armazenamento,2023-10-12,Loja Sul,Rio de Janeiro,4,14105.51
Monitor,Eletrônicos,2023-10-29,Loja Duque,Duque de Caxias,4,3401.11
Webcam,Periféricos,2025-04-13,Loja Duque,Duque de Caxias,5,14350.19
Mouse,Acessórios,2023-04-10,Loja Barra,Rio de Janeiro,5,23072.75
Monitor,Eletrônicos,2023-04-22,Loja Barra,Rio de Janeiro,5,20197.34
Pendrive,Armazenamento,2024-03-30,Loja Teresópolis,Teresópolis,2,7890.91
HD Externo,Armazenamento,2024-02-06,Loja Teresópolis,Teresópolis,2,5378.69
Mesa Escritório,Móveis,2024-06-02,Loja Duque,Duque de Caxias,5,19515.29
Smartphone,Eletrônicos,2025-09-26,Loja Petrópolis,Petrópolis,2,5977.16
Monitor,Eletrônicos,2024-11-18,Loja Petrópolis,Petrópolis,3,13559.57
Headset,Acessórios,2024-04-22,Loja São Gonçalo,São Gonçalo,1,4868.96
Pendrive,Armazenamento,2024-04-07,Loja Teresópolis,Teresópolis,2,1288.03
Webcam,Periféricos,2024-01-11,Loja São Gonçalo,São Gonçalo,1,4557.53
Cadeira Gamer,Móveis,2025-06-12,Loja Norte,Rio de Janeiro,5,14719.06
Webcam,Periféricos,2024-09-01,Loja Nova Iguaçu,Nova Iguaçu,5,15834.4
Teclado,Acessórios,2024-07-23,Loja Sul,Rio de Janeiro,4,16547.05
Smartwatch,Eletrônicos,2024-02-03,Loja Centro,Rio de Janeiro,1,735.29
Teclado,Acessórios,2023-06-18,Loja Teresópolis,Teresópolis,4,320.45
Teclado,Acessórios,2024-05-21,Loja Duque,Duque de Caxias,1,599.93
Notebook,Eletrônicos,2024-12-04,Loja Barra,Rio de Janeiro,1,2521.1
Notebook,Eletrônicos,2023-05-11,Loja Niterói,Niterói,4,17935.24
Smartwatch,Eletrônicos,2024-06-19,Loja Duque,Duque de Caxias,3,14626.86
Roteador,Redes,2024-08-10,Loja Teresópolis,Teresópolis,4,9661.97
Mouse,Acessórios,2023-07-23,Loja Nova Iguaçu,Nova Iguaçu,5,15181.87
Smartwatch,Eletrônicos,2023-10-31,Loja Niterói,Niterói,2,1390.25
Tablet,Eletrônicos,2025-12-07,Loja Niterói,Niterói,4,5009.15
HD Externo,Armazenamento,2023-03-28,Loja São Gonçalo,São Gonçalo,5,2686.33
Teclado,Acessórios,2024-05-25,Loja Teresópolis,Teresópolis,1,1651.47
Pendrive,Armazenamento,2023-11-07,Loja Nova Iguaçu,Nova Iguaçu,2,6929.43
Notebook,Eletrônicos,2024-06-02,Loja Nova Iguaçu,Nova Iguaçu,5,9854.22
Mouse,Acessórios,2023-03-31,Loja Barra,Rio de Janeiro,2,7073.42
Mesa Escritório,Móveis,2025-09-08,Loja Teresópolis,Teresópolis,4,2752.96
Notebook,Eletrônicos,2023-02-21,Loja Niterói,Niterói,4,16559.9
Webcam,Periféricos,2024-04-14,Loja Nova Iguaçu,Nova Iguaçu,2,6870.45
Tablet,Eletrônicos,2024-05-29,Loja Sul,Rio de Janeiro,4,6719.02
Mesa Escritório,Móveis,2025-12-25,Loja Barra,Rio de Janeiro,4,19362.68
Mouse,Acessórios,2025-11-22,Loja Duque,Duque de Caxias,4,17982.73
Mouse,Acessórios,2024-03-03,Loja Nova Iguaçu,Nova Iguaçu,4,2180.63
Notebook,Eletrônicos,2024-07-14,Loja Niterói,Niterói,1,3412.03
Pendrive,Armazenamento,2023-06-28,Loja Petrópolis,Petrópolis,3,6551.57
Smartphone,Eletrônicos,2025-08-26,Loja São Gonçalo,São Gonçalo,5,17458.15
Mouse,Acessórios,2023-03-13,Loja Petrópolis,Petrópolis,4,11542.6
Monitor,Eletrônicos,2024-07-26,Loja Niterói,Niterói,4,19362.44
Headset,Acessórios,2025-08-26,Loja Niterói,Niterói,4,18946.47
Mouse,Acessórios,2024-06-08,Loja Norte,Rio de Janeiro,2,9392.03
Cadeira Gamer,Móveis,2025-05-01,Loja São Gonçalo,São Gonçalo,3,3748.6
Pendrive,Armazenamento,2023-06-17,Loja Teresópolis,Teresópolis,1,680.38
Mesa Escritório,Móveis,2024-08-29,Loja Norte,Rio de Janeiro,3,1862.08
Notebook,Eletrônicos,2023-02-17,Loja São Gonçalo,São Gonçalo,1,1354.04
Cadeira Gamer,Móveis,2023-06-22,Loja Duque,Duque de Caxias,2,9164.36
Monitor,Eletrônicos,2025-04-29,Loja Nova Iguaçu,Nova Iguaçu,5,24362.5
Tablet,Eletrônicos,2025-02-09,Loja São Gonçalo,São Gonçalo,4,719.89
Pendrive,Armazenamento,2024-09-17,Loja São Gonçalo,São Gonçalo,1,1726.46
Notebook,Eletrônicos,2023-06-04,Loja Niterói,Niterói,3,3688.2
Headset,Acessórios,2023-07-13,Loja Duque,Duque de Caxias,2,6461.54
Impressora,Periféricos,2025-07-30,Loja Sul,Rio de Janeiro,3,6030.96
Headset,Acessórios,2024-01-08,Loja Petrópolis,Petrópolis,2,5279.51
HD Externo,Armazenamento,2025-08-05,Loja Teresópolis,Teresópolis,1,2573.23
HD Externo,Armazenamento,2025-09-22,Loja Centro,Rio de Janeiro,2,271.53
Monitor,Eletrônicos,2024-03-28,Loja Teresópolis,Teresópolis,3,8743.7
Cadeira Gamer,Móveis,2023-02-20,Loja Sul,Rio de Janeiro,1,2170.3
Smartwatch,Eletrônicos,2023-07-29,Loja Sul,Rio de Janeiro,1,4863.8
Roteador,Redes,2024-09-18,Loja São Gonçalo,São Gonçalo,3,7229.17
Impressora,Periféricos,2025-01-23,Loja Barra,Rio de Janeiro,1,3372.01
Monitor,Eletrônicos,2025-06-21,Loja Teresópolis,Teresópolis,1,306.02
Smartphone,Eletrônicos,2023-09-15,Loja Nova Iguaçu,Nova Iguaçu,3,4440.38
Headset,Acessórios,2023-05-29,Loja Centro,Rio de Janeiro,5,15400.71
HD Externo,Armazenamento,2025-02-12,Loja Petrópolis,Petrópolis,3,2185.34
Impressora,Periféricos,2023-07-16,Loja Sul,Rio de Janeiro,1,1732.48
Notebook,Eletrônicos,2023-08-11,Loja Barra,Rio de Janeiro,5,3187.14
Smartphone,Eletrônicos,2024-10-15,Loja Centro,Rio de Janeiro,2,3087.61
Smartwatch,Eletrônicos,2024-07-27,Loja Norte,Rio de Janeiro,1,2216.2
Mesa Escritório,Móveis,2025-09-18,Loja Centro,Rio de Janeiro,4,15510.87
Teclado,Acessórios,2023-09-20,Loja Duque,Duque de Caxias,1,1220.54
Mesa Escritório,Móveis,2023-08-07,Loja Nova Iguaçu,Nova Iguaçu,2,7910.61
Tablet,Eletrônicos,2025-06-04,Loja Barra,Rio de Janeiro,3,6889.72
HD Externo,Armazenamento,2025-07-03,Loja Centro,Rio de Janeiro,2,9239.12
HD Externo,Armazenamento,2023-02-25,Loja Niterói,Niterói,2,6353.28
Cadeira Gamer,Móveis,2023-09-21,Loja Teresópolis,Teresópolis,1,614.55
Tablet,Eletrônicos,2023-10-28,Loja Teresópolis,Teresópolis,1,3096.77
Cadeira Gamer,Móveis,2025-05-23,Loja Niterói,Niterói,2,4576.61
Mesa Escritório,Móveis,2023-03-10,Loja Niterói,Niterói,1,189.91
Notebook,Eletrônicos,2024-08-04,Loja Nova Iguaçu,Nova Iguaçu,1,2145.52
Impressora,Periféricos,2023-04-21,Loja Duque,Duque de Caxias,3,3346.21
Smartwatch,Eletrônicos,2025-08-24,Loja Norte,Rio de Janeiro,2,8401.5
Mesa Escritório,Móveis,2025-03-11,Loja São Gonçalo,São Gonçalo,3,3810.84
HD Externo,Armazenamento,2023-09-29,Loja Barra,Rio de Janeiro,5,11303.33
Monitor,Eletrônicos,2023-02-07,Loja São Gonçalo,São Gonçalo,1,3338.66
Roteador,Redes,2024-07-20,Loja Sul,Rio de Janeiro,1,573.61
Teclado,Acessórios,2024-09-18,Loja Niterói,Niterói,5,10482.06
Notebook,Eletrônicos,2025-02-25,Loja Sul,Rio de Janeiro,1,3529.11
Notebook,Eletrônicos,2024-11-22,Loja Duque,Duque de Caxias,1,2197.23
Impressora,Periféricos,2024-10-07,Loja Petrópolis,Petrópolis,1,313.98
Roteador,Redes,2025-08-17,Loja Barra,Rio de Janeiro,5,4250.0
Roteador,Redes,2024-11-10,Loja Teresópolis,Teresópolis,1,919.34
Mouse,Acessórios,2025-05-04,Loja Niterói,Niterói,5,23362.0
Pendrive,Armazenamento,2024-09-19,Loja Sul,Rio de Janeiro,1,3103.58
HD Externo,Armazenamento,2024-05-29,Loja Teresópolis,Teresópolis,3,14750.76
Cadeira Gamer,Móveis,2024-07-15,Loja Teresópolis,Teresópolis,2,6856.54
Notebook,Eletrônicos,2025-11-27,Loja Petrópolis,Petrópolis,1,2360.24
Notebook,Eletrônicos,2023-03-08,Loja Nova Iguaçu,Nova Iguaçu,1,2453.2
Webcam,Periféricos,2024-12-21,Loja Centro,Rio de Janeiro,1,1392.78
Smartwatch,Eletrônicos,2023-04-25,Loja Petrópolis,Petrópolis,4,6587.05
Cadeira Gamer,Móveis,2025-04-25,Loja Barra,Rio de Janeiro,5,8509.44
Webcam,Periféricos,2023-03-15,Loja Barra,Rio de Janeiro,4,2082.29
Cadeira Gamer,Móveis,2024-05-30,Loja Petrópolis,Petrópolis,5,3057.33
Monitor,Eletrônicos,2024-05-25,Loja Centro,Rio de Janeiro,1,95.09
Pendrive,Armazenamento,2023-03-06,Loja Petrópolis,Petrópolis,1,3891.89
Roteador,Redes,2023-10-05,Loja Centro,Rio de Janeiro,4,10763.47
Smartwatch,Eletrônicos,2024-01-31,Loja Petrópolis,Petrópolis,1,2084.66
Mesa Escritório,Móveis,2024-01-10,Loja Sul,Rio de Janeiro,4,15581.26
Smartwatch,Eletrônicos,2023-11-17,Loja Centro,Rio de Janeiro,2,3696.14
Smartphone,Eletrônicos,2025-07-05,Loja Centro,Rio de Janeiro,4,1009.56
Monitor,Eletrônicos,2023-03-12,Loja Nova Iguaçu,Nova Iguaçu,1,3374.63
Impressora,Periféricos,2025-09-14,Loja Sul,Rio de Janeiro,4,15349.21
Mesa Escritório,Móveis,2023-06-07,Loja São Gonçalo,São Gonçalo,3,13335.34
Mesa Escritório,Móveis,2025-01-15,Loja Teresópolis,Teresópolis,2,2638.54
Mesa Escritório,Móveis,2025-02-24,Loja Centro,Rio de Janeiro,3,1570.68
Webcam,Periféricos,2023-12-13,Loja Niterói,Niterói,3,7107.79
Smartwatch,Eletrônicos,2023-07-11,Loja Norte,Rio de Janeiro,1,2143.21
Mouse,Acessórios,2023-05-16,Loja Niterói,Niterói,2,8810.0
HD Externo,Armazenamento,2024-02-04,Loja Niterói,Niterói,5,10636.45
Roteador,Redes,2025-10-25,Loja Teresópolis,Teresópolis,2,4373.86
Pendrive,Armazenamento,2023-10-05,Loja Niterói,Niterói,4,5597.37
Headset,Acessórios,2023-04-07,Loja Duque,Duque de Caxias,4,2746.02
Monitor,Eletrônicos,2023-12-14,Loja Centro,Rio de Janeiro,1,982.32
Impressora,Periféricos,2024-02-27,Loja Norte,Rio de Janeiro,3,2379.78
Cadeira Gamer,Móveis,2025-04-16,Loja Nova Iguaçu,Nova Iguaçu,3,14188.69
Pendrive,Armazenamento,2024-05-18,Loja Norte,Rio de Janeiro,1,821.8
Smartwatch,Eletrônicos,2023-06-18,Loja Niterói,Niterói,4,4042.27
Impressora,Periféricos,2023-05-27,Loja Centro,Rio de Janeiro,1,1669.6
Impressora,Periféricos,2025-10-22,Loja Barra,Rio de Janeiro,3,7326.24
Mesa Escritório,Móveis,2025-06-22,Loja Petrópolis,Petrópolis,2,7770.79
Cadeira Gamer,Móveis,2024-05-22,Loja Barra,Rio de Janeiro,4,1194.22
Webcam,Periféricos,2025-09-10,Loja Norte,Rio de Janeiro,1,1809.47
Roteador,Redes,2025-02-11,Loja Nova Iguaçu,Nova Iguaçu,5,23798.73
Teclado,Acessórios,2025-08-01,Loja Centro,Rio de Janeiro,1,3767.1
HD Externo,Armazenamento,2024-02-23,Loja Barra,Rio de Janeiro,1,3143.34
Pendrive,Armazenamento,2023-06-11,Loja Duque,Duque de Caxias,2,1006.2
Pendrive,Armazenamento,2024-12-28,Loja São Gonçalo,São Gonçalo,1,128.08
Notebook,Eletrônicos,2024-10-21,Loja Barra,Rio de Janeiro,1,3429.58
Tablet,Eletrônicos,2024-12-11,Loja Centro,Rio de Janeiro,5,14740.74
Webcam,Periféricos,2024-03-28,Loja Centro,Rio de Janeiro,2,5428.18
Notebook,Eletrônicos,2024-07-30,Loja Sul,Rio de Janeiro,3,4141.64
Teclado,Acessórios,2025-01-24,Loja Sul,Rio de Janeiro,2,2250.85
Tablet,Eletrônicos,2024-08-03,Loja Duque,Duque de Caxias,4,13167.57
Pendrive,Armazenamento,2023-03-04,Loja Barra,Rio de Janeiro,4,3027.14
Headset,Acessórios,2025-01-21,Loja Norte,Rio de Janeiro,1,3915.82
Roteador,Redes,2023-04-19,Loja Petrópolis,Petrópolis,5,3973.6
Roteador,Redes,2025-10-30,Loja São Gonçalo,São Gonçalo,5,14021.37
Impressora,Periféricos,2024-09-29,Loja Teresópolis,Teresópolis,3,9829.23
Impressora,Periféricos,2025-01-26,Loja Norte,Rio de Janeiro,2,254.55
Teclado,Acessórios,2023-08-30,Loja Nova Iguaçu,Nova Iguaçu,5,20863.01
Mesa Escritório,Móveis,2025-02-19,Loja Barra,Rio de Janeiro,1,3100.66
Cadeira Gamer,Móveis,2024-01-02,Loja Teresópolis,Teresópolis,4,1041.99
Webcam,Periféricos,2025-11-25,Loja Norte,Rio de Janeiro,4,16373.84
Tablet,Eletrônicos,2024-11-06,Loja Barra,Rio de Janeiro,1,2369.47
Smartphone,Eletrônicos,2025-07-15,Loja Sul,Rio de Janeiro,3,4544.66
Monitor,Eletrônicos,2025-06-04,Loja Teresópolis,Teresópolis,1,726.64
Teclado,Acessórios,2023-03-28,Loja Barra,Rio de Janeiro,1,1100.2
Roteador,Redes,2025-08-18,Loja Norte,Rio de Janeiro,1,2182.55
Monitor,Eletrônicos,2024-02-03,Loja Nova Iguaçu,Nova Iguaçu,2,3941.07
Smartphone,Eletrônicos,2023-10-19,Loja Norte,Rio de Janeiro,4,14828.78
Webcam,Periféricos,2025-01-08,Loja Duque,Duque de Caxias,2,2340.07
Mouse,Acessórios,2024-12-24,Loja Norte,Rio de Janeiro,2,1030.24
Webcam,Periféricos,2023-12-06,Loja Duque,Duque de Caxias,1,2733.38
Smartwatch,Eletrônicos,2023-07-23,Loja Duque,Duque de Caxias,5,16458.91
Monitor,Eletrônicos,2025-07-27,Loja Duque,Duque de Caxias,5,6450.21
HD Externo,Armazenamento,2024-01-06,Loja Sul,Rio de Janeiro,5,4152.79
Mouse,Acessórios,2023-03-19,Loja Duque,Duque de Caxias,5,2017.18
Mouse,Acessórios,2024-11-25,Loja Duque,Duque de Caxias,4,17833.76
Roteador,Redes,2025-02-01,Loja Sul,Rio de Janeiro,5,6996.19
Roteador,Redes,2025-03-09,Loja Norte,Rio de Janeiro,5,15498.44
Impressora,Periféricos,2024-12-08,Loja Petrópolis,Petrópolis,5,16418.47
Mesa Escritório,Móveis,2023-03-26,Loja Barra,Rio de Janeiro,5,16628.69
Pendrive,Armazenamento,2024-08-18,Loja Barra,Rio de Janeiro,5,2197.42
Mouse,Acessórios,2025-10-10,Loja São Gonçalo,São Gonçalo,4,4511.03
HD Externo,Armazenamento,2023-10-20,Loja Teresópolis,Teresópolis,5,15237.86
Cadeira Gamer,Móveis,2023-01-20,Loja Nova Iguaçu,Nova Iguaçu,4,2862.25
Headset,Acessórios,2023-01-26,Loja Barra,Rio de Janeiro,2,6861.35
Cadeira Gamer,Móveis,2025-03-12,Loja Sul,Rio de Janeiro,5,10426.23
Notebook,Eletrônicos,2025-08-20,Loja Sul,Rio de Janeiro,4,13403.96
HD Externo,Armazenamento,2025-08-22,Loja Teresópolis,Teresópolis,1,2928.47
HD Externo,Armazenamento,2025-10-20,Loja Petrópolis,Petrópolis,3,7630.43
Roteador,Redes,2023-11-27,Loja Petrópolis,Petrópolis,5,2692.35
Webcam,Periféricos,2023-06-28,Loja Sul,Rio de Janeiro,5,2365.3
Pendrive,Armazenamento,2023-08-31,Loja Barra,Rio de Janeiro,5,5411.06
Webcam,Periféricos,2024-02-12,Loja Sul,Rio de Janeiro,5,17991.72
Webcam,Periféricos,2023-06-19,Loja Sul,Rio de Janeiro,5,2470.27
Smartphone,Eletrônicos,2025-12-16,Loja Teresópolis,Teresópolis,4,13060.62
Headset,Acessórios,2023-02-11,Loja Sul,Rio de Janeiro,1,2283.26
Notebook,Eletrônicos,2025-02-28,Loja Centro,Rio de Janeiro,4,3209.45
Headset,Acessórios,2024-08-20,Loja Nova Iguaçu,Nova Iguaçu,1,3545.31
Notebook,Eletrônicos,2025-10-08,Loja Nova Iguaçu,Nova Iguaçu,5,4102.98
Cadeira Gamer,Móveis,2023-09-22,Loja São Gonçalo,São Gonçalo,4,14514.82
Teclado,Acessórios,2025-12-28,Loja Teresópolis,Teresópolis,1,440.3
Headset,Acessórios,2025-09-28,Loja Nova Iguaçu,Nova Iguaçu,3,8507.51
Teclado,Acessórios,2023-08-11,Loja Barra,Rio de Janeiro,1,4062.8
Impressora,Periféricos,2023-11-25,Loja Niterói,Niterói,2,9772.68
Teclado,Acessórios,2024-08-30,Loja Nova Iguaçu,Nova Iguaçu,5,1537.94
Roteador,Redes,2025-07-08,Loja Niterói,Niterói,2,2120.32
Webcam,Periféricos,2024-05-06,Loja Teresópolis,Teresópolis,1,286.03
Mouse,Acessórios,2023-11-04,Loja Centro,Rio de Janeiro,2,2412.43
Headset,Acessórios,2025-01-04,Loja Petrópolis,Petrópolis,2,2548.71
Smartphone,Eletrônicos,2024-03-26,Loja Sul,Rio de Janeiro,5,16461.86
Roteador,Redes,2025-12-02,Loja São Gonçalo,São Gonçalo,1,838.57
Webcam,Periféricos,2025-11-20,Loja Centro,Rio de Janeiro,5,15172.95
Pendrive,Armazenamento,2024-03-16,Loja São Gonçalo,São Gonçalo,5,21616.76
Smartphone,Eletrônicos,2025-01-29,Loja Sul,Rio de Janeiro,5,4384.24
HD Externo,Armazenamento,2024-07-13,Loja Sul,Rio de Janeiro,5,6498.08
Notebook,Eletrônicos,2025-11-21,Loja Barra,Rio de Janeiro,3,2717.9
HD Externo,Armazenamento,2025-09-28,Loja Sul,Rio de Janeiro,4,16316.88
Smartphone,Eletrônicos,2024-08-07,Loja Barra,Rio de Janeiro,5,20939.74
Mesa Escritório,Móveis,2025-02-25,Loja Sul,Rio de Janeiro,1,588.11
Mesa Escritório,Móveis,2023-03-15,Loja Nova Iguaçu,Nova Iguaçu,2,7940.45
Tablet,Eletrônicos,2024-05-29,Loja Norte,Rio de Janeiro,3,6936.16
HD Externo,Armazenamento,2025-06-21,Loja São Gonçalo,São Gonçalo,2,4422.48
Roteador,Redes,2025-01-27,Loja Teresópolis,Teresópolis,1,3903.54
Roteador,Redes,2025-06-14,Loja Centro,Rio de Janeiro,2,8389.17
Roteador,Redes,2023-03-10,Loja Petrópolis,Petrópolis,4,610.68
Cadeira Gamer,Móveis,2025-11-20,Loja Petrópolis,Petrópolis,3,11055.45
Mesa Escritório,Móveis,2024-10-18,Loja Norte,Rio de Janeiro,4,6679.75
Webcam,Periféricos,2023-12-21,Loja Nova Iguaçu,Nova Iguaçu,2,9641.37
Smartphone,Eletrônicos,2025-08-19,Loja Sul,Rio de Janeiro,5,23098.61
Tablet,Eletrônicos,2025-10-26,Loja Nova Iguaçu,Nova Iguaçu,5,19130.13
Notebook,Eletrônicos,2025-05-27,Loja Centro,Rio de Janeiro,2,5212.03
Webcam,Periféricos,2025-08-23,Loja Duque,Duque de Caxias,4,7563.54
Pendrive,Armazenamento,2024-09-14,Loja Petrópolis,Petrópolis,1,907.36
Impressora,Periféricos,2025-06-19,Loja Niterói,Niterói,4,16772.75
Teclado,Acessórios,2023-10-12,Loja Teresópolis,Teresópolis,2,3321.37
Roteador,Redes,2023-06-14,Loja Barra,Rio de Janeiro,5,13686.83
Smartwatch,Eletrônicos,2023-12-10,Loja Barra,Rio de Janeiro,3,9470.31
Notebook,Eletrônicos,2024-10-18,Loja Duque,Duque de Caxias,2,8247.51
Notebook,Eletrônicos,2023-01-22,Loja Sul,Rio de Janeiro,3,3025.46
Smartphone,Eletrônicos,2023-08-22,Loja São Gonçalo,São Gonçalo,5,15449.35
Impressora,Periféricos,2024-01-11,Loja Niterói,Niterói,2,1294.8
Mouse,Acessórios,2024-12-08,Loja Barra,Rio de Janeiro,5,13681.86
Pendrive,Armazenamento,2023-02-20,Loja Centro,Rio de Janeiro,3,6905.36
Smartwatch,Eletrônicos,2025-12-08,Loja Norte,Rio de Janeiro,5,15116.51
Impressora,Periféricos,2025-08-30,Loja Centro,Rio de Janeiro,3,11287.36
Roteador,Redes,2024-06-12,Loja Duque,Duque de Caxias,5,18669.49
Mesa Escritório,Móveis,2023-08-03,Loja Nova Iguaçu,Nova Iguaçu,3,3670.6
Monitor,Eletrônicos,2024-09-07,Loja São Gonçalo,São Gonçalo,5,14914.04
Pendrive,Armazenamento,2025-09-03,Loja Barra,Rio de Janeiro,5,312.56
Teclado,Acessórios,2023-09-18,Loja Duque,Duque de Caxias,4,8653.93
Tablet,Eletrônicos,2023-08-12,Loja Teresópolis,Teresópolis,1,1492.62
Smartwatch,Eletrônicos,2025-10-02,Loja Petrópolis,Petrópolis,2,1573.68
Teclado,Acessórios,2025-08-16,Loja São Gonçalo,São Gonçalo,2,3589.51
Roteador,Redes,2024-09-21,Loja Sul,Rio de Janeiro,5,10583.69
Smartwatch,Eletrônicos,2023-03-08,Loja Barra,Rio de Janeiro,4,18393.27
Smartphone,Eletrônicos,2025-12-08,Loja Sul,Rio de Janeiro,3,6906.91
Pendrive,Armazenamento,2025-12-07,Loja Sul,Rio de Janeiro,1,4786.14
Impressora,Periféricos,2023-06-08,Loja Niterói,Niterói,2,5422.3
HD Externo,Armazenamento,2023-09-08,Loja Centro,Rio de Janeiro,4,2707.84
Tablet,Eletrônicos,2025-09-17,Loja São Gonçalo,São Gonçalo,3,1891.49
Notebook,Eletrônicos,2025-07-06,Loja Duque,Duque de Caxias,5,24006.12
Mouse,Acessórios,2024-09-18,Loja Teresópolis,Teresópolis,3,7893.12
Teclado,Acessórios,2023-10-04,Loja Nova Iguaçu,Nova Iguaçu,5,4672.98
Headset,Acessórios,2024-02-15,Loja Duque,Duque de Caxias,3,13247.52
Notebook,Eletrônicos,2024-04-20,Loja Centro,Rio de Janeiro,4,10633.87
Mouse,Acessórios,2023-07-31,Loja Centro,Rio de Janeiro,4,12566.79
Smartphone,Eletrônicos,2025-04-27,Loja Norte,Rio de Janeiro,4,10131.26
HD Externo,Armazenamento,2024-04-07,Loja Petrópolis,Petrópolis,4,19262.26
Notebook,Eletrônicos,2023-07-21,Loja Teresópolis,Teresópolis,1,1588.69
Webcam,Periféricos,2023-11-07,Loja Sul,Rio de Janeiro,4,19573.44
Smartwatch,Eletrônicos,2023-09-01,Loja Norte,Rio de Janeiro,2,8731.58
Headset,Acessórios,2024-01-29,Loja Barra,Rio de Janeiro,5,22185.82
Impressora,Periféricos,2023-04-30,Loja Teresópolis,Teresópolis,1,4326.14
Mouse,Acessórios,2023-08-22,Loja Petrópolis,Petrópolis,1,2930.84
Webcam,Periféricos,2025-05-06,Loja São Gonçalo,São Gonçalo,4,5989.58
Mesa Escritório,Móveis,2025-04-09,Loja Petrópolis,Petrópolis,2,5048.24
Smartwatch,Eletrônicos,2024-09-10,Loja Sul,Rio de Janeiro,5,21804.54
Monitor,Eletrônicos,2025-04-25,Loja Niterói,Niterói,5,23502.15
Impressora,Periféricos,2024-10-20,Loja Barra,Rio de Janeiro,4,2680.96
Teclado,Acessórios,2023-03-30,Loja Nova Iguaçu,Nova Iguaçu,4,6901.91
Smartwatch,Eletrônicos,2025-12-18,Loja São Gonçalo,São Gonçalo,5,1651.22
Mesa Escritório,Móveis,2024-04-30,Loja Nova Iguaçu,Nova Iguaçu,4,14167.57
Smartwatch,Eletrônicos,2025-07-09,Loja Petrópolis,Petrópolis,4,5453.78
Cadeira Gamer,Móveis,2023-11-05,Loja Sul,Rio de Janeiro,2,2237.66
Roteador,Redes,2024-09-26,Loja Nova Iguaçu,Nova Iguaçu,5,11248.46
Monitor,Eletrônicos,2023-04-18,Loja Niterói,Niterói,4,8986.02
Impressora,Periféricos,2024-11-19,Loja Teresópolis,Teresópolis,2,5740.22
Monitor,Eletrônicos,2024-11-23,Loja Petrópolis,Petrópolis,5,5186.7
HD Externo,Armazenamento,2025-05-04,Loja Norte,Rio de Janeiro,3,14569.43
Impressora,Periféricos,2025-05-22,Loja Centro,Rio de Janeiro,5,20421.44
Smartwatch,Eletrônicos,2023-06-22,Loja Niterói,Niterói,1,3181.66
Teclado,Acessórios,2025-03-08,Loja Sul,Rio de Janeiro,2,1800.14
Impressora,Periféricos,2024-05-02,Loja São Gonçalo,São Gonçalo,1,429.53
Impressora,Periféricos,2023-11-09,Loja Barra,Rio de Janeiro,4,688.19
Mesa Escritório,Móveis,2025-11-03,Loja São Gonçalo,São Gonçalo,3,13820.23
Notebook,Eletrônicos,2023-01-19,Loja Norte,Rio de Janeiro,2,8689.43
Roteador,Redes,2023-05-17,Loja Teresópolis,Teresópolis,2,7917.72
Teclado,Acessórios,2023-09-07,Loja Teresópolis,Teresópolis,2,8780.65
Headset,Acessórios,2025-01-15,Loja Petrópolis,Petrópolis,1,2849.42
Mouse,Acessórios,2025-03-08,Loja Sul,Rio de Janeiro,5,1144.78
Cadeira Gamer,Móveis,2023-10-02,Loja Petrópolis,Petrópolis,4,19548.22
HD Externo,Armazenamento,2023-04-17,Loja Teresópolis,Teresópolis,4,11068.99
Monitor,Eletrônicos,2025-12-23,Loja Norte,Rio de Janeiro,2,1941.48
Notebook,Eletrônicos,2024-08-08,Loja Duque,Duque de Caxias,5,9161.62
Monitor,Eletrônicos,2025-05-12,Loja Duque,Duque de Caxias,1,3776.32
Mouse,Acessórios,2023-05-26,Loja Barra,Rio de Janeiro,1,2758.87
Tablet,Eletrônicos,2023-09-22,Loja Barra,Rio de Janeiro,5,22816.85
Notebook,Eletrônicos,2024-04-10,Loja Petrópolis,Petrópolis,2,6621.37
Mouse,Acessórios,2024-07-26,Loja Teresópolis,Teresópolis,3,5039.72
Monitor,Eletrônicos,2023-12-30,Loja Teresópolis,Teresópolis,4,843.13
Teclado,Acessórios,2025-03-26,Loja Niterói,Niterói,2,2953.35
Teclado,Acessórios,2023-08-21,Loja Nova Iguaçu,Nova Iguaçu,2,2407.63
Pendrive,Armazenamento,2023-06-20,Loja São Gonçalo,São Gonçalo,4,10232.43
Mouse,Acessórios,2025-06-06,Loja Centro,Rio de Janeiro,1,4418.94
Mesa Escritório,Móveis,2024-05-23,Loja Norte,Rio de Janeiro,2,2777.14
Headset,Acessórios,2024-12-16,Loja Nova Iguaçu,Nova Iguaçu,2,1779.64
Smartwatch,Eletrônicos,2024-08-27,Loja Sul,Rio de Janeiro,4,13960.36
Notebook,Eletrônicos,2025-01-01,Loja Duque,Duque de Caxias,4,3562.82
Smartwatch,Eletrônicos,2025-04-03,Loja Sul,Rio de Janeiro,2,1724.73
Webcam,Periféricos,2025-08-20,Loja Nova Iguaçu,Nova Iguaçu,5,5319.33
Smartphone,Eletrônicos,2025-08-07,Loja Barra,Rio de Janeiro,5,19412.95
Roteador,Redes,2023-05-09,Loja Teresópolis,Teresópolis,3,12062.34
Roteador,Redes,2025-04-12,Loja Centro,Rio de Janeiro,5,8776.72
HD Externo,Armazenamento,2023-05-18,Loja Nova Iguaçu,Nova Iguaçu,5,14280.76
HD Externo,Armazenamento,2024-11-10,Loja Barra,Rio de Janeiro,3,13996.82
Impressora,Periféricos,2023-12-21,Loja Teresópolis,Teresópolis,2,9123.13
Pendrive,Armazenamento,2023-05-20,Loja Centro,Rio de Janeiro,5,16789.42
Mesa Escritório,Móveis,2025-09-16,Loja Nova Iguaçu,Nova Iguaçu,2,4178.4
Pendrive,Armazenamento,2024-08-02,Loja Centro,Rio de Janeiro,5,20263.05
Tablet,Eletrônicos,2024-07-30,Loja Nova Iguaçu,Nova Iguaçu,3,1817.25
HD Externo,Armazenamento,2024-05-26,Loja Norte,Rio de Janeiro,2,6146.41
Impressora,Periféricos,2024-08-22,Loja Centro,Rio de Janeiro,3,821.66
Mouse,Acessórios,2024-01-29,Loja Centro,Rio de Janeiro,2,4755.28
Monitor,Eletrônicos,2023-02-21,Loja Nova Iguaçu,Nova Iguaçu,4,14126.94
Monitor,Eletrônicos,2023-01-07,Loja Nova Iguaçu,Nova Iguaçu,3,1620.99
Mouse,Acessórios,2025-11-02,Loja Teresópolis,Teresópolis,2,5367.99
Tablet,Eletrônicos,2024-05-23,Loja Sul,Rio de Janeiro,1,1135.87
Webcam,Periféricos,2023-10-02,Loja São Gonçalo,São Gonçalo,5,24037.32
HD Externo,Armazenamento,2023-11-14,Loja São Gonçalo,São Gonçalo,1,602.44
Mesa Escritório,Móveis,2023-02-07,Loja Niterói,Niterói,3,4689.99
Monitor,Eletrônicos,2025-12-24,Loja São Gonçalo,São Gonçalo,1,1616.71
Pendrive,Armazenamento,2024-04-09,Loja Norte,Rio de Janeiro,3,11177.63
Notebook,Eletrônicos,2025-01-25,Loja Duque,Duque de Caxias,1,2529.28
Pendrive,Armazenamento,2025-12-11,Loja Duque,Duque de Caxias,3,2352.28
Roteador,Redes,2024-08-24,Loja Barra,Rio de Janeiro,3,2677.96
Cadeira Gamer,Móveis,2025-10-26,Loja Teresópolis,Teresópolis,2,4679.1
Teclado,Acessórios,2025-09-05,Loja Petrópolis,Petrópolis,2,7639.26
Smartwatch,Eletrônicos,2025-10-30,Loja Niterói,Niterói,2,8721.24
Cadeira Gamer,Móveis,2025-02-25,Loja Nova Iguaçu,Nova Iguaçu,1,2088.72
Headset,Acessórios,2024-01-31,Loja Teresópolis,Teresópolis,2,2777.64
Monitor,Eletrônicos,2025-03-20,Loja Niterói,Niterói,2,7292.07
Tablet,Eletrônicos,2023-10-17,Loja Teresópolis,Teresópolis,1,1396.05
Teclado,Acessórios,2024-08-10,Loja Norte,Rio de Janeiro,1,1212.9
Headset,Acessórios,2023-08-19,Loja Centro,Rio de Janeiro,5,4451.98
Notebook,Eletrônicos,2025-05-08,Loja São Gonçalo,São Gonçalo,4,6448.35
Impressora,Periféricos,2025-03-16,Loja Norte,Rio de Janeiro,4,16752.94
Impressora,Periféricos,2025-08-09,Loja São Gonçalo,São Gonçalo,4,881.19
HD Externo,Armazenamento,2023-11-03,Loja Sul,Rio de Janeiro,2,7197.15
Pendrive,Armazenamento,2023-04-09,Loja São Gonçalo,São Gonçalo,3,2923.64
Mesa Escritório,Móveis,2023-03-29,Loja Norte,Rio de Janeiro,2,8516.9
Tablet,Eletrônicos,2025-03-28,Loja Teresópolis,Teresópolis,4,3039.73
HD Externo,Armazenamento,2025-10-15,Loja São Gonçalo,São Gonçalo,5,1850.47
Mesa Escritório,Móveis,2025-06-19,Loja Barra,Rio de Janeiro,4,11238.86
HD Externo,Armazenamento,2024-02-01,Loja Nova Iguaçu,Nova Iguaçu,3,11250.27
Smartphone,Eletrônicos,2025-12-10,Loja Norte,Rio de Janeiro,3,8306.73
Mesa Escritório,Móveis,2024-05-03,Loja Teresópolis,Teresópolis,5,22811.6
Impressora,Periféricos,2024-09-23,Loja Duque,Duque de Caxias,2,1019.17
Cadeira Gamer,Móveis,2024-08-20,Loja Petrópolis,Petrópolis,1,4185.04
Pendrive,Armazenamento,2025-01-03,Loja São Gonçalo,São Gonçalo,2,4696.28
HD Externo,Armazenamento,2023-08-01,Loja Barra,Rio de Janeiro,5,17051.45
Mouse,Acessórios,2025-12-24,Loja Niterói,Niterói,2,1122.67
Smartphone,Eletrônicos,2023-09-04,Loja Petrópolis,Petrópolis,1,4443.57
Cadeira Gamer,Móveis,2025-03-19,Loja Teresópolis,Teresópolis,3,8635.46
Roteador,Redes,2025-12-26,Loja Teresópolis,Teresópolis,3,4545.49
Smartphone,Eletrônicos,2023-10-28,Loja Nova Iguaçu,Nova Iguaçu,3,7721.9
Notebook,Eletrônicos,2025-10-01,Loja Centro,Rio de Janeiro,5,18660.67
Webcam,Periféricos,2024-06-01,Loja Petrópolis,Petrópolis,5,6380.85
Cadeira Gamer,Móveis,2023-01-08,Loja São Gonçalo,São Gonçalo,4,11395.78
Headset,Acessórios,2023-12-20,Loja Sul,Rio de Janeiro,1,2182.05
Smartphone,Eletrônicos,2025-05-08,Loja Norte,Rio de Janeiro,3,12835.17
Notebook,Eletrônicos,2025-02-04,Loja Petrópolis,Petrópolis,4,4769.21
Smartphone,Eletrônicos,2023-04-06,Loja Nova Iguaçu,Nova Iguaçu,2,2648.37
Mouse,Acessórios,2023-01-02,Loja Norte,Rio de Janeiro,4,6501.88
Roteador,Redes,2025-01-11,Loja Nova Iguaçu,Nova Iguaçu,2,8142.78
Roteador,Redes,2025-01-02,Loja Duque,Duque de Caxias,2,2546.74
Pendrive,Armazenamento,2023-10-01,Loja Petrópolis,Petrópolis,1,2316.65
Pendrive,Armazenamento,2025-07-01,Loja Petrópolis,Petrópolis,2,8149.87
Tablet,Eletrônicos,2023-03-05,Loja Niterói,Niterói,2,1691.08
Mesa Escritório,Móveis,2025-02-01,Loja Teresópolis,Teresópolis,4,7339.58
Roteador,Redes,2024-03-19,Loja Barra,Rio de Janeiro,2,6306.47
Mouse,Acessórios,2023-12-17,Loja Norte,Rio de Janeiro,1,4693.24
Smartwatch,Eletrônicos,2024-01-28,Loja Sul,Rio de Janeiro,2,7727.09
Webcam,Periféricos,2025-06-24,Loja Duque,Duque de Caxias,4,19763.75
Pendrive,Armazenamento,2025-04-12,Loja Barra,Rio de Janeiro,2,5698.46
Smartphone,Eletrônicos,2025-11-28,Loja Centro,Rio de Janeiro,4,7219.98
Smartwatch,Eletrônicos,2025-01-19,Loja Niterói,Niterói,4,936.07
Notebook,Eletrônicos,2023-09-19,Loja Niterói,Niterói,5,11621.11
Mouse,Acessórios,2025-09-12,Loja Niterói,Niterói,1,3785.68
Pendrive,Armazenamento,2025-12-25,Loja Niterói,Niterói,3,10396.37
Tablet,Eletrônicos,2023-09-23,Loja Norte,Rio de Janeiro,5,3784.55
Mesa Escritório,Móveis,2025-09-01,Loja Petrópolis,Petrópolis,5,7079.62
Mouse,Acessórios,2023-12-19,Loja São Gonçalo,São Gonçalo,5,8542.47
Smartphone,Eletrônicos,2024-12-02,Loja São Gonçalo,São Gonçalo,1,1999.97
Smartphone,Eletrônicos,2025-08-15,Loja Teresópolis,Teresópolis,5,20491.13
Pendrive,Armazenamento,2025-08-06,Loja Teresópolis,Teresópolis,4,15733.3
Smartwatch,Eletrônicos,2024-05-05,Loja Duque,Duque de Caxias,5,10661.89
Impressora,Periféricos,2024-11-02,Loja São Gonçalo,São Gonçalo,4,5982.5
Webcam,Periféricos,2025-04-16,Loja Sul,Rio de Janeiro,3,11047.97
Mouse,Acessórios,2023-01-17,Loja Nova Iguaçu,Nova Iguaçu,2,5346.0
Teclado,Acessórios,2024-11-04,Loja Petrópolis,Petrópolis,4,10637.05
Tablet,Eletrônicos,2025-03-02,Loja Petrópolis,Petrópolis,1,182.51
Cadeira Gamer,Móveis,2024-06-01,Loja Barra,Rio de Janeiro,2,8661.42
Webcam,Periféricos,2025-10-06,Loja Sul,Rio de Janeiro,3,11746.86
Smartwatch,Eletrônicos,2023-07-11,Loja Sul,Rio de Janeiro,3,14176.72
HD Externo,Armazenamento,2025-08-03,Loja Niterói,Niterói,1,2254.9
Cadeira Gamer,Móveis,2025-06-29,Loja Barra,Rio de Janeiro,3,3505.9
Impressora,Periféricos,2023-11-20,Loja Petrópolis,Petrópolis,2,5587.52
Smartphone,Eletrônicos,2023-09-11,Loja Norte,Rio de Janeiro,3,10356.06
Impressora,Periféricos,2023-02-05,Loja São Gonçalo,São Gonçalo,3,3035.83
Teclado,Acessórios,2023-04-08,Loja Niterói,Niterói,3,14498.87
Smartwatch,Eletrônicos,2023-03-21,Loja Barra,Rio de Janeiro,3,14961.61
Mesa Escritório,Móveis,2024-02-27,Loja Petrópolis,Petrópolis,4,2620.61
Teclado,Acessórios,2024-07-29,Loja Sul,Rio de Janeiro,4,6491.06
HD Externo,Armazenamento,2025-01-09,Loja Petrópolis,Petrópolis,1,1998.7
Mesa Escritório,Móveis,2023-03-22,Loja Niterói,Niterói,2,3965.19
Mouse,Acessórios,2024-05-20,Loja São Gonçalo,São Gonçalo,1,1376.64
Smartphone,Eletrônicos,2023-09-14,Loja Sul,Rio de Janeiro,1,1134.96
Tablet,Eletrônicos,2025-07-21,Loja Barra,Rio de Janeiro,1,4303.83
Headset,Acessórios,2025-12-15,Loja Norte,Rio de Janeiro,5,13571.76
Smartphone,Eletrônicos,2023-03-20,Loja Centro,Rio de Janeiro,1,310.65
Mouse,Acessórios,2025-06-06,Loja Sul,Rio de Janeiro,2,732.37
Mouse,Acessórios,2023-04-27,Loja São Gonçalo,São Gonçalo,2,4890.64
Impressora,Periféricos,2024-04-10,Loja Duque,Duque de Caxias,4,18808.4
Smartwatch,Eletrônicos,2024-05-17,Loja Teresópolis,Teresópolis,3,4390.98
Impressora,Periféricos,2025-04-14,Loja Nova Iguaçu,Nova Iguaçu,2,9689.76
Teclado,Acessórios,2024-09-13,Loja Nova Iguaçu,Nova Iguaçu,2,7761.86
HD Externo,Armazenamento,2023-10-17,Loja Norte,Rio de Janeiro,1,890.08
Tablet,Eletrônicos,2025-03-16,Loja Duque,Duque de Caxias,4,16467.51
Smartwatch,Eletrônicos,2024-11-11,Loja Duque,Duque de Caxias,4,8335.82
Tablet,Eletrônicos,2023-05-12,Loja Sul,Rio de Janeiro,5,1541.58
Headset,Acessórios,2024-10-02,Loja São Gonçalo,São Gonçalo,1,4549.1
Headset,Acessórios,2023-10-14,Loja Centro,Rio de Janeiro,5,17172.33
Smartphone,Eletrônicos,2024-03-18,Loja Sul,Rio de Janeiro,5,18718.21
Smartphone,Eletrônicos,2024-04-20,Loja Niterói,Niterói,5,18731.36
Teclado,Acessórios,2023-01-21,Loja Nova Iguaçu,Nova Iguaçu,4,5197.71
Impressora,Periféricos,2023-05-03,Loja Petrópolis,Petrópolis,2,8466.56
Monitor,Eletrônicos,2025-04-18,Loja Teresópolis,Teresópolis,2,6132.19
Webcam,Periféricos,2023-07-01,Loja Nova Iguaçu,Nova Iguaçu,1,645.9
Mouse,Acessórios,2024-05-23,Loja Nova Iguaçu,Nova Iguaçu,2,2720.48
Roteador,Redes,2024-10-30,Loja Niterói,Niterói,5,12022.36
Pendrive,Armazenamento,2025-12-19,Loja Barra,Rio de Janeiro,4,7235.26
Smartwatch,Eletrônicos,2024-07-14,Loja Sul,Rio de Janeiro,4,3054.43
Mouse,Acessórios,2025-08-02,Loja Teresópolis,Teresópolis,5,14886.48
Webcam,Periféricos,2025-10-12,Loja Barra,Rio de Janeiro,5,18153.13
Mesa Escritório,Móveis,2023-10-10,Loja Duque,Duque de Caxias,3,3418.41
Monitor,Eletrônicos,2024-04-02,Loja Barra,Rio de Janeiro,3,8146.86
Mesa Escritório,Móveis,2024-06-03,Loja Duque,Duque de Caxias,5,4309.99
Impressora,Periféricos,2025-02-09,Loja Petrópolis,Petrópolis,1,4001.11
Monitor,Eletrônicos,2024-10-27,Loja Teresópolis,Teresópolis,2,9418.07
Smartphone,Eletrônicos,2023-10-22,Loja Sul,Rio de Janeiro,2,3082.51
Smartphone,Eletrônicos,2023-03-29,Loja Duque,Duque de Caxias,5,11799.86
Webcam,Periféricos,2025-02-07,Loja Teresópolis,Teresópolis,4,7398.41
Pendrive,Armazenamento,2024-01-17,Loja Teresópolis,Teresópolis,1,1736.35
Mouse,Acessórios,2024-12-09,Loja Barra,Rio de Janeiro,4,14884.89
Tablet,Eletrônicos,2024-10-24,Loja São Gonçalo,São Gonçalo,2,5642.43
Impressora,Periféricos,2024-08-07,Loja São Gonçalo,São Gonçalo,3,2397.42
Teclado,Acessórios,2023-02-28,Loja Petrópolis,Petrópolis,3,11837.79
Smartphone,Eletrônicos,2023-09-02,Loja Norte,Rio de Janeiro,5,5693.13
Teclado,Acessórios,2025-03-24,Loja Niterói,Niterói,5,20239.58
HD Externo,Armazenamento,2023-03-29,Loja Petrópolis,Petrópolis,1,1624.76
Headset,Acessórios,2024-08-15,Loja Sul,Rio de Janeiro,2,1941.04
Teclado,Acessórios,2024-03-02,Loja Nova Iguaçu,Nova Iguaçu,2,7873.9
Pendrive,Armazenamento,2023-09-20,Loja Niterói,Niterói,2,3705.17
Smartwatch,Eletrônicos,2025-03-06,Loja Nova Iguaçu,Nova Iguaçu,3,1319.91
Smartphone,Eletrônicos,2023-02-12,Loja Sul,Rio de Janeiro,2,1544.01
Smartphone,Eletrônicos,2025-03-29,Loja Centro,Rio de Janeiro,2,4699.81
Roteador,Redes,2023-03-28,Loja Centro,Rio de Janeiro,5,1632.0
Notebook,Eletrônicos,2024-06-01,Loja Petrópolis,Petrópolis,5,12336.78
HD Externo,Armazenamento,2023-05-15,Loja Niterói,Niterói,5,14313.16
Teclado,Acessórios,2025-01-15,Loja Norte,Rio de Janeiro,3,12074.43
Tablet,Eletrônicos,2025-11-06,Loja Norte,Rio de Janeiro,4,15855.06
Smartphone,Eletrônicos,2024-04-27,Loja Sul,Rio de Janeiro,2,2630.86
Smartphone,Eletrônicos,2024-03-05,Loja Norte,Rio de Janeiro,1,4105.71
Cadeira Gamer,Móveis,2025-06-15,Loja Niterói,Niterói,5,17412.29
Mesa Escritório,Móveis,2024-04-12,Loja Petrópolis,Petrópolis,1,3822.75
Pendrive,Armazenamento,2025-10-08,Loja Norte,Rio de Janeiro,2,8104.28
Headset,Acessórios,2025-04-01,Loja Niterói,Niterói,4,16004.02
Mesa Escritório,Móveis,2024-03-31,Loja Niterói,Niterói,3,7048.32
Headset,Acessórios,2024-02-04,Loja Petrópolis,Petrópolis,2,2664.08
Mesa Escritório,Móveis,2023-08-25,Loja Sul,Rio de Janeiro,2,1300.92
HD Externo,Armazenamento,2023-01-09,Loja Barra,Rio de Janeiro,4,19480.21
Smartwatch,Eletrônicos,2024-07-29,Loja Niterói,Niterói,2,4955.55
HD Externo,Armazenamento,2024-02-16,Loja Sul,Rio de Janeiro,4,8093.45
Notebook,Eletrônicos,2024-11-11,Loja Duque,Duque de Caxias,1,3375.25
Notebook,Eletrônicos,2024-04-17,Loja Teresópolis,Teresópolis,3,3432.37
Headset,Acessórios,2023-03-20,Loja Sul,Rio de Janeiro,1,1921.8
Impressora,Periféricos,2025-12-30,Loja Sul,Rio de Janeiro,5,17549.88
Mouse,Acessórios,2025-04-18,Loja Sul,Rio de Janeiro,5,14689.53
Mesa Escritório,Móveis,2023-08-01,Loja Petrópolis,Petrópolis,3,2530.36
Teclado,Acessórios,2023-06-17,Loja Centro,Rio de Janeiro,3,7716.27
Teclado,Acessórios,2024-03-02,Loja Sul,Rio de Janeiro,5,7603.65
Webcam,Periféricos,2025-02-11,Loja Teresópolis,Teresópolis,2,2645.44
Smartwatch,Eletrônicos,2023-04-14,Loja São Gonçalo,São Gonçalo,5,16168.67
Monitor,Eletrônicos,2025-12-11,Loja Niterói,Niterói,1,4540.87
Tablet,Eletrônicos,2025-08-13,Loja Nova Iguaçu,Nova Iguaçu,3,7072.92
Smartwatch,Eletrônicos,2025-10-28,Loja Duque,Duque de Caxias,5,17858.49
Smartwatch,Eletrônicos,2024-02-26,Loja Centro,Rio de Janeiro,1,1062.9
HD Externo,Armazenamento,2024-01-04,Loja Teresópolis,Teresópolis,3,10904.98
Teclado,Acessórios,2024-02-21,Loja Norte,Rio de Janeiro,3,9011.57
Mesa Escritório,Móveis,2024-03-03,Loja Norte,Rio de Janeiro,5,20387.29
Mouse,Acessórios,2024-02-17,Loja Nova Iguaçu,Nova Iguaçu,5,13014.47
Webcam,Periféricos,2023-09-15,Loja Sul,Rio de Janeiro,1,229.45
Webcam,Periféricos,2023-03-06,Loja Norte,Rio de Janeiro,3,2217.07
Impressora,Periféricos,2024-07-14,Loja Barra,Rio de Janeiro,3,7941.67
Monitor,Eletrônicos,2024-02-05,Loja Barra,Rio de Janeiro,5,23151.91
Pendrive,Armazenamento,2023-05-19,Loja São Gonçalo,São Gonçalo,2,2539.95
Smartphone,Eletrônicos,2024-04-30,Loja Teresópolis,Teresópolis,5,1213.61
Mouse,Acessórios,2025-11-03,Loja São Gonçalo,São Gonçalo,2,6538.2
Cadeira Gamer,Móveis,2023-11-18,Loja Duque,Duque de Caxias,1,3100.64
Headset,Acessórios,2023-08-23,Loja Nova Iguaçu,Nova Iguaçu,1,1465.34
Cadeira Gamer,Móveis,2024-08-11,Loja Norte,Rio de Janeiro,3,3763.05
Smartphone,Eletrônicos,2023-10-01,Loja Centro,Rio de Janeiro,5,2183.21
Webcam,Periféricos,2024-01-07,Loja Norte,Rio de Janeiro,1,4261.0
Pendrive,Armazenamento,2024-07-25,Loja Sul,Rio de Janeiro,1,3946.15
Roteador,Redes,2024-02-21,Loja Nova Iguaçu,Nova Iguaçu,1,3720.62
Cadeira Gamer,Móveis,2023-02-11,Loja Niterói,Niterói,3,8724.38
Cadeira Gamer,Móveis,2024-09-07,Loja Teresópolis,Teresópolis,4,15430.78
Notebook,Eletrônicos,2024-02-03,Loja Teresópolis,Teresópolis,3,10330.82
Mouse,Acessórios,2023-08-08,Loja Niterói,Niterói,3,8246.75
Smartphone,Eletrônicos,2023-08-21,Loja Barra,Rio de Janeiro,3,3049.71
Monitor,Eletrônicos,2024-08-12,Loja Centro,Rio de Janeiro,2,4027.83
Mouse,Acessórios,2025-09-11,Loja Nova Iguaçu,Nova Iguaçu,3,12647.85
Webcam,Periféricos,2024-01-16,Loja Centro,Rio de Janeiro,5,2167.81
Smartwatch,Eletrônicos,2024-02-03,Loja São Gonçalo,São Gonçalo,4,1636.62
Headset,Acessórios,2023-01-10,Loja Barra,Rio de Janeiro,4,18227.34
Mesa Escritório,Móveis,2024-07-15,Loja Sul,Rio de Janeiro,2,836.52
Pendrive,Armazenamento,2023-03-28,Loja São Gonçalo,São Gonçalo,5,12642.24
Headset,Acessórios,2024-10-22,Loja Norte,Rio de Janeiro,5,22815.51
Notebook,Eletrônicos,2025-03-01,Loja São Gonçalo,São Gonçalo,3,436.67
Webcam,Periféricos,2024-03-05,Loja Teresópolis,Teresópolis,5,4624.82
Headset,Acessórios,2024-07-26,Loja Sul,Rio de Janeiro,2,6608.19
Notebook,Eletrônicos,2025-01-15,Loja Sul,Rio de Janeiro,3,7406.99
Headset,Acessórios,2025-04-09,Loja Teresópolis,Teresópolis,2,3277.63
Notebook,Eletrônicos,2023-07-20,Loja São Gonçalo,São Gonçalo,4,17294.23
HD Externo,Armazenamento,2023-04-11,Loja Teresópolis,Teresópolis,1,178.61
Roteador,Redes,2024-10-26,Loja Teresópolis,Teresópolis,3,12065.05
Headset,Acessórios,2025-01-18,Loja Barra,Rio de Janeiro,4,12764.5
Mouse,Acessórios,2023-02-02,Loja Nova Iguaçu,Nova Iguaçu,5,14163.08
Mouse,Acessórios,2023-01-17,Loja Petrópolis,Petrópolis,2,8425.16
Mesa Escritório,Móveis,2023-03-01,Loja Norte,Rio de Janeiro,5,11375.65
Impressora,Periféricos,2024-11-15,Loja Nova Iguaçu,Nova Iguaçu,3,4603.71
Tablet,Eletrônicos,2024-03-24,Loja Petrópolis,Petrópolis,5,4701.24
Smartphone,Eletrônicos,2025-03-28,Loja Niterói,Niterói,1,3180.38
Teclado,Acessórios,2024-10-19,Loja Petrópolis,Petrópolis,4,8952.8
Notebook,Eletrônicos,2025-09-10,Loja Nova Iguaçu,Nova Iguaçu,3,3339.18
Mesa Escritório,Móveis,2025-07-13,Loja São Gonçalo,São Gonçalo,5,7219.62
Notebook,Eletrônicos,2025-06-19,Loja Centro,Rio de Janeiro,4,16222.91
Notebook,Eletrônicos,2023-04-13,Loja Norte,Rio de Janeiro,4,9784.11
Tablet,Eletrônicos,2025-06-16,Loja Nova Iguaçu,Nova Iguaçu,5,18444.12
Teclado,Acessórios,2024-01-25,Loja Teresópolis,Teresópolis,5,7412.17
Mesa Escritório,Móveis,2023-09-27,Loja Sul,Rio de Janeiro,5,20778.8
Smartwatch,Eletrônicos,2023-10-07,Loja Niterói,Niterói,1,269.25
Roteador,Redes,2025-04-21,Loja São Gonçalo,São Gonçalo,5,11815.57
Monitor,Eletrônicos,2025-11-22,Loja Norte,Rio de Janeiro,3,2019.58
Headset,Acessórios,2024-03-06,Loja Niterói,Niterói,4,13540.26
Webcam,Periféricos,2023-03-30,Loja Duque,Duque de Caxias,1,1120.53
Roteador,Redes,2023-10-05,Loja Barra,Rio de Janeiro,1,1463.96
Notebook,Eletrônicos,2025-05-07,Loja Nova Iguaçu,Nova Iguaçu,5,7893.88
HD Externo,Armazenamento,2025-10-10,Loja São Gonçalo,São Gonçalo,4,17758.1
Teclado,Acessórios,2024-02-29,Loja Norte,Rio de Janeiro,3,7884.37
Headset,Acessórios,2024-10-16,Loja Niterói,Niterói,2,4707.85
Webcam,Periféricos,2025-12-17,Loja Sul,Rio de Janeiro,1,3859.6
Mesa Escritório,Móveis,2024-04-11,Loja Petrópolis,Petrópolis,3,10066.75
Pendrive,Armazenamento,2024-09-16,Loja Sul,Rio de Janeiro,4,2033.01
Smartphone,Eletrônicos,2023-11-18,Loja Sul,Rio de Janeiro,3,14181.6
Cadeira Gamer,Móveis,2023-10-20,Loja Teresópolis,Teresópolis,5,3383.84
Smartwatch,Eletrônicos,2024-07-20,Loja Barra,Rio de Janeiro,3,14652.74
Mesa Escritório,Móveis,2024-03-15,Loja Petrópolis,Petrópolis,1,4978.05
Teclado,Acessórios,2024-09-06,Loja Nova Iguaçu,Nova Iguaçu,4,9286.55
Impressora,Periféricos,2023-10-03,Loja Barra,Rio de Janeiro,1,140.12
Impressora,Periféricos,2023-03-31,Loja Centro,Rio de Janeiro,2,4663.46
HD Externo,Armazenamento,2025-03-21,Loja Sul,Rio de Janeiro,3,9726.1
Teclado,Acessórios,2025-01-19,Loja Centro,Rio de Janeiro,5,14234.19
Pendrive,Armazenamento,2023-05-20,Loja Centro,Rio de Janeiro,2,3617.83
Smartphone,Eletrônicos,2024-11-21,Loja Barra,Rio de Janeiro,5,17620.92
HD Externo,Armazenamento,2025-05-24,Loja Duque,Duque de Caxias,4,5687.78
Smartwatch,Eletrônicos,2025-07-30,Loja Sul,Rio de Janeiro,3,2184.4
Headset,Acessórios,2024-02-08,Loja Sul,Rio de Janeiro,1,4295.91
Webcam,Periféricos,2023-03-02,Loja Centro,Rio de Janeiro,4,16798.17
Impressora,Periféricos,2025-08-31,Loja Sul,Rio de Janeiro,3,13134.65
Headset,Acessórios,2024-06-29,Loja Sul,Rio de Janeiro,2,6912.85
Monitor,Eletrônicos,2025-07-05,Loja São Gonçalo,São Gonçalo,1,2990.97
Mouse,Acessórios,2024-10-10,Loja Norte,Rio de Janeiro,3,8803.45
Teclado,Acessórios,2023-07-06,Loja Teresópolis,Teresópolis,5,11786.99
Teclado,Acessórios,2025-02-02,Loja São Gonçalo,São Gonçalo,1,3805.44
Impressora,Periféricos,2025-04-05,Loja Barra,Rio de Janeiro,5,18892.6
Impressora,Periféricos,2023-10-08,Loja Teresópolis,Teresópolis,4,2125.63
Pendrive,Armazenamento,2025-07-09,Loja Teresópolis,Teresópolis,5,20721.97
Headset,Acessórios,2025-04-17,Loja Nova Iguaçu,Nova Iguaçu,4,5695.27
Webcam,Periféricos,2024-12-11,Loja Petrópolis,Petrópolis,3,8181.06
Notebook,Eletrônicos,2023-12-09,Loja Sul,Rio de Janeiro,3,14240.89
Tablet,Eletrônicos,2024-02-20,Loja Sul,Rio de Janeiro,2,5051.47
Monitor,Eletrônicos,2023-01-01,Loja Duque,Duque de Caxias,1,3476.29
HD Externo,Armazenamento,2025-08-11,Loja Nova Iguaçu,Nova Iguaçu,1,1196.01
Teclado,Acessórios,2023-01-01,Loja Sul,Rio de Janeiro,1,3354.66
Smartphone,Eletrônicos,2024-08-22,Loja Norte,Rio de Janeiro,3,1185.16
Notebook,Eletrônicos,2023-05-17,Loja Duque,Duque de Caxias,4,16661.54
Impressora,Periféricos,2024-11-17,Loja São Gonçalo,São Gonçalo,2,1907.75
Headset,Acessórios,2023-03-06,Loja Teresópolis,Teresópolis,5,17469.69
Smartphone,Eletrônicos,2023-04-25,Loja Teresópolis,Teresópolis,1,466.34
Smartphone,Eletrônicos,2025-08-25,Loja Nova Iguaçu,Nova Iguaçu,2,8865.53
Pendrive,Armazenamento,2024-07-13,Loja Petrópolis,Petrópolis,2,4436.51
Webcam,Periféricos,2025-02-17,Loja Duque,Duque de Caxias,4,18703.46
Teclado,Acessórios,2023-03-15,Loja Teresópolis,Teresópolis,5,3921.39
HD Externo,Armazenamento,2023-05-06,Loja Niterói,Niterói,1,2083.67
Webcam,Periféricos,2025-09-17,Loja Nova Iguaçu,Nova Iguaçu,2,1467.03
Mouse,Acessórios,2024-09-24,Loja Duque,Duque de Caxias,1,1568.01
Monitor,Eletrônicos,2024-07-03,Loja Duque,Duque de Caxias,1,235.99
Webcam,Periféricos,2024-02-08,Loja Teresópolis,Teresópolis,3,14184.43
Notebook,Eletrônicos,2023-03-29,Loja Barra,Rio de Janeiro,2,1588.42
Smartphone,Eletrônicos,2025-09-22,Loja Barra,Rio de Janeiro,2,4619.47
Monitor,Eletrônicos,2023-09-05,Loja Sul,Rio de Janeiro,1,1333.95
Smartphone,Eletrônicos,2024-03-22,Loja Niterói,Niterói,1,3961.04
Teclado,Acessórios,2025-04-01,Loja Teresópolis,Teresópolis,1,1326.96
Pendrive,Armazenamento,2023-08-11,Loja Sul,Rio de Janeiro,4,8216.96
HD Externo,Armazenamento,2023-04-06,Loja Niterói,Niterói,3,11443.45
Impressora,Periféricos,2024-11-28,Loja São Gonçalo,São Gonçalo,5,21136.15
Tablet,Eletrônicos,2024-07-02,Loja Barra,Rio de Janeiro,1,972.53
Headset,Acessórios,2023-09-20,Loja Duque,Duque de Caxias,5,3941.09
Webcam,Periféricos,2023-01-11,Loja Petrópolis,Petrópolis,1,3243.16
Cadeira Gamer,Móveis,2025-03-18,Loja Sul,Rio de Janeiro,3,12161.02
Impressora,Periféricos,2023-04-19,Loja Duque,Duque de Caxias,3,1885.54
Webcam,Periféricos,2023-04-22,Loja Barra,Rio de Janeiro,4,12987.06
Notebook,Eletrônicos,2024-07-27,Loja Centro,Rio de Janeiro,1,2987.91
Smartwatch,Eletrônicos,2023-07-29,Loja Teresópolis,Teresópolis,1,439.73
HD Externo,Armazenamento,2024-05-14,Loja Petrópolis,Petrópolis,5,5812.82
Mouse,Acessórios,2023-10-28,Loja Sul,Rio de Janeiro,2,8294.43
Headset,Acessórios,2024-06-10,Loja Teresópolis,Teresópolis,5,12448.68
Mesa Escritório,Móveis,2023-03-02,Loja Niterói,Niterói,4,14196.84
Headset,Acessórios,2024-06-07,Loja São Gonçalo,São Gonçalo,5,12431.1
Smartphone,Eletrônicos,2024-02-27,Loja São Gonçalo,São Gonçalo,4,7079.66
HD Externo,Armazenamento,2025-01-23,Loja Petrópolis,Petrópolis,3,10834.6
Pendrive,Armazenamento,2024-10-26,Loja Norte,Rio de Janeiro,4,6586.67
Roteador,Redes,2024-01-19,Loja Barra,Rio de Janeiro,2,3552.11
Mouse,Acessórios,2025-04-27,Loja Sul,Rio de Janeiro,2,5016.58
Impressora,Periféricos,2023-02-01,Loja Sul,Rio de Janeiro,1,888.86
Monitor,Eletrônicos,2023-09-25,Loja Duque,Duque de Caxias,5,10420.81
Mouse,Acessórios,2025-07-04,Loja Petrópolis,Petrópolis,2,7723.3
Monitor,Eletrônicos,2024-08-07,Loja Nova Iguaçu,Nova Iguaçu,5,24827.21
Mouse,Acessórios,2023-06-06,Loja Niterói,Niterói,5,14731.22
Monitor,Eletrônicos,2024-08-17,Loja Petrópolis,Petrópolis,3,886.34
Smartwatch,Eletrônicos,2025-02-09,Loja São Gonçalo,São Gonçalo,2,867.56
Smartphone,Eletrônicos,2024-11-30,Loja Niterói,Niterói,5,2242.78
Smartphone,Eletrônicos,2025-05-28,Loja Norte,Rio de Janeiro,4,13511.02
Mouse,Acessórios,2023-10-08,Loja Petrópolis,Petrópolis,5,8375.64
HD Externo,Armazenamento,2023-01-19,Loja São Gonçalo,São Gonçalo,3,10777.76
Mouse,Acessórios,2024-02-14,Loja Petrópolis,Petrópolis,3,6762.63
Impressora,Periféricos,2023-07-03,Loja Norte,Rio de Janeiro,5,1481.74
Headset,Acessórios,2023-01-08,Loja Petrópolis,Petrópolis,1,4432.15
Impressora,Periféricos,2024-06-14,Loja Nova Iguaçu,Nova Iguaçu,1,3171.51
Cadeira Gamer,Móveis,2025-10-31,Loja Centro,Rio de Janeiro,1,361.35
Teclado,Acessórios,2023-07-15,Loja Norte,Rio de Janeiro,2,2286.17
Tablet,Eletrônicos,2024-09-19,Loja Sul,Rio de Janeiro,5,19694.26
Mouse,Acessórios,2024-05-03,Loja São Gonçalo,São Gonçalo,5,10813.08
Teclado,Acessórios,2025-02-17,Loja Sul,Rio de Janeiro,3,10821.23
Mouse,Acessórios,2024-02-02,Loja Duque,Duque de Caxias,1,3208.64
Notebook,Eletrônicos,2023-03-18,Loja Norte,Rio de Janeiro,5,8537.69
Roteador,Redes,2025-03-25,Loja Niterói,Niterói,2,3601.01
Mouse,Acessórios,2025-12-05,Loja Barra,Rio de Janeiro,3,8565.01
Webcam,Periféricos,2025-10-24,Loja Sul,Rio de Janeiro,1,4843.38
Cadeira Gamer,Móveis,2023-02-13,Loja Teresópolis,Teresópolis,1,2319.11
Webcam,Periféricos,2025-05-12,Loja Teresópolis,Teresópolis,2,8293.94
HD Externo,Armazenamento,2023-07-29,Loja Nova Iguaçu,Nova Iguaçu,4,13660.12
Cadeira Gamer,Móveis,2024-08-23,Loja Nova Iguaçu,Nova Iguaçu,1,960.04
Smartwatch,Eletrônicos,2024-02-17,Loja Barra,Rio de Janeiro,4,8776.91
Pendrive,Armazenamento,2024-04-24,Loja Nova Iguaçu,Nova Iguaçu,1,746.44
Smartphone,Eletrônicos,2025-04-24,Loja Norte,Rio de Janeiro,3,9657.87
Mouse,Acessórios,2024-04-28,Loja São Gonçalo,São Gonçalo,1,275.73
HD Externo,Armazenamento,2023-04-24,Loja Teresópolis,Teresópolis,1,3682.63
Roteador,Redes,2024-04-02,Loja Nova Iguaçu,Nova Iguaçu,4,13605.28
Pendrive,Armazenamento,2025-07-05,Loja Nova Iguaçu,Nova Iguaçu,1,2012.87
HD Externo,Armazenamento,2023-04-09,Loja Nova Iguaçu,Nova Iguaçu,1,1305.07
Cadeira Gamer,Móveis,2023-03-05,Loja Centro,Rio de Janeiro,2,8428.95
Smartphone,Eletrônicos,2025-10-03,Loja Barra,Rio de Janeiro,3,14657.37
Roteador,Redes,2024-04-08,Loja Nova Iguaçu,Nova Iguaçu,5,22258.05
Smartwatch,Eletrônicos,2023-11-13,Loja Sul,Rio de Janeiro,2,5209.63
HD Externo,Armazenamento,2023-10-23,Loja Petrópolis,Petrópolis,5,3216.06
Monitor,Eletrônicos,2024-10-14,Loja Duque,Duque de Caxias,5,15165.16
Roteador,Redes,2024-09-10,Loja Duque,Duque de Caxias,4,12846.72
Webcam,Periféricos,2024-12-03,Loja Niterói,Niterói,2,3816.41
Monitor,Eletrônicos,2023-07-19,Loja Teresópolis,Teresópolis,5,22060.93
Mesa Escritório,Móveis,2024-02-20,Loja Niterói,Niterói,1,1887.0
Impressora,Periféricos,2025-10-01,Loja Nova Iguaçu,Nova Iguaçu,5,970.26
Tablet,Eletrônicos,2023-11-15,Loja Barra,Rio de Janeiro,4,9788.21
Smartwatch,Eletrônicos,2023-11-17,Loja Teresópolis,Teresópolis,3,5053.7
Roteador,Redes,2024-03-29,Loja Duque,Duque de Caxias,2,5430.91
Tablet,Eletrônicos,2025-04-27,Loja Centro,Rio de Janeiro,4,13044.69
Pendrive,Armazenamento,2025-02-24,Loja Norte,Rio de Janeiro,2,8768.97
Teclado,Acessórios,2024-05-04,Loja Centro,Rio de Janeiro,2,463.41
Mesa Escritório,Móveis,2024-01-20,Loja Norte,Rio de Janeiro,2,515.31
Mesa Escritório,Móveis,2023-12-10,Loja Centro,Rio de Janeiro,2,7914.86
Impressora,Periféricos,2024-02-10,Loja Duque,Duque de Caxias,4,13577.43
Webcam,Periféricos,2024-11-21,Loja Norte,Rio de Janeiro,3,5973.28
Smartwatch,Eletrônicos,2025-05-28,Loja Sul,Rio de Janeiro,5,7736.97
Roteador,Redes,2023-03-12,Loja Barra,Rio de Janeiro,2,9226.35
Webcam,Periféricos,2024-08-10,Loja Teresópolis,Teresópolis,2,5885.08
Cadeira Gamer,Móveis,2025-12-24,Loja São Gonçalo,São Gonçalo,1,1972.07
Teclado,Acessórios,2024-02-14,Loja Centro,Rio de Janeiro,4,1309.38
HD Externo,Armazenamento,2025-09-15,Loja Nova Iguaçu,Nova Iguaçu,2,5382.66
HD Externo,Armazenamento,2023-02-01,Loja Centro,Rio de Janeiro,3,2971.45
Impressora,Periféricos,2025-12-07,Loja Niterói,Niterói,2,3783.99
Cadeira Gamer,Móveis,2023-11-24,Loja Niterói,Niterói,5,17539.64
Cadeira Gamer,Móveis,2025-11-12,Loja Teresópolis,Teresópolis,2,5395.29
Smartphone,Eletrônicos,2024-01-08,Loja Niterói,Niterói,5,14438.84
Cadeira Gamer,Móveis,2024-10-08,Loja Duque,Duque de Caxias,5,1783.88
Impressora,Periféricos,2023-10-01,Loja São Gonçalo,São Gonçalo,2,8921.4
Roteador,Redes,2023-05-12,Loja Niterói,Niterói,4,17133.63
Pendrive,Armazenamento,2025-03-18,Loja Niterói,Niterói,3,6236.21
Webcam,Periféricos,2025-01-13,Loja Centro,Rio de Janeiro,4,6167.69
Teclado,Acessórios,2024-10-01,Loja São Gonçalo,São Gonçalo,5,15339.96
Cadeira Gamer,Móveis,2025-07-07,Loja Niterói,Niterói,5,14373.44
Cadeira Gamer,Móveis,2023-08-07,Loja São Gonçalo,São Gonçalo,4,8088.82
Headset,Acessórios,2023-05-21,Loja Duque,Duque de Caxias,5,12242.33
Teclado,Acessórios,2024-09-04,Loja Duque,Duque de Caxias,1,2386.79
Impressora,Periféricos,2025-12-05,Loja Petrópolis,Petrópolis,1,1362.49
Pendrive,Armazenamento,2023-11-11,Loja Centro,Rio de Janeiro,4,17206.46
Smartphone,Eletrônicos,2025-11-13,Loja Sul,Rio de Janeiro,3,5875.39
Smartwatch,Eletrônicos,2024-12-09,Loja São Gonçalo,São Gonçalo,1,2305.23
Roteador,Redes,2023-10-26,Loja Barra,Rio de Janeiro,1,974.09
Impressora,Periféricos,2023-01-31,Loja Teresópolis,Teresópolis,1,986.58
Headset,Acessórios,2025-04-06,Loja Centro,Rio de Janeiro,4,1609.3
Roteador,Redes,2023-10-20,Loja Centro,Rio de Janeiro,5,8743.62
Webcam,Periféricos,2023-04-28,Loja Barra,Rio de Janeiro,3,7593.42
Smartphone,Eletrônicos,2023-06-16,Loja Nova Iguaçu,Nova Iguaçu,4,9045.09
Smartphone,Eletrônicos,2023-06-05,Loja Sul,Rio de Janeiro,4,6837.91
Smartwatch,Eletrônicos,2024-07-14,Loja Niterói,Niterói,4,4387.15
Mesa Escritório,Móveis,2024-01-11,Loja Nova Iguaçu,Nova Iguaçu,2,8915.97
Cadeira Gamer,Móveis,2025-09-03,Loja Niterói,Niterói,1,2281.44
Mouse,Acessórios,2025-02-05,Loja Duque,Duque de Caxias,4,14091.67
HD Externo,Armazenamento,2023-07-14,Loja Teresópolis,Teresópolis,3,8531.38
Headset,Acessórios,2023-09-30,Loja Nova Iguaçu,Nova Iguaçu,4,5078.15
Mouse,Acessórios,2023-11-06,Loja Norte,Rio de Janeiro,5,9271.4
Mouse,Acessórios,2023-10-30,Loja Sul,Rio de Janeiro,3,10760.94
Smartphone,Eletrônicos,2023-02-10,Loja Niterói,Niterói,3,12948.15
Notebook,Eletrônicos,2024-08-12,Loja Niterói,Niterói,1,4318.97
Notebook,Eletrônicos,2023-10-05,Loja Sul,Rio de Janeiro,5,3300.06
Roteador,Redes,2025-01-17,Loja Teresópolis,Teresópolis,2,7436.68
HD Externo,Armazenamento,2023-02-24,Loja Sul,Rio de Janeiro,4,638.37
Notebook,Eletrônicos,2025-01-30,Loja Niterói,Niterói,4,14820.15
Notebook,Eletrônicos,2024-12-23,Loja Nova Iguaçu,Nova Iguaçu,5,811.5
Pendrive,Armazenamento,2025-10-18,Loja Teresópolis,Teresópolis,4,877.07
Webcam,Periféricos,2024-01-28,Loja Petrópolis,Petrópolis,2,8908.17
Smartwatch,Eletrônicos,2023-06-09,Loja Duque,Duque de Caxias,4,18943.45
Pendrive,Armazenamento,2023-11-30,Loja Petrópolis,Petrópolis,5,2082.9
Smartwatch,Eletrônicos,2023-12-18,Loja Centro,Rio de Janeiro,3,2944.35
Smartwatch,Eletrônicos,2024-06-13,Loja Teresópolis,Teresópolis,5,441.32
Monitor,Eletrônicos,2024-09-03,Loja São Gonçalo,São Gonçalo,1,1065.21
Webcam,Periféricos,2025-11-23,Loja Norte,Rio de Janeiro,1,2557.44
HD Externo,Armazenamento,2024-01-01,Loja Niterói,Niterói,4,18867.55
Impressora,Periféricos,2023-04-24,Loja Duque,Duque de Caxias,5,8314.43
Teclado,Acessórios,2023-11-05,Loja Centro,Rio de Janeiro,1,1850.74
Roteador,Redes,2023-09-03,Loja Petrópolis,Petrópolis,5,1875.6
Impressora,Periféricos,2023-10-04,Loja Barra,Rio de Janeiro,5,23411.05
Monitor,Eletrônicos,2024-10-30,Loja São Gonçalo,São Gonçalo,1,4549.54
HD Externo,Armazenamento,2024-04-05,Loja Norte,Rio de Janeiro,3,14161.03
Monitor,Eletrônicos,2023-10-04,Loja Barra,Rio de Janeiro,5,9329.99
Smartwatch,Eletrônicos,2024-07-29,Loja Barra,Rio de Janeiro,1,4794.94
Monitor,Eletrônicos,2023-07-16,Loja Barra,Rio de Janeiro,5,11439.31
Roteador,Redes,2024-08-28,Loja Barra,Rio de Janeiro,1,2197.42
Mouse,Acessórios,2024-06-19,Loja Niterói,Niterói,5,3533.88
Monitor,Eletrônicos,2025-06-06,Loja Norte,Rio de Janeiro,3,1691.16
Cadeira Gamer,Móveis,2025-08-22,Loja Niterói,Niterói,3,5083.58
Tablet,Eletrônicos,2023-05-29,Loja Teresópolis,Teresópolis,4,19996.14
Pendrive,Armazenamento,2023-03-05,Loja Centro,Rio de Janeiro,2,8887.81
Mesa Escritório,Móveis,2023-01-13,Loja Niterói,Niterói,1,3718.48
Impressora,Periféricos,2025-11-10,Loja São Gonçalo,São Gonçalo,3,8258.91
Pendrive,Armazenamento,2023-06-01,Loja Petrópolis,Petrópolis,1,2937.78
Headset,Acessórios,2024-06-23,Loja Nova Iguaçu,Nova Iguaçu,3,3091.48
Notebook,Eletrônicos,2023-10-18,Loja São Gonçalo,São Gonçalo,2,607.27
Monitor,Eletrônicos,2024-05-25,Loja Norte,Rio de Janeiro,4,17277.89
Roteador,Redes,2023-12-22,Loja Barra,Rio de Janeiro,3,11180.44
Headset,Acessórios,2023-08-02,Loja Sul,Rio de Janeiro,1,4791.67
Notebook,Eletrônicos,2025-02-25,Loja Centro,Rio de Janeiro,4,19690.75
Smartwatch,Eletrônicos,2024-09-23,Loja Barra,Rio de Janeiro,1,3567.91
Notebook,Eletrônicos,2024-06-18,Loja Centro,Rio de Janeiro,1,3457.56
Pendrive,Armazenamento,2024-02-19,Loja Nova Iguaçu,Nova Iguaçu,1,4627.01
Smartphone,Eletrônicos,2024-03-11,Loja São Gonçalo,São Gonçalo,1,1555.81
HD Externo,Armazenamento,2025-03-10,Loja Barra,Rio de Janeiro,2,3726.4
Cadeira Gamer,Móveis,2023-05-19,Loja Niterói,Niterói,3,10957.17
Mesa Escritório,Móveis,2023-09-21,Loja Duque,Duque de Caxias,1,2385.62
Notebook,Eletrônicos,2024-05-05,Loja Petrópolis,Petrópolis,3,8089.69
Tablet,Eletrônicos,2023-09-30,Loja Sul,Rio de Janeiro,2,6452.7
Monitor,Eletrônicos,2024-12-29,Loja Sul,Rio de Janeiro,2,4509.51
Teclado,Acessórios,2024-07-20,Loja Duque,Duque de Caxias,4,15562.06
Mouse,Acessórios,2024-11-05,Loja Sul,Rio de Janeiro,4,3612.77
Teclado,Acessórios,2024-05-28,Loja Sul,Rio de Janeiro,1,113.64
Monitor,Eletrônicos,2025-06-21,Loja Sul,Rio de Janeiro,5,6183.67
Smartphone,Eletrônicos,2025-10-14,Loja Nova Iguaçu,Nova Iguaçu,5,17472.62
Cadeira Gamer,Móveis,2025-07-17,Loja Centro,Rio de Janeiro,1,1909.15
Smartwatch,Eletrônicos,2024-07-09,Loja Duque,Duque de Caxias,2,5277.57
Teclado,Acessórios,2024-10-19,Loja Norte,Rio de Janeiro,1,1995.07
Pendrive,Armazenamento,2025-10-28,Loja Petrópolis,Petrópolis,4,2559.31
Teclado,Acessórios,2025-08-23,Loja Norte,Rio de Janeiro,3,8991.29
Webcam,Periféricos,2023-02-25,Loja Norte,Rio de Janeiro,3,1283.58
Mesa Escritório,Móveis,2023-12-13,Loja Niterói,Niterói,4,11269.41
Impressora,Periféricos,2023-10-28,Loja São Gonçalo,São Gonçalo,1,857.45
Impressora,Periféricos,2024-03-25,Loja Teresópolis,Teresópolis,4,9597.99
Notebook,Eletrônicos,2024-10-12,Loja São Gonçalo,São Gonçalo,2,4900.9
Smartwatch,Eletrônicos,2024-07-25,Loja Norte,Rio de Janeiro,5,21636.87
Mesa Escritório,Móveis,2023-09-22,Loja Niterói,Niterói,5,14333.9
Monitor,Eletrônicos,2023-02-27,Loja Barra,Rio de Janeiro,1,3228.79
Mesa Escritório,Móveis,2025-05-20,Loja Sul,Rio de Janeiro,1,1744.79
Impressora,Periféricos,2024-02-02,Loja Centro,Rio de Janeiro,2,387.03
Mesa Escritório,Móveis,2025-12-13,Loja Duque,Duque de Caxias,5,10239.98
Tablet,Eletrônicos,2025-11-03,Loja Teresópolis,Teresópolis,3,11881.23
Roteador,Redes,2025-04-25,Loja Centro,Rio de Janeiro,1,452.98
Webcam,Periféricos,2025-11-06,Loja Nova Iguaçu,Nova Iguaçu,5,1120.84
Pendrive,Armazenamento,2023-06-18,Loja Norte,Rio de Janeiro,2,9548.35
Mesa Escritório,Móveis,2025-06-15,Loja Sul,Rio de Janeiro,1,3022.34
Roteador,Redes,2023-04-28,Loja Niterói,Niterói,5,11177.59
Webcam,Periféricos,2024-07-10,Loja Norte,Rio de Janeiro,2,4806.07
Headset,Acessórios,2023-11-20,Loja Sul,Rio de Janeiro,3,8791.86
Monitor,Eletrônicos,2024-04-23,Loja Sul,Rio de Janeiro,4,9752.95
Impressora,Periféricos,2024-09-25,Loja Duque,Duque de Caxias,2,3334.88
Mouse,Acessórios,2025-03-14,Loja Duque,Duque de Caxias,1,920.5
Headset,Acessórios,2025-08-11,Loja Duque,Duque de Caxias,1,1090.9
Impressora,Periféricos,2024-09-06,Loja Norte,Rio de Janeiro,1,2781.32
Pendrive,Armazenamento,2023-05-04,Loja Niterói,Niterói,3,3758.51
Roteador,Redes,2024-12-28,Loja Petrópolis,Petrópolis,5,5254.82
Monitor,Eletrônicos,2024-11-24,Loja Nova Iguaçu,Nova Iguaçu,4,538.45
Tablet,Eletrônicos,2025-08-30,Loja Barra,Rio de Janeiro,1,3988.04
Mouse,Acessórios,2025-10-20,Loja Sul,Rio de Janeiro,4,17184.46
Roteador,Redes,2024-07-18,Loja Teresópolis,Teresópolis,2,1066.34
Teclado,Acessórios,2025-02-26,Loja Teresópolis,Teresópolis,5,16066.05
Cadeira Gamer,Móveis,2025-12-30,Loja Petrópolis,Petrópolis,2,158.82
Smartwatch,Eletrônicos,2024-08-12,Loja Barra,Rio de Janeiro,5,13746.25
Impressora,Periféricos,2023-02-12,Loja Sul,Rio de Janeiro,5,9878.53
Webcam,Periféricos,2023-01-08,Loja Barra,Rio de Janeiro,2,9621.28
Roteador,Redes,2025-12-29,Loja Petrópolis,Petrópolis,5,22335.92
Headset,Acessórios,2024-06-10,Loja Norte,Rio de Janeiro,5,20248.37
Mesa Escritório,Móveis,2023-06-29,Loja Centro,Rio de Janeiro,3,7827.67
Impressora,Periféricos,2024-08-27,Loja Centro,Rio de Janeiro,5,24179.59
Smartphone,Eletrônicos,2025-06-23,Loja Norte,Rio de Janeiro,2,6453.2
Pendrive,Armazenamento,2024-08-18,Loja Niterói,Niterói,5,11783.59
Pendrive,Armazenamento,2023-02-13,Loja Petrópolis,Petrópolis,1,953.86
Monitor,Eletrônicos,2024-03-01,Loja Sul,Rio de Janeiro,4,12244.72
Pendrive,Armazenamento,2023-04-08,Loja São Gonçalo,São Gonçalo,1,3915.0
Notebook,Eletrônicos,2024-04-23,Loja Norte,Rio de Janeiro,4,7251.56
Mesa Escritório,Móveis,2025-12-17,Loja Niterói,Niterói,2,8495.48
Tablet,Eletrônicos,2023-07-05,Loja Centro,Rio de Janeiro,5,18535.23
Mouse,Acessórios,2024-03-13,Loja Duque,Duque de Caxias,4,17906.8
Mesa Escritório,Móveis,2025-03-07,Loja Barra,Rio de Janeiro,4,4527.26
Roteador,Redes,2024-02-04,Loja Petrópolis,Petrópolis,4,4720.74
Notebook,Eletrônicos,2025-09-27,Loja Niterói,Niterói,4,1706.57
Roteador,Redes,2023-02-17,Loja Norte,Rio de Janeiro,2,769.97
Roteador,Redes,2025-05-24,Loja Centro,Rio de Janeiro,2,1795.7
Notebook,Eletrônicos,2024-08-23,Loja Barra,Rio de Janeiro,1,1935.68
Tablet,Eletrônicos,2023-02-05,Loja Petrópolis,Petrópolis,2,600.95
Pendrive,Armazenamento,2024-06-13,Loja Sul,Rio de Janeiro,1,2789.29
Impressora,Periféricos,2024-11-11,Loja São Gonçalo,São Gonçalo,2,4932.74
Smartphone,Eletrônicos,2025-08-06,Loja Petrópolis,Petrópolis,1,4568.66
Monitor,Eletrônicos,2025-01-11,Loja Norte,Rio de Janeiro,1,214.01
Cadeira Gamer,Móveis,2025-05-25,Loja Nova Iguaçu,Nova Iguaçu,2,3997.27
Impressora,Periféricos,2025-10-09,Loja Barra,Rio de Janeiro,2,2354.1
Smartphone,Eletrônicos,2025-11-27,Loja Centro,Rio de Janeiro,5,3660.62
Webcam,Periféricos,2025-11-27,Loja São Gonçalo,São Gonçalo,1,1109.72
Impressora,Periféricos,2025-12-16,Loja Teresópolis,Teresópolis,4,9666.52
Teclado,Acessórios,2025-02-05,Loja Petrópolis,Petrópolis,1,4223.39
HD Externo,Armazenamento,2023-02-03,Loja Centro,Rio de Janeiro,5,349.63
Cadeira Gamer,Móveis,2025-01-08,Loja Nova Iguaçu,Nova Iguaçu,2,7927.0
HD Externo,Armazenamento,2024-10-11,Loja Niterói,Niterói,3,10846.82
Headset,Acessórios,2023-08-21,Loja Barra,Rio de Janeiro,1,1644.86
Cadeira Gamer,Móveis,2024-12-15,Loja Petrópolis,Petrópolis,3,12462.61
Roteador,Redes,2023-12-26,Loja São Gonçalo,São Gonçalo,5,15889.27
Notebook,Eletrônicos,2023-06-06,Loja Nova Iguaçu,Nova Iguaçu,5,3824.49
Smartphone,Eletrônicos,2025-07-11,Loja Barra,Rio de Janeiro,2,8041.99
Roteador,Redes,2023-06-04,Loja Sul,Rio de Janeiro,3,2420.4
Tablet,Eletrônicos,2025-01-28,Loja Teresópolis,Teresópolis,4,5161.31
Impressora,Periféricos,2025-06-25,Loja Teresópolis,Teresópolis,3,5440.04
Impressora,Periféricos,2023-07-21,Loja Centro,Rio de Janeiro,5,14007.82
HD Externo,Armazenamento,2024-04-16,Loja Nova Iguaçu,Nova Iguaçu,3,5311.33
Pendrive,Armazenamento,2025-10-26,Loja Barra,Rio de Janeiro,1,695.31
Smartphone,Eletrônicos,2024-05-11,Loja São Gonçalo,São Gonçalo,2,4509.47
Impressora,Periféricos,2023-08-14,Loja Barra,Rio de Janeiro,3,9229.8
Webcam,Periféricos,2025-07-20,Loja Barra,Rio de Janeiro,2,2925.93
Notebook,Eletrônicos,2023-03-08,Loja Centro,Rio de Janeiro,5,18186.56
Cadeira Gamer,Móveis,2024-12-21,Loja Nova Iguaçu,Nova Iguaçu,3,669.73
Webcam,Periféricos,2023-11-04,Loja Petrópolis,Petrópolis,4,13930.54
Roteador,Redes,2023-12-15,Loja Petrópolis,Petrópolis,3,6656.12
Smartphone,Eletrônicos,2023-09-23,Loja Nova Iguaçu,Nova Iguaçu,1,2885.69
Notebook,Eletrônicos,2025-10-03,Loja São Gonçalo,São Gonçalo,2,8677.51
Cadeira Gamer,Móveis,2025-10-17,Loja Teresópolis,Teresópolis,4,14116.36
Webcam,Periféricos,2023-09-04,Loja Centro,Rio de Janeiro,4,6017.28
Pendrive,Armazenamento,2025-05-12,Loja Teresópolis,Teresópolis,2,6148.64
Impressora,Periféricos,2024-11-22,Loja Niterói,Niterói,5,19457.21
Monitor,Eletrônicos,2024-03-13,Loja Teresópolis,Teresópolis,1,458.17
Teclado,Acessórios,2023-12-14,Loja São Gonçalo,São Gonçalo,4,19080.76
Cadeira Gamer,Móveis,2024-07-22,Loja Norte,Rio de Janeiro,2,171.03
Pendrive,Armazenamento,2024-11-30,Loja Petrópolis,Petrópolis,2,3498.34
Headset,Acessórios,2024-04-01,Loja Sul,Rio de Janeiro,5,4969.23
Cadeira Gamer,Móveis,2025-09-30,Loja Barra,Rio de Janeiro,5,20291.4
Pendrive,Armazenamento,2023-02-26,Loja Niterói,Niterói,3,8901.83
HD Externo,Armazenamento,2024-01-04,Loja Teresópolis,Teresópolis,5,16280.86
Smartwatch,Eletrônicos,2025-11-12,Loja Centro,Rio de Janeiro,3,2914.06
Webcam,Periféricos,2025-12-14,Loja Nova Iguaçu,Nova Iguaçu,1,3216.24
Smartwatch,Eletrônicos,2023-06-15,Loja Centro,Rio de Janeiro,4,1327.57
Cadeira Gamer,Móveis,2025-06-11,Loja Barra,Rio de Janeiro,2,9915.01
Cadeira Gamer,Móveis,2023-11-19,Loja Nova Iguaçu,Nova Iguaçu,5,21240.34
Headset,Acessórios,2025-01-09,Loja Centro,Rio de Janeiro,5,19989.75
Pendrive,Armazenamento,2023-05-04,Loja Sul,Rio de Janeiro,4,15817.73
Teclado,Acessórios,2025-03-14,Loja Niterói,Niterói,5,16435.11
Monitor,Eletrônicos,2024-12-14,Loja Nova Iguaçu,Nova Iguaçu,5,15028.18
Teclado,Acessórios,2025-03-13,Loja Duque,Duque de Caxias,1,3370.09
Cadeira Gamer,Móveis,2024-12-03,Loja São Gonçalo,São Gonçalo,2,2499.98
Mesa Escritório,Móveis,2024-02-01,Loja São Gonçalo,São Gonçalo,1,554.56
Notebook,Eletrônicos,2025-12-24,Loja Teresópolis,Teresópolis,4,16133.79
Roteador,Redes,2025-03-07,Loja Centro,Rio de Janeiro,4,4216.25
Smartwatch,Eletrônicos,2024-04-26,Loja São Gonçalo,São Gonçalo,5,4866.42
Cadeira Gamer,Móveis,2023-08-08,Loja São Gonçalo,São Gonçalo,2,5198.33
Cadeira Gamer,Móveis,2025-12-20,Loja Duque,Duque de Caxias,5,11232.45
Roteador,Redes,2023-12-10,Loja Norte,Rio de Janeiro,1,545.06
Headset,Acessórios,2025-07-12,Loja Petrópolis,Petrópolis,4,15075.88
Mesa Escritório,Móveis,2024-03-29,Loja Petrópolis,Petrópolis,1,1071.61
Cadeira Gamer,Móveis,2024-12-27,Loja São Gonçalo,São Gonçalo,4,10175.62
Smartphone,Eletrônicos,2023-05-25,Loja Nova Iguaçu,Nova Iguaçu,2,415.23
Tablet,Eletrônicos,2025-06-28,Loja Norte,Rio de Janeiro,1,67.85
Cadeira Gamer,Móveis,2024-06-14,Loja Norte,Rio de Janeiro,3,2073.47
Notebook,Eletrônicos,2025-10-04,Loja Norte,Rio de Janeiro,3,3142.68
HD Externo,Armazenamento,2025-09-28,Loja Sul,Rio de Janeiro,5,1345.05
Smartphone,Eletrônicos,2024-03-31,Loja Nova Iguaçu,Nova Iguaçu,2,6890.14
Cadeira Gamer,Móveis,2025-10-16,Loja Duque,Duque de Caxias,5,18007.47
Cadeira Gamer,Móveis,2023-06-18,Loja Norte,Rio de Janeiro,5,21823.01
Notebook,Eletrônicos,2024-03-30,Loja Sul,Rio de Janeiro,2,4340.59
Cadeira Gamer,Móveis,2025-08-03,Loja Teresópolis,Teresópolis,3,11006.48
Mouse,Acessórios,2024-12-15,Loja Barra,Rio de Janeiro,2,8774.61
Smartwatch,Eletrônicos,2025-12-15,Loja São Gonçalo,São Gonçalo,5,10851.67
Cadeira Gamer,Móveis,2023-02-06,Loja São Gonçalo,São Gonçalo,3,10218.27
HD Externo,Armazenamento,2025-03-20,Loja Barra,Rio de Janeiro,1,3774.97
Smartwatch,Eletrônicos,2024-02-29,Loja Barra,Rio de Janeiro,4,5911.48
Roteador,Redes,2024-09-18,Loja Centro,Rio de Janeiro,1,4112.1
Headset,Acessórios,2025-08-29,Loja Niterói,Niterói,1,178.85
Mouse,Acessórios,2023-09-21,Loja Centro,Rio de Janeiro,3,10977.18
Tablet,Eletrônicos,2025-06-19,Loja Petrópolis,Petrópolis,4,16182.29
Notebook,Eletrônicos,2023-07-12,Loja Nova Iguaçu,Nova Iguaçu,3,9019.07
Webcam,Periféricos,2023-03-25,Loja Norte,Rio de Janeiro,2,6260.68
Impressora,Periféricos,2023-09-01,Loja Teresópolis,Teresópolis,3,6132.56
HD Externo,Armazenamento,2024-01-28,Loja Centro,Rio de Janeiro,1,1903.53
Impressora,Periféricos,2023-04-20,Loja Nova Iguaçu,Nova Iguaçu,2,8657.83
Webcam,Periféricos,2025-08-12,Loja Sul,Rio de Janeiro,3,11431.72
Impressora,Periféricos,2025-08-09,Loja Sul,Rio de Janeiro,1,3092.39
Monitor,Eletrônicos,2025-04-28,Loja Petrópolis,Petrópolis,3,4148.11
Webcam,Periféricos,2024-06-06,Loja São Gonçalo,São Gonçalo,3,9134.71
Smartphone,Eletrônicos,2025-12-14,Loja São Gonçalo,São Gonçalo,1,2530.99
Headset,Acessórios,2024-09-23,Loja Norte,Rio de Janeiro,1,4696.62
Monitor,Eletrônicos,2025-02-09,Loja Norte,Rio de Janeiro,1,4752.02
Monitor,Eletrônicos,2025-06-09,Loja Sul,Rio de Janeiro,5,6009.53
Pendrive,Armazenamento,2023-10-29,Loja Niterói,Niterói,4,206.13
Webcam,Periféricos,2024-07-26,Loja Barra,Rio de Janeiro,1,3801.17
Mesa Escritório,Móveis,2024-01-06,Loja Norte,Rio de Janeiro,1,4409.73
HD Externo,Armazenamento,2023-03-12,Loja Petrópolis,Petrópolis,4,14516.08
Pendrive,Armazenamento,2025-07-20,Loja Nova Iguaçu,Nova Iguaçu,2,1920.71
HD Externo,Armazenamento,2025-05-08,Loja Nova Iguaçu,Nova Iguaçu,2,5111.89
Pendrive,Armazenamento,2024-07-15,Loja Niterói,Niterói,2,4338.68
HD Externo,Armazenamento,2025-01-03,Loja Teresópolis,Teresópolis,4,14157.28
Pendrive,Armazenamento,2023-01-09,Loja Niterói,Niterói,4,8627.31
Pendrive,Armazenamento,2024-03-08,Loja Nova Iguaçu,Nova Iguaçu,1,2112.76
Tablet,Eletrônicos,2024-01-27,Loja Petrópolis,Petrópolis,3,14446.64
Cadeira Gamer,Móveis,2024-02-24,Loja Sul,Rio de Janeiro,1,3290.65
Tablet,Eletrônicos,2024-09-29,Loja Sul,Rio de Janeiro,1,1498.35
Webcam,Periféricos,2023-12-06,Loja Centro,Rio de Janeiro,3,9905.03
Mouse,Acessórios,2024-10-01,Loja Niterói,Niterói,4,1852.35
Mesa Escritório,Móveis,2024-08-31,Loja Teresópolis,Teresópolis,1,4493.64
Webcam,Periféricos,2023-05-11,Loja Duque,Duque de Caxias,2,2405.35
Impressora,Periféricos,2023-02-19,Loja São Gonçalo,São Gonçalo,2,2603.08
Cadeira Gamer,Móveis,2023-11-23,Loja Petrópolis,Petrópolis,3,5116.53
Mesa Escritório,Móveis,2023-03-22,Loja Sul,Rio de Janeiro,2,4639.63
Teclado,Acessórios,2023-05-03,Loja Teresópolis,Teresópolis,1,828.05
Headset,Acessórios,2023-11-01,Loja Nova Iguaçu,Nova Iguaçu,5,16309.0
Notebook,Eletrônicos,2023-09-19,Loja Teresópolis,Teresópolis,3,6609.14
HD Externo,Armazenamento,2023-01-12,Loja Duque,Duque de Caxias,1,1590.93
Webcam,Periféricos,2023-10-28,Loja Niterói,Niterói,4,18005.72
Notebook,Eletrônicos,2023-01-18,Loja São Gonçalo,São Gonçalo,1,371.12
Headset,Acessórios,2024-02-22,Loja Petrópolis,Petrópolis,4,11577.91
Mouse,Acessórios,2023-08-04,Loja Barra,Rio de Janeiro,4,15260.83
Monitor,Eletrônicos,2025-04-12,Loja Barra,Rio de Janeiro,5,3409.75
Mouse,Acessórios,2024-09-14,Loja Sul,Rio de Janeiro,3,5308.07
Impressora,Periféricos,2025-10-09,Loja Sul,Rio de Janeiro,5,8246.45
Webcam,Periféricos,2023-08-21,Loja Duque,Duque de Caxias,3,764.56
Tablet,Eletrônicos,2025-08-18,Loja Teresópolis,Teresópolis,1,2676.01
Roteador,Redes,2023-07-13,Loja Centro,Rio de Janeiro,1,4525.61
Teclado,Acessórios,2023-09-07,Loja Norte,Rio de Janeiro,5,7673.6
Roteador,Redes,2025-03-19,Loja Sul,Rio de Janeiro,2,3983.4
Smartwatch,Eletrônicos,2023-04-18,Loja Nova Iguaçu,Nova Iguaçu,4,10217.16
Mouse,Acessórios,2024-06-09,Loja Teresópolis,Teresópolis,4,3431.8
Monitor,Eletrônicos,2023-05-16,Loja Teresópolis,Teresópolis,2,1762.0
Mesa Escritório,Móveis,2025-03-23,Loja Nova Iguaçu,Nova Iguaçu,5,22160.75
Headset,Acessórios,2025-05-20,Loja Centro,Rio de Janeiro,4,5901.14
Teclado,Acessórios,2023-09-26,Loja Centro,Rio de Janeiro,5,10560.79
Pendrive,Armazenamento,2023-10-12,Loja Centro,Rio de Janeiro,5,1174.45
HD Externo,Armazenamento,2023-08-27,Loja Nova Iguaçu,Nova Iguaçu,5,18534.7
Mouse,Acessórios,2025-05-31,Loja Nova Iguaçu,Nova Iguaçu,4,1013.11
Cadeira Gamer,Móveis,2025-03-04,Loja Teresópolis,Teresópolis,2,2722.82
Smartphone,Eletrônicos,2024-11-02,Loja Barra,Rio de Janeiro,5,23365.36
Smartphone,Eletrônicos,2025-09-14,Loja Duque,Duque de Caxias,1,4787.03
Impressora,Periféricos,2024-06-18,Loja Barra,Rio de Janeiro,5,15574.21
Monitor,Eletrônicos,2024-07-10,Loja Nova Iguaçu,Nova Iguaçu,3,3686.11
Monitor,Eletrônicos,2023-12-31,Loja Niterói,Niterói,1,4314.3
Impressora,Periféricos,2023-08-07,Loja Petrópolis,Petrópolis,5,1218.52
Smartwatch,Eletrônicos,2025-05-07,Loja Barra,Rio de Janeiro,3,2152.47
Roteador,Redes,2024-03-16,Loja Centro,Rio de Janeiro,1,3536.24
Smartwatch,Eletrônicos,2023-01-16,Loja Sul,Rio de Janeiro,5,14836.12
Mesa Escritório,Móveis,2023-04-24,Loja São Gonçalo,São Gonçalo,2,342.52
Monitor,Eletrônicos,2025-07-31,Loja Niterói,Niterói,4,6826.37
Notebook,Eletrônicos,2024-02-14,Loja Petrópolis,Petrópolis,2,899.16
Smartwatch,Eletrônicos,2024-12-30,Loja Petrópolis,Petrópolis,5,19835.7
Mesa Escritório,Móveis,2024-02-09,Loja Norte,Rio de Janeiro,4,7357.47
Impressora,Periféricos,2025-01-21,Loja Centro,Rio de Janeiro,3,3680.28
Teclado,Acessórios,2024-12-10,Loja Teresópolis,Teresópolis,5,10216.86
Mesa Escritório,Móveis,2023-11-24,Loja Niterói,Niterói,5,20915.61
Monitor,Eletrônicos,2025-11-21,Loja São Gonçalo,São Gonçalo,1,3304.48
Mouse,Acessórios,2024-11-19,Loja Duque,Duque de Caxias,5,16182.58
Roteador,Redes,2023-01-07,Loja São Gonçalo,São Gonçalo,5,18668.61
HD Externo,Armazenamento,2025-12-06,Loja Sul,Rio de Janeiro,5,24129.37
HD Externo,Armazenamento,2024-03-01,Loja Teresópolis,Teresópolis,3,8589.96
Cadeira Gamer,Móveis,2023-05-11,Loja Niterói,Niterói,4,287.15
Impressora,Periféricos,2024-06-26,Loja Barra,Rio de Janeiro,2,390.01
Pendrive,Armazenamento,2023-07-10,Loja Niterói,Niterói,2,902.73
Tablet,Eletrônicos,2025-12-05,Loja São Gonçalo,São Gonçalo,1,1987.61
Roteador,Redes,2024-07-11,Loja São Gonçalo,São Gonçalo,1,2746.66
Roteador,Redes,2024-07-31,Loja Petrópolis,Petrópolis,2,5755.44
Monitor,Eletrônicos,2025-12-26,Loja Petrópolis,Petrópolis,2,6631.06
Impressora,Periféricos,2023-08-23,Loja São Gonçalo,São Gonçalo,3,3947.63
Webcam,Periféricos,2025-03-12,Loja São Gonçalo,São Gonçalo,4,15056.19
Notebook,Eletrônicos,2023-07-27,Loja Norte,Rio de Janeiro,4,16235.55
Monitor,Eletrônicos,2023-08-08,Loja Norte,Rio de Janeiro,2,1585.19
Roteador,Redes,2023-05-22,Loja Barra,Rio de Janeiro,5,9159.05
Webcam,Periféricos,2024-06-06,Loja Sul,Rio de Janeiro,4,14629.46
Smartphone,Eletrônicos,2023-02-07,Loja Teresópolis,Teresópolis,1,3142.46
Notebook,Eletrônicos,2025-10-21,Loja Nova Iguaçu,Nova Iguaçu,3,496.34
Smartwatch,Eletrônicos,2025-05-08,Loja Petrópolis,Petrópolis,2,3672.76
Smartwatch,Eletrônicos,2023-02-01,Loja Centro,Rio de Janeiro,1,4208.14
Mesa Escritório,Móveis,2025-12-20,Loja Teresópolis,Teresópolis,1,3458.14
Headset,Acessórios,2023-07-17,Loja Norte,Rio de Janeiro,4,1450.72
Smartwatch,Eletrônicos,2024-05-12,Loja Sul,Rio de Janeiro,2,8832.65
Mouse,Acessórios,2025-03-16,Loja Nova Iguaçu,Nova Iguaçu,1,3903.42
Mesa Escritório,Móveis,2025-06-23,Loja Barra,Rio de Janeiro,4,5107.94
HD Externo,Armazenamento,2023-02-02,Loja Niterói,Niterói,5,18980.3
Mouse,Acessórios,2025-07-02,Loja Niterói,Niterói,5,17810.82
Smartphone,Eletrônicos,2025-12-06,Loja Teresópolis,Teresópolis,3,5010.04
Tablet,Eletrônicos,2025-03-05,Loja Sul,Rio de Janeiro,3,2411.22
Headset,Acessórios,2025-03-22,Loja Duque,Duque de Caxias,5,1358.12
Webcam,Periféricos,2023-01-29,Loja Duque,Duque de Caxias,5,8375.73
Webcam,Periféricos,2024-04-19,Loja Teresópolis,Teresópolis,3,2504.34
Teclado,Acessórios,2023-02-24,Loja Teresópolis,Teresópolis,3,5167.84
Webcam,Periféricos,2025-08-14,Loja Barra,Rio de Janeiro,4,18595.6
Notebook,Eletrônicos,2024-11-30,Loja Duque,Duque de Caxias,1,3413.78
Monitor,Eletrônicos,2025-02-06,Loja Sul,Rio de Janeiro,4,10232.89
Teclado,Acessórios,2023-10-03,Loja Nova Iguaçu,Nova Iguaçu,1,1933.8
Roteador,Redes,2024-02-12,Loja Teresópolis,Teresópolis,5,1659.58
HD Externo,Armazenamento,2024-05-01,Loja Teresópolis,Teresópolis,2,9452.62
HD Externo,Armazenamento,2024-09-12,Loja Sul,Rio de Janeiro,2,2004.87
Headset,Acessórios,2025-09-01,Loja Teresópolis,Teresópolis,2,7874.42
Cadeira Gamer,Móveis,2024-06-06,Loja Petrópolis,Petrópolis,2,9760.74
Headset,Acessórios,2025-04-29,Loja São Gonçalo,São Gonçalo,5,7613.46
Teclado,Acessórios,2024-07-21,Loja Sul,Rio de Janeiro,1,2733.11
Teclado,Acessórios,2025-05-13,Loja Duque,Duque de Caxias,4,7885.98
Mesa Escritório,Móveis,2025-02-17,Loja Petrópolis,Petrópolis,2,2370.28
Monitor,Eletrônicos,2024-12-30,Loja Teresópolis,Teresópolis,5,7678.96
Webcam,Periféricos,2024-11-28,Loja Centro,Rio de Janeiro,5,24933.69
Monitor,Eletrônicos,2024-09-15,Loja Duque,Duque de Caxias,4,19739.86
Notebook,Eletrônicos,2023-01-12,Loja Petrópolis,Petrópolis,3,13657.1
Smartwatch,Eletrônicos,2023-03-11,Loja São Gonçalo,São Gonçalo,4,2988.5
Mouse,Acessórios,2025-06-24,Loja Niterói,Niterói,1,3246.14
Tablet,Eletrônicos,2025-05-08,Loja Petrópolis,Petrópolis,1,3399.51
Smartphone,Eletrônicos,2024-04-25,Loja Sul,Rio de Janeiro,5,13607.71
Tablet,Eletrônicos,2025-07-30,Loja Centro,Rio de Janeiro,3,8818.54
Impressora,Periféricos,2023-05-23,Loja Norte,Rio de Janeiro,4,19904.61
Mesa Escritório,Móveis,2025-10-17,Loja Nova Iguaçu,Nova Iguaçu,2,2965.55
Teclado,Acessórios,2024-07-06,Loja Petrópolis,Petrópolis,5,13746.61
Monitor,Eletrônicos,2023-08-23,Loja Nova Iguaçu,Nova Iguaçu,4,981.46
Impressora,Periféricos,2023-02-21,Loja Barra,Rio de Janeiro,1,4032.57
Mouse,Acessórios,2023-08-05,Loja Nova Iguaçu,Nova Iguaçu,5,23647.61
Smartphone,Eletrônicos,2025-11-15,Loja Teresópolis,Teresópolis,4,18773.97
Smartwatch,Eletrônicos,2023-05-30,Loja Norte,Rio de Janeiro,4,14445.89
Impressora,Periféricos,2023-03-11,Loja Barra,Rio de Janeiro,1,2797.67
Pendrive,Armazenamento,2023-10-19,Loja Teresópolis,Teresópolis,2,8801.59
Headset,Acessórios,2024-05-23,Loja Teresópolis,Teresópolis,1,1041.78
Webcam,Periféricos,2023-08-02,Loja São Gonçalo,São Gonçalo,4,3563.66
Headset,Acessórios,2024-10-22,Loja Teresópolis,Teresópolis,2,7351.4
Smartphone,Eletrônicos,2023-09-03,Loja Centro,Rio de Janeiro,1,1657.0
Webcam,Periféricos,2023-06-28,Loja Petrópolis,Petrópolis,1,3184.97
Teclado,Acessórios,2025-04-05,Loja Centro,Rio de Janeiro,3,14343.8
Mouse,Acessórios,2024-09-07,Loja Sul,Rio de Janeiro,5,8602.5
Monitor,Eletrônicos,2023-11-08,Loja Norte,Rio de Janeiro,1,4664.53
Pendrive,Armazenamento,2024-01-13,Loja São Gonçalo,São Gonçalo,5,13417.86
Webcam,Periféricos,2024-03-03,Loja Nova Iguaçu,Nova Iguaçu,3,12150.44
Mouse,Acessórios,2025-02-08,Loja São Gonçalo,São Gonçalo,5,20141.71
Mesa Escritório,Móveis,2023-11-27,Loja Norte,Rio de Janeiro,4,14209.23
Monitor,Eletrônicos,2025-04-05,Loja Nova Iguaçu,Nova Iguaçu,5,19318.2
Smartwatch,Eletrônicos,2023-02-02,Loja Centro,Rio de Janeiro,3,9995.9
Cadeira Gamer,Móveis,2024-05-01,Loja Norte,Rio de Janeiro,3,10567.57
Roteador,Redes,2023-06-16,Loja Barra,Rio de Janeiro,1,3190.68
Headset,Acessórios,2023-11-10,Loja Duque,Duque de Caxias,2,4210.46
Impressora,Periféricos,2024-07-29,Loja Duque,Duque de Caxias,3,3768.37
HD Externo,Armazenamento,2025-09-10,Loja Niterói,Niterói,5,1267.21
Cadeira Gamer,Móveis,2025-06-01,Loja Norte,Rio de Janeiro,4,17700.37
Notebook,Eletrônicos,2023-11-25,Loja Barra,Rio de Janeiro,2,3798.13
Monitor,Eletrônicos,2025-09-22,Loja Duque,Duque de Caxias,5,23452.31
Smartphone,Eletrônicos,2023-04-18,Loja Petrópolis,Petrópolis,5,16259.79
Monitor,Eletrônicos,2025-12-25,Loja Barra,Rio de Janeiro,5,9400.14
Webcam,Periféricos,2023-11-17,Loja São Gonçalo,São Gonçalo,4,6432.18
Smartphone,Eletrônicos,2024-01-05,Loja Centro,Rio de Janeiro,5,646.9
Roteador,Redes,2024-07-30,Loja Teresópolis,Teresópolis,2,6690.08
Roteador,Redes,2025-09-03,Loja Sul,Rio de Janeiro,4,10402.06
Smartwatch,Eletrônicos,2024-03-01,Loja Barra,Rio de Janeiro,2,3558.34
Monitor,Eletrônicos,2024-03-19,Loja São Gonçalo,São Gonçalo,1,214.82
Notebook,Eletrônicos,2023-02-15,Loja Norte,Rio de Janeiro,3,5945.79
Notebook,Eletrônicos,2025-11-24,Loja Norte,Rio de Janeiro,4,268.23
Teclado,Acessórios,2024-06-21,Loja Nova Iguaçu,Nova Iguaçu,1,2130.15
Mesa Escritório,Móveis,2023-04-05,Loja Niterói,Niterói,1,3829.52
Cadeira Gamer,Móveis,2023-03-07,Loja Niterói,Niterói,5,10867.63
Mesa Escritório,Móveis,2024-11-14,Loja Petrópolis,Petrópolis,5,13026.77
Mesa Escritório,Móveis,2025-04-13,Loja Barra,Rio de Janeiro,4,1007.31
Teclado,Acessórios,2023-07-21,Loja Petrópolis,Petrópolis,3,8907.87
Mesa Escritório,Móveis,2025-02-12,Loja São Gonçalo,São Gonçalo,1,853.73
Smartwatch,Eletrônicos,2024-09-03,Loja São Gonçalo,São Gonçalo,2,3920.62
HD Externo,Armazenamento,2023-09-01,Loja Barra,Rio de Janeiro,4,6192.39
Pendrive,Armazenamento,2023-03-18,Loja Sul,Rio de Janeiro,2,2734.19
Notebook,Eletrônicos,2024-11-28,Loja São Gonçalo,São Gonçalo,2,6118.3
Roteador,Redes,2025-08-03,Loja Centro,Rio de Janeiro,5,16348.35
Impressora,Periféricos,2023-06-09,Loja Barra,Rio de Janeiro,1,3753.96
Pendrive,Armazenamento,2025-10-05,Loja São Gonçalo,São Gonçalo,4,14351.5
Pendrive,Armazenamento,2023-10-29,Loja Barra,Rio de Janeiro,3,1099.77
Roteador,Redes,2025-07-28,Loja Centro,Rio de Janeiro,1,1489.85
Pendrive,Armazenamento,2025-02-15,Loja Norte,Rio de Janeiro,5,6682.93
Webcam,Periféricos,2023-04-13,Loja Teresópolis,Teresópolis,4,13717.43
Pendrive,Armazenamento,2024-01-07,Loja Niterói,Niterói,4,10098.18
Mesa Escritório,Móveis,2024-03-12,Loja Petrópolis,Petrópolis,4,18768.29
Smartwatch,Eletrônicos,2025-12-11,Loja São Gonçalo,São Gonçalo,4,7052.86
Tablet,Eletrônicos,2023-02-24,Loja São Gonçalo,São Gonçalo,4,14426.96
Tablet,Eletrônicos,2023-11-26,Loja Teresópolis,Teresópolis,4,2640.42
Headset,Acessórios,2023-12-26,Loja Niterói,Niterói,5,9673.77
Smartwatch,Eletrônicos,2025-05-18,Loja Duque,Duque de Caxias,4,10585.97
Pendrive,Armazenamento,2025-01-13,Loja Duque,Duque de Caxias,2,3842.08
Mesa Escritório,Móveis,2024-08-02,Loja Sul,Rio de Janeiro,3,8737.07
Headset,Acessórios,2023-08-06,Loja Teresópolis,Teresópolis,4,15840.25
Tablet,Eletrônicos,2023-12-15,Loja Barra,Rio de Janeiro,4,7768.67
Tablet,Eletrônicos,2025-11-03,Loja Norte,Rio de Janeiro,4,10195.08
Teclado,Acessórios,2023-12-07,Loja Duque,Duque de Caxias,2,4011.74
Pendrive,Armazenamento,2024-06-12,Loja Petrópolis,Petrópolis,2,4383.34
Headset,Acessórios,2023-11-09,Loja Niterói,Niterói,2,8875.72
Smartphone,Eletrônicos,2025-06-03,Loja São Gonçalo,São Gonçalo,5,22662.16
Pendrive,Armazenamento,2024-01-30,Loja Barra,Rio de Janeiro,2,5766.31
Smartphone,Eletrônicos,2023-10-27,Loja Duque,Duque de Caxias,1,2899.91
Teclado,Acessórios,2023-06-08,Loja Norte,Rio de Janeiro,3,9399.71
Pendrive,Armazenamento,2023-04-14,Loja São Gonçalo,São Gonçalo,1,602.17
Impressora,Periféricos,2024-08-19,Loja Nova Iguaçu,Nova Iguaçu,5,20937.32
Impressora,Periféricos,2025-12-03,Loja São Gonçalo,São Gonçalo,3,13829.03
Mesa Escritório,Móveis,2024-04-29,Loja Barra,Rio de Janeiro,1,1615.79
Monitor,Eletrônicos,2025-04-28,Loja Teresópolis,Teresópolis,3,9974.41
Smartwatch,Eletrônicos,2024-06-13,Loja Duque,Duque de Caxias,3,5994.9
Smartwatch,Eletrônicos,2025-01-29,Loja São Gonçalo,São Gonçalo,4,13099.23
HD Externo,Armazenamento,2024-08-21,Loja Teresópolis,Teresópolis,5,8280.22
HD Externo,Armazenamento,2024-12-31,Loja Duque,Duque de Caxias,1,3485.83
Impressora,Periféricos,2024-12-19,Loja Niterói,Niterói,3,1258.01
Webcam,Periféricos,2024-06-06,Loja Petrópolis,Petrópolis,4,12623.42
Headset,Acessórios,2024-11-08,Loja Teresópolis,Teresópolis,1,4546.81
Webcam,Periféricos,2025-02-28,Loja Nova Iguaçu,Nova Iguaçu,3,6024.39
Roteador,Redes,2025-01-06,Loja São Gonçalo,São Gonçalo,2,7470.44
Impressora,Periféricos,2025-01-07,Loja Petrópolis,Petrópolis,3,11004.78
Cadeira Gamer,Móveis,2025-12-16,Loja Duque,Duque de Caxias,3,4147.77
Pendrive,Armazenamento,2023-05-18,Loja Duque,Duque de Caxias,5,20492.38
Notebook,Eletrônicos,2024-03-18,Loja Norte,Rio de Janeiro,4,8836.9
Impressora,Periféricos,2025-04-28,Loja São Gonçalo,São Gonçalo,5,9652.76
Roteador,Redes,2024-08-19,Loja Barra,Rio de Janeiro,3,6635.33
Headset,Acessórios,2025-09-07,Loja Barra,Rio de Janeiro,2,671.89
Impressora,Periféricos,2023-05-30,Loja São Gonçalo,São Gonçalo,3,6313.43
Mesa Escritório,Móveis,2025-11-06,Loja Petrópolis,Petrópolis,5,4899.94
Mesa Escritório,Móveis,2023-10-07,Loja Duque,Duque de Caxias,1,2098.55
Smartwatch,Eletrônicos,2023-12-21,Loja Barra,Rio de Janeiro,2,3424.96
Roteador,Redes,2023-06-03,Loja Petrópolis,Petrópolis,3,14264.07
Pendrive,Armazenamento,2024-01-06,Loja Niterói,Niterói,3,13564.22
Webcam,Periféricos,2025-03-19,Loja São Gonçalo,São Gonçalo,1,3258.03
Monitor,Eletrônicos,2024-02-24,Loja Barra,Rio de Janeiro,3,6835.57
Smartphone,Eletrônicos,2025-04-08,Loja Centro,Rio de Janeiro,4,10392.57
Notebook,Eletrônicos,2025-09-04,Loja Centro,Rio de Janeiro,4,7100.21
Pendrive,Armazenamento,2023-11-16,Loja Petrópolis,Petrópolis,4,16937.64
Mesa Escritório,Móveis,2024-07-24,Loja Petrópolis,Petrópolis,1,4312.15
Teclado,Acessórios,2025-06-11,Loja Niterói,Niterói,1,200.89
Pendrive,Armazenamento,2025-01-15,Loja Nova Iguaçu,Nova Iguaçu,2,6895.47
Tablet,Eletrônicos,2023-08-15,Loja Petrópolis,Petrópolis,3,11503.67
Smartphone,Eletrônicos,2023-11-03,Loja Teresópolis,Teresópolis,3,7912.18
Smartphone,Eletrônicos,2023-05-10,Loja Norte,Rio de Janeiro,2,7211.77
Monitor,Eletrônicos,2024-08-16,Loja Centro,Rio de Janeiro,1,3756.75
Tablet,Eletrônicos,2024-09-05,Loja Duque,Duque de Caxias,2,3482.0
Smartphone,Eletrônicos,2023-11-20,Loja Nova Iguaçu,Nova Iguaçu,3,14769.25
Impressora,Periféricos,2024-03-27,Loja Norte,Rio de Janeiro,1,2005.05
Roteador,Redes,2025-06-25,Loja Barra,Rio de Janeiro,1,3601.81
Smartwatch,Eletrônicos,2025-03-06,Loja Teresópolis,Teresópolis,3,11771.92
Monitor,Eletrônicos,2024-07-29,Loja São Gonçalo,São Gonçalo,1,1487.09
Cadeira Gamer,Móveis,2024-03-13,Loja Barra,Rio de Janeiro,3,1282.34
Monitor,Eletrônicos,2025-06-30,Loja Teresópolis,Teresópolis,5,18317.77
Tablet,Eletrônicos,2024-02-18,Loja Norte,Rio de Janeiro,3,13912.87
Headset,Acessórios,2023-04-25,Loja Duque,Duque de Caxias,1,3475.77
Tablet,Eletrônicos,2023-02-05,Loja São Gonçalo,São Gonçalo,2,2402.98
Mesa Escritório,Móveis,2023-01-25,Loja Niterói,Niterói,4,15829.78
Monitor,Eletrônicos,2024-11-14,Loja Petrópolis,Petrópolis,5,8176.23
Monitor,Eletrônicos,2025-12-11,Loja Duque,Duque de Caxias,5,19502.78
Mesa Escritório,Móveis,2025-03-28,Loja Norte,Rio de Janeiro,2,9950.98
Roteador,Redes,2024-07-12,Loja Barra,Rio de Janeiro,1,2645.66
Mesa Escritório,Móveis,2024-11-15,Loja Petrópolis,Petrópolis,3,5685.38
Tablet,Eletrônicos,2024-09-04,Loja Teresópolis,Teresópolis,2,9003.73
Roteador,Redes,2023-04-21,Loja Sul,Rio de Janeiro,5,13326.53
Impressora,Periféricos,2024-07-13,Loja Petrópolis,Petrópolis,2,5321.0
Smartphone,Eletrônicos,2023-04-27,Loja Teresópolis,Teresópolis,2,3751.13
Tablet,Eletrônicos,2024-09-10,Loja Barra,Rio de Janeiro,3,1506.54
Smartwatch,Eletrônicos,2023-10-22,Loja Norte,Rio de Janeiro,3,9774.55
Mesa Escritório,Móveis,2023-06-29,Loja Nova Iguaçu,Nova Iguaçu,4,8126.16
Headset,Acessórios,2024-09-10,Loja Duque,Duque de Caxias,2,4993.71
HD Externo,Armazenamento,2023-06-12,Loja São Gonçalo,São Gonçalo,1,4779.58
Pendrive,Armazenamento,2025-12-07,Loja Barra,Rio de Janeiro,5,11362.89
Mesa Escritório,Móveis,2023-09-13,Loja Duque,Duque de Caxias,4,6342.71
Monitor,Eletrônicos,2023-07-28,Loja Norte,Rio de Janeiro,3,1139.98
Teclado,Acessórios,2023-11-12,Loja Barra,Rio de Janeiro,1,4837.91
Smartwatch,Eletrônicos,2024-09-19,Loja Centro,Rio de Janeiro,5,20839.83
Roteador,Redes,2025-06-26,Loja Niterói,Niterói,1,3255.4
Headset,Acessórios,2023-02-23,Loja Centro,Rio de Janeiro,4,10533.08
HD Externo,Armazenamento,2023-03-26,Loja Centro,Rio de Janeiro,4,4239.37
HD Externo,Armazenamento,2023-10-31,Loja Norte,Rio de Janeiro,4,820.48
Teclado,Acessórios,2025-05-07,Loja Barra,Rio de Janeiro,4,17997.81
Tablet,Eletrônicos,2023-07-20,Loja São Gonçalo,São Gonçalo,3,8948.25
Mouse,Acessórios,2023-05-10,Loja Petrópolis,Petrópolis,3,13608.07
Smartwatch,Eletrônicos,2024-06-23,Loja Niterói,Niterói,5,20208.28
Webcam,Periféricos,2024-05-24,Loja Nova Iguaçu,Nova Iguaçu,1,1911.01
Headset,Acessórios,2023-02-27,Loja Centro,Rio de Janeiro,1,4167.97
Cadeira Gamer,Móveis,2024-01-12,Loja Duque,Duque de Caxias,3,660.29
Tablet,Eletrônicos,2024-12-29,Loja Teresópolis,Teresópolis,5,6896.71
Smartphone,Eletrônicos,2024-12-28,Loja Norte,Rio de Janeiro,1,2572.79
Mesa Escritório,Móveis,2024-05-01,Loja Duque,Duque de Caxias,4,515.72
Tablet,Eletrônicos,2025-07-12,Loja Norte,Rio de Janeiro,1,2191.44
Notebook,Eletrônicos,2025-07-13,Loja Duque,Duque de Caxias,3,11385.65
Mouse,Acessórios,2023-03-28,Loja Norte,Rio de Janeiro,2,2614.27
Smartwatch,Eletrônicos,2024-03-28,Loja Teresópolis,Teresópolis,4,17060.31
Pendrive,Armazenamento,2023-01-17,Loja São Gonçalo,São Gonçalo,4,12457.95
Webcam,Periféricos,2023-11-01,Loja Norte,Rio de Janeiro,5,21599.08
Roteador,Redes,2024-11-15,Loja Nova Iguaçu,Nova Iguaçu,2,9783.72
Notebook,Eletrônicos,2023-10-28,Loja São Gonçalo,São Gonçalo,5,21964.78
Roteador,Redes,2025-10-12,Loja Niterói,Niterói,5,23830.96
Webcam,Periféricos,2025-05-27,Loja Teresópolis,Teresópolis,2,8883.32
Mouse,Acessórios,2023-04-22,Loja São Gonçalo,São Gonçalo,3,2568.45
Impressora,Periféricos,2025-03-04,Loja Norte,Rio de Janeiro,3,3653.88
Webcam,Periféricos,2025-07-22,Loja Sul,Rio de Janeiro,2,1727.55
Cadeira Gamer,Móveis,2023-12-08,Loja Barra,Rio de Janeiro,2,3812.91
Cadeira Gamer,Móveis,2023-01-27,Loja Teresópolis,Teresópolis,5,18298.99
Teclado,Acessórios,2023-10-06,Loja Norte,Rio de Janeiro,4,2866.25
Notebook,Eletrônicos,2024-09-15,Loja Sul,Rio de Janeiro,1,4816.04
Impressora,Periféricos,2025-01-09,Loja Teresópolis,Teresópolis,5,17935.94
Smartwatch,Eletrônicos,2025-11-28,Loja Centro,Rio de Janeiro,3,7535.67
Teclado,Acessórios,2025-10-01,Loja Duque,Duque de Caxias,2,8290.04
Smartwatch,Eletrônicos,2025-11-11,Loja Nova Iguaçu,Nova Iguaçu,4,14928.99
Headset,Acessórios,2024-05-26,Loja Sul,Rio de Janeiro,2,9379.66
Tablet,Eletrônicos,2024-08-11,Loja Petrópolis,Petrópolis,3,4884.98
Mesa Escritório,Móveis,2024-09-27,Loja Barra,Rio de Janeiro,2,2210.47
HD Externo,Armazenamento,2024-02-14,Loja Niterói,Niterói,5,22276.62
Notebook,Eletrônicos,2023-06-05,Loja Duque,Duque de Caxias,4,13094.34
Mesa Escritório,Móveis,2024-03-11,Loja Duque,Duque de Caxias,2,1453.87
Impressora,Periféricos,2023-09-19,Loja Norte,Rio de Janeiro,1,2274.21
Impressora,Periféricos,2023-01-31,Loja Barra,Rio de Janeiro,2,3873.32
Cadeira Gamer,Móveis,2023-11-04,Loja Teresópolis,Teresópolis,3,13934.44
Headset,Acessórios,2024-11-03,Loja Petrópolis,Petrópolis,4,10336.33
HD Externo,Armazenamento,2025-10-24,Loja Teresópolis,Teresópolis,4,7866.3
Monitor,Eletrônicos,2025-12-29,Loja Centro,Rio de Janeiro,1,1619.59
Roteador,Redes,2025-10-25,Loja Niterói,Niterói,5,4699.65
Webcam,Periféricos,2024-08-11,Loja Teresópolis,Teresópolis,1,4171.98
Smartphone,Eletrônicos,2024-04-03,Loja Nova Iguaçu,Nova Iguaçu,5,14797.27
Mesa Escritório,Móveis,2024-10-23,Loja Niterói,Niterói,3,11436.53
Monitor,Eletrônicos,2025-11-21,Loja Barra,Rio de Janeiro,3,2840.99
Notebook,Eletrônicos,2024-11-16,Loja São Gonçalo,São Gonçalo,1,1460.4
Smartphone,Eletrônicos,2023-01-30,Loja Petrópolis,Petrópolis,4,815.95
Cadeira Gamer,Móveis,2023-11-13,Loja Norte,Rio de Janeiro,1,161.11
Mesa Escritório,Móveis,2025-01-12,Loja Nova Iguaçu,Nova Iguaçu,5,5799.19
Notebook,Eletrônicos,2024-07-13,Loja Petrópolis,Petrópolis,2,8143.27
Pendrive,Armazenamento,2025-03-24,Loja Petrópolis,Petrópolis,4,208.38
Tablet,Eletrônicos,2024-04-25,Loja Barra,Rio de Janeiro,1,4191.85
Roteador,Redes,2025-04-23,Loja Barra,Rio de Janeiro,5,13609.42
Mouse,Acessórios,2023-01-30,Loja Centro,Rio de Janeiro,1,4727.3
Mesa Escritório,Móveis,2024-03-23,Loja Barra,Rio de Janeiro,1,135.44
Notebook,Eletrônicos,2023-03-18,Loja Niterói,Niterói,1,493.69
Headset,Acessórios,2024-04-10,Loja Sul,Rio de Janeiro,2,8032.02
Webcam,Periféricos,2025-08-04,Loja Norte,Rio de Janeiro,2,6349.6
Smartwatch,Eletrônicos,2023-04-19,Loja Centro,Rio de Janeiro,4,7180.05
Teclado,Acessórios,2024-07-25,Loja Duque,Duque de Caxias,3,726.36
Teclado,Acessórios,2024-06-09,Loja Norte,Rio de Janeiro,2,7484.95
Headset,Acessórios,2025-05-24,Loja Nova Iguaçu,Nova Iguaçu,2,9030.96
Cadeira Gamer,Móveis,2023-11-13,Loja Sul,Rio de Janeiro,2,1655.13
Mesa Escritório,Móveis,2025-04-14,Loja Sul,Rio de Janeiro,5,5764.47
Teclado,Acessórios,2024-03-11,Loja Centro,Rio de Janeiro,2,7079.94
Impressora,Periféricos,2024-10-21,Loja Barra,Rio de Janeiro,5,5768.69
HD Externo,Armazenamento,2024-01-03,Loja Duque,Duque de Caxias,5,23815.07
Monitor,Eletrônicos,2025-10-14,Loja São Gonçalo,São Gonçalo,5,1492.85
Monitor,Eletrônicos,2025-07-19,Loja São Gonçalo,São Gonçalo,4,12798.79
Smartwatch,Eletrônicos,2024-01-22,Loja Niterói,Niterói,1,198.79
HD Externo,Armazenamento,2025-03-08,Loja São Gonçalo,São Gonçalo,3,6917.55
Pendrive,Armazenamento,2025-06-16,Loja Sul,Rio de Janeiro,3,5110.12
Monitor,Eletrônicos,2023-01-17,Loja Duque,Duque de Caxias,2,4326.85
Mesa Escritório,Móveis,2024-10-31,Loja Sul,Rio de Janeiro,1,805.85
Pendrive,Armazenamento,2023-04-11,Loja Norte,Rio de Janeiro,3,6585.01
Tablet,Eletrônicos,2024-03-30,Loja Duque,Duque de Caxias,5,16727.87
Smartphone,Eletrônicos,2023-02-20,Loja Sul,Rio de Janeiro,5,17540.6
Cadeira Gamer,Móveis,2025-02-08,Loja São Gonçalo,São Gonçalo,3,9683.9
Teclado,Acessórios,2023-05-14,Loja Duque,Duque de Caxias,4,4415.93
Webcam,Periféricos,2025-08-03,Loja Petrópolis,Petrópolis,1,1685.72
Webcam,Periféricos,2023-05-03,Loja Niterói,Niterói,4,9253.76
Mesa Escritório,Móveis,2024-08-12,Loja São Gonçalo,São Gonçalo,2,357.95
Cadeira Gamer,Móveis,2025-09-03,Loja Norte,Rio de Janeiro,5,9691.91
Headset,Acessórios,2023-05-09,Loja São Gonçalo,São Gonçalo,5,11835.53
Teclado,Acessórios,2023-05-21,Loja Teresópolis,Teresópolis,1,3129.19
Impressora,Periféricos,2025-12-10,Loja Duque,Duque de Caxias,3,179.8
Pendrive,Armazenamento,2025-08-20,Loja Barra,Rio de Janeiro,4,5403.24
Smartwatch,Eletrônicos,2024-06-25,Loja Centro,Rio de Janeiro,2,1786.28
Mouse,Acessórios,2024-09-09,Loja Sul,Rio de Janeiro,3,9109.21
Smartphone,Eletrônicos,2023-12-29,Loja Niterói,Niterói,5,18285.55
Pendrive,Armazenamento,2025-10-07,Loja Centro,Rio de Janeiro,3,2653.11
Monitor,Eletrônicos,2025-12-02,Loja Duque,Duque de Caxias,2,9538.93
Notebook,Eletrônicos,2025-10-02,Loja Petrópolis,Petrópolis,2,7427.42
HD Externo,Armazenamento,2025-06-17,Loja Sul,Rio de Janeiro,1,4829.28
Pendrive,Armazenamento,2023-08-02,Loja Teresópolis,Teresópolis,2,7354.13
Mouse,Acessórios,2024-11-11,Loja Sul,Rio de Janeiro,2,8117.83
Smartphone,Eletrônicos,2025-06-18,Loja Centro,Rio de Janeiro,4,15082.09
Tablet,Eletrônicos,2025-04-08,Loja Norte,Rio de Janeiro,3,4491.36
Notebook,Eletrônicos,2023-04-26,Loja São Gonçalo,São Gonçalo,3,6449.92
Webcam,Periféricos,2025-07-17,Loja Sul,Rio de Janeiro,2,3785.48
Pendrive,Armazenamento,2025-08-10,Loja Duque,Duque de Caxias,2,7518.89
Monitor,Eletrônicos,2024-08-10,Loja Nova Iguaçu,Nova Iguaçu,4,6618.26
Monitor,Eletrônicos,2023-09-20,Loja Barra,Rio de Janeiro,2,6191.16
Smartphone,Eletrônicos,2024-06-13,Loja Norte,Rio de Janeiro,4,11308.76
Pendrive,Armazenamento,2023-12-18,Loja Niterói,Niterói,2,6055.46
Roteador,Redes,2024-12-21,Loja Centro,Rio de Janeiro,4,1428.99
Smartwatch,Eletrônicos,2024-07-10,Loja Teresópolis,Teresópolis,3,2665.58
Mesa Escritório,Móveis,2023-07-17,Loja São Gonçalo,São Gonçalo,5,14987.39
Smartwatch,Eletrônicos,2023-07-13,Loja Duque,Duque de Caxias,4,11434.51
Impressora,Periféricos,2025-11-07,Loja Petrópolis,Petrópolis,4,3107.04
Monitor,Eletrônicos,2023-08-23,Loja Sul,Rio de Janeiro,5,986.85
Webcam,Periféricos,2023-05-14,Loja Nova Iguaçu,Nova Iguaçu,1,1384.7
Webcam,Periféricos,2023-05-18,Loja Norte,Rio de Janeiro,4,12283.12
Mouse,Acessórios,2024-09-11,Loja Nova Iguaçu,Nova Iguaçu,5,6771.21
Mesa Escritório,Móveis,2024-09-30,Loja Petrópolis,Petrópolis,1,3108.62
Monitor,Eletrônicos,2025-02-18,Loja Niterói,Niterói,5,16563.06
Smartwatch,Eletrônicos,2023-09-22,Loja Barra,Rio de Janeiro,3,9564.51
Pendrive,Armazenamento,2023-10-29,Loja Teresópolis,Teresópolis,4,10906.06
Teclado,Acessórios,2024-08-15,Loja Sul,Rio de Janeiro,5,9981.13
Mesa Escritório,Móveis,2025-07-16,Loja Niterói,Niterói,3,9627.75
Monitor,Eletrônicos,2024-01-08,Loja Teresópolis,Teresópolis,1,4594.48
Mesa Escritório,Móveis,2024-05-29,Loja Centro,Rio de Janeiro,4,1088.74
Roteador,Redes,2023-08-16,Loja Centro,Rio de Janeiro,2,7353.16
Notebook,Eletrônicos,2024-01-23,Loja Teresópolis,Teresópolis,2,8170.31
Mouse,Acessórios,2023-07-08,Loja São Gonçalo,São Gonçalo,2,2497.5
Smartwatch,Eletrônicos,2025-01-29,Loja Duque,Duque de Caxias,1,2529.93
Impressora,Periféricos,2023-06-12,Loja Niterói,Niterói,4,15999.94
Impressora,Periféricos,2024-04-04,Loja Centro,Rio de Janeiro,1,2936.44
Smartphone,Eletrônicos,2023-08-31,Loja Niterói,Niterói,5,12286.43
Notebook,Eletrônicos,2024-10-18,Loja Norte,Rio de Janeiro,3,1792.72
Teclado,Acessórios,2025-09-11,Loja São Gonçalo,São Gonçalo,2,751.19
Headset,Acessórios,2024-11-12,Loja Nova Iguaçu,Nova Iguaçu,1,1494.95
Headset,Acessórios,2025-02-14,Loja Petrópolis,Petrópolis,5,9627.34
Headset,Acessórios,2023-06-18,Loja Duque,Duque de Caxias,4,18414.05
Mouse,Acessórios,2025-06-06,Loja Duque,Duque de Caxias,5,8948.51
Smartwatch,Eletrônicos,2024-02-06,Loja Barra,Rio de Janeiro,2,748.27
Smartwatch,Eletrônicos,2023-11-24,Loja Sul,Rio de Janeiro,1,1621.62
Monitor,Eletrônicos,2024-06-04,Loja Norte,Rio de Janeiro,5,24750.6
Smartphone,Eletrônicos,2025-12-30,Loja Sul,Rio de Janeiro,2,2860.62
Mesa Escritório,Móveis,2025-06-22,Loja Barra,Rio de Janeiro,3,11245.77
Headset,Acessórios,2023-01-24,Loja Nova Iguaçu,Nova Iguaçu,1,3483.94
Smartphone,Eletrônicos,2025-05-04,Loja Petrópolis,Petrópolis,2,7830.17
Teclado,Acessórios,2025-11-13,Loja Duque,Duque de Caxias,5,410.9
Teclado,Acessórios,2023-07-05,Loja Centro,Rio de Janeiro,2,9373.39
Cadeira Gamer,Móveis,2024-03-20,Loja Niterói,Niterói,2,1542.84
Cadeira Gamer,Móveis,2023-07-31,Loja Petrópolis,Petrópolis,4,14287.82
Impressora,Periféricos,2025-01-20,Loja Niterói,Niterói,3,14755.33
Monitor,Eletrônicos,2024-01-29,Loja Nova Iguaçu,Nova Iguaçu,5,13165.84
Headset,Acessórios,2024-08-26,Loja Nova Iguaçu,Nova Iguaçu,3,4772.22
HD Externo,Armazenamento,2023-12-15,Loja Barra,Rio de Janeiro,5,18739.59
Headset,Acessórios,2024-02-03,Loja Centro,Rio de Janeiro,4,10119.04
Smartphone,Eletrônicos,2023-09-15,Loja Centro,Rio de Janeiro,4,8686.33
Notebook,Eletrônicos,2025-11-29,Loja Petrópolis,Petrópolis,4,1897.06
Webcam,Periféricos,2025-12-19,Loja Duque,Duque de Caxias,4,5462.32
Monitor,Eletrônicos,2024-12-22,Loja Centro,Rio de Janeiro,3,7860.85
Roteador,Redes,2025-05-31,Loja Centro,Rio de Janeiro,2,9215.31
HD Externo,Armazenamento,2025-11-01,Loja Petrópolis,Petrópolis,1,555.71
Webcam,Periféricos,2023-05-13,Loja Nova Iguaçu,Nova Iguaçu,5,7162.68
Mouse,Acessórios,2025-10-06,Loja Norte,Rio de Janeiro,5,11172.77
Headset,Acessórios,2023-12-11,Loja Centro,Rio de Janeiro,2,3994.17
HD Externo,Armazenamento,2025-12-30,Loja Teresópolis,Teresópolis,4,11185.88
Notebook,Eletrônicos,2024-04-13,Loja Norte,Rio de Janeiro,2,7914.82
Cadeira Gamer,Móveis,2025-04-28,Loja Centro,Rio de Janeiro,1,3234.21
Teclado,Acessórios,2025-01-13,Loja Petrópolis,Petrópolis,1,4762.9
Pendrive,Armazenamento,2023-07-27,Loja Petrópolis,Petrópolis,4,15626.09
Monitor,Eletrônicos,2025-03-04,Loja São Gonçalo,São Gonçalo,4,15893.3
Roteador,Redes,2024-08-31,Loja Centro,Rio de Janeiro,3,8260.4
Impressora,Periféricos,2023-12-17,Loja Norte,Rio de Janeiro,2,7365.97
Mesa Escritório,Móveis,2023-05-29,Loja Niterói,Niterói,2,8310.24
Monitor,Eletrônicos,2023-05-28,Loja Sul,Rio de Janeiro,1,3537.66
Mesa Escritório,Móveis,2024-06-09,Loja Niterói,Niterói,3,10983.13
Webcam,Periféricos,2024-09-03,Loja Petrópolis,Petrópolis,3,13477.33
Cadeira Gamer,Móveis,2024-09-19,Loja Centro,Rio de Janeiro,3,6968.08
Smartwatch,Eletrônicos,2024-04-06,Loja Norte,Rio de Janeiro,2,663.19
Webcam,Periféricos,2023-08-10,Loja Centro,Rio de Janeiro,2,3752.09
Cadeira Gamer,Móveis,2024-12-02,Loja Niterói,Niterói,5,6816.77
Teclado,Acessórios,2023-05-15,Loja Duque,Duque de Caxias,3,14215.97
Roteador,Redes,2025-12-03,Loja Centro,Rio de Janeiro,5,12566.55
Mouse,Acessórios,2024-06-28,Loja Duque,Duque de Caxias,4,785.74
Teclado,Acessórios,2024-10-23,Loja Niterói,Niterói,4,15576.65
Impressora,Periféricos,2023-01-25,Loja Sul,Rio de Janeiro,1,775.19
Smartphone,Eletrônicos,2025-10-13,Loja Teresópolis,Teresópolis,4,14808.79
Notebook,Eletrônicos,2025-04-10,Loja Duque,Duque de Caxias,4,11681.9
Headset,Acessórios,2025-05-21,Loja Petrópolis,Petrópolis,3,11383.79
Roteador,Redes,2024-08-15,Loja Teresópolis,Teresópolis,3,12482.32
Monitor,Eletrônicos,2024-01-19,Loja Teresópolis,Teresópolis,5,15296.94
Mesa Escritório,Móveis,2023-02-08,Loja Niterói,Niterói,3,7101.01
Smartwatch,Eletrônicos,2023-03-25,Loja Duque,Duque de Caxias,2,8752.59
Pendrive,Armazenamento,2024-08-27,Loja São Gonçalo,São Gonçalo,1,3216.03
Impressora,Periféricos,2024-02-07,Loja Norte,Rio de Janeiro,4,1997.36
Mesa Escritório,Móveis,2024-06-14,Loja Norte,Rio de Janeiro,5,13185.42
HD Externo,Armazenamento,2024-10-03,Loja Niterói,Niterói,4,1110.05
Smartwatch,Eletrônicos,2024-12-11,Loja Duque,Duque de Caxias,1,2861.06
Smartphone,Eletrônicos,2024-11-03,Loja Centro,Rio de Janeiro,2,9887.49
Monitor,Eletrônicos,2025-05-25,Loja São Gonçalo,São Gonçalo,2,2072.34
Headset,Acessórios,2025-10-10,Loja Nova Iguaçu,Nova Iguaçu,1,4952.4
Pendrive,Armazenamento,2025-09-18,Loja Petrópolis,Petrópolis,5,12777.71
Cadeira Gamer,Móveis,2025-06-14,Loja Petrópolis,Petrópolis,1,2737.52
Notebook,Eletrônicos,2024-05-10,Loja Niterói,Niterói,4,11880.48
Tablet,Eletrônicos,2025-07-27,Loja Sul,Rio de Janeiro,5,24028.36
Notebook,Eletrônicos,2024-05-12,Loja Niterói,Niterói,2,9553.34
Teclado,Acessórios,2023-09-10,Loja Barra,Rio de Janeiro,4,2639.78
Cadeira Gamer,Móveis,2025-11-18,Loja Teresópolis,Teresópolis,4,11442.86
Impressora,Periféricos,2025-04-06,Loja São Gonçalo,São Gonçalo,1,3226.64
Pendrive,Armazenamento,2023-01-12,Loja Nova Iguaçu,Nova Iguaçu,2,1209.93
Mesa Escritório,Móveis,2025-01-26,Loja São Gonçalo,São Gonçalo,3,14589.63
Webcam,Periféricos,2024-10-08,Loja Niterói,Niterói,1,4199.05
Mesa Escritório,Móveis,2023-07-15,Loja Barra,Rio de Janeiro,4,6989.21
Cadeira Gamer,Móveis,2023-11-18,Loja Nova Iguaçu,Nova Iguaçu,4,2911.01
Smartwatch,Eletrônicos,2024-07-15,Loja Teresópolis,Teresópolis,5,18609.14
Impressora,Periféricos,2023-04-02,Loja Niterói,Niterói,1,2730.08
Roteador,Redes,2025-12-12,Loja Centro,Rio de Janeiro,1,942.88
Pendrive,Armazenamento,2023-09-27,Loja Petrópolis,Petrópolis,5,10959.48
Monitor,Eletrônicos,2023-07-01,Loja Nova Iguaçu,Nova Iguaçu,4,16087.58
Teclado,Acessórios,2025-05-14,Loja São Gonçalo,São Gonçalo,4,13996.29
HD Externo,Armazenamento,2025-04-20,Loja Centro,Rio de Janeiro,4,18923.99
HD Externo,Armazenamento,2025-10-16,Loja Centro,Rio de Janeiro,4,14823.43
Smartwatch,Eletrônicos,2024-04-06,Loja Niterói,Niterói,5,8424.6
Cadeira Gamer,Móveis,2025-03-23,Loja São Gonçalo,São Gonçalo,1,106.89
Teclado,Acessórios,2023-12-05,Loja Norte,Rio de Janeiro,4,16860.72
Smartwatch,Eletrônicos,2025-11-08,Loja Nova Iguaçu,Nova Iguaçu,4,15411.86
Pendrive,Armazenamento,2025-11-26,Loja Niterói,Niterói,1,2223.57
Mesa Escritório,Móveis,2024-02-05,Loja Barra,Rio de Janeiro,1,2922.6
Mouse,Acessórios,2023-05-09,Loja Petrópolis,Petrópolis,1,2173.91
Mesa Escritório,Móveis,2024-03-11,Loja Sul,Rio de Janeiro,4,2414.83
Pendrive,Armazenamento,2024-08-27,Loja Barra,Rio de Janeiro,5,24283.88
Webcam,Periféricos,2023-05-27,Loja São Gonçalo,São Gonçalo,1,877.81
Roteador,Redes,2023-09-08,Loja Niterói,Niterói,2,2625.6
Mesa Escritório,Móveis,2023-01-02,Loja Teresópolis,Teresópolis,2,9579.16
Webcam,Periféricos,2024-08-12,Loja Teresópolis,Teresópolis,2,1697.6
Mesa Escritório,Móveis,2023-05-06,Loja São Gonçalo,São Gonçalo,1,368.75
Mouse,Acessórios,2024-05-07,Loja Sul,Rio de Janeiro,1,2276.98
HD Externo,Armazenamento,2025-09-16,Loja Barra,Rio de Janeiro,1,4095.86
Roteador,Redes,2023-08-03,Loja Barra,Rio de Janeiro,3,11974.79
Headset,Acessórios,2024-07-01,Loja São Gonçalo,São Gonçalo,1,4765.35
Smartwatch,Eletrônicos,2025-03-26,Loja Niterói,Niterói,3,6925.89
Roteador,Redes,2024-10-15,Loja Teresópolis,Teresópolis,3,3622.94
Impressora,Periféricos,2025-10-13,Loja Petrópolis,Petrópolis,5,13756.85
Roteador,Redes,2024-01-21,Loja Norte,Rio de Janeiro,2,8604.28
Webcam,Periféricos,2023-01-11,Loja Nova Iguaçu,Nova Iguaçu,4,12279.57
Cadeira Gamer,Móveis,2025-11-05,Loja Nova Iguaçu,Nova Iguaçu,1,1177.19
Mesa Escritório,Móveis,2024-12-11,Loja São Gonçalo,São Gonçalo,2,9235.97
Webcam,Periféricos,2024-04-06,Loja Nova Iguaçu,Nova Iguaçu,1,2063.37
Teclado,Acessórios,2025-03-01,Loja Norte,Rio de Janeiro,2,2994.49
Roteador,Redes,2024-06-14,Loja Sul,Rio de Janeiro,4,17762.33
Roteador,Redes,2024-05-04,Loja Niterói,Niterói,5,16950.33
Impressora,Periféricos,2024-04-17,Loja Petrópolis,Petrópolis,2,2865.63
Monitor,Eletrônicos,2023-11-14,Loja Sul,Rio de Janeiro,2,4620.38
Teclado,Acessórios,2023-08-20,Loja Niterói,Niterói,1,639.4
Mesa Escritório,Móveis,2024-02-20,Loja São Gonçalo,São Gonçalo,4,15554.46
Impressora,Periféricos,2023-08-04,Loja Petrópolis,Petrópolis,2,1569.26
Smartphone,Eletrônicos,2023-06-06,Loja São Gonçalo,São Gonçalo,2,6370.18
Pendrive,Armazenamento,2025-10-10,Loja Teresópolis,Teresópolis,4,7739.52
HD Externo,Armazenamento,2024-11-04,Loja Nova Iguaçu,Nova Iguaçu,5,23296.16
Monitor,Eletrônicos,2025-10-10,Loja Petrópolis,Petrópolis,2,5827.74
Mesa Escritório,Móveis,2025-01-26,Loja Niterói,Niterói,5,15342.84
Impressora,Periféricos,2024-11-10,Loja Niterói,Niterói,1,2158.88
Tablet,Eletrônicos,2024-08-30,Loja Barra,Rio de Janeiro,3,1853.14
Pendrive,Armazenamento,2024-06-30,Loja Petrópolis,Petrópolis,1,3885.54
Headset,Acessórios,2024-05-03,Loja Sul,Rio de Janeiro,1,874.5
Impressora,Periféricos,2024-10-11,Loja Centro,Rio de Janeiro,2,3868.56
Smartphone,Eletrônicos,2025-08-31,Loja Sul,Rio de Janeiro,3,11836.35
Cadeira Gamer,Móveis,2025-07-31,Loja Nova Iguaçu,Nova Iguaçu,4,19296.29
Mouse,Acessórios,2024-03-20,Loja Sul,Rio de Janeiro,2,6218.42
Monitor,Eletrônicos,2025-01-12,Loja Barra,Rio de Janeiro,3,4704.11
Notebook,Eletrônicos,2025-07-01,Loja Duque,Duque de Caxias,5,10846.34
Smartphone,Eletrônicos,2023-12-31,Loja Norte,Rio de Janeiro,1,4075.6
Teclado,Acessórios,2023-02-26,Loja Barra,Rio de Janeiro,1,3788.42
Impressora,Periféricos,2023-04-27,Loja Barra,Rio de Janeiro,2,3248.51
Mesa Escritório,Móveis,2025-03-22,Loja Duque,Duque de Caxias,1,1826.9
Teclado,Acessórios,2023-01-23,Loja Barra,Rio de Janeiro,1,1346.16
Smartwatch,Eletrônicos,2025-08-27,Loja Niterói,Niterói,3,682.56
Pendrive,Armazenamento,2023-03-22,Loja São Gonçalo,São Gonçalo,3,8155.49
Impressora,Periféricos,2023-02-02,Loja Duque,Duque de Caxias,3,6665.25
Smartphone,Eletrônicos,2023-06-01,Loja Nova Iguaçu,Nova Iguaçu,3,10898.86
Cadeira Gamer,Móveis,2025-01-04,Loja Barra,Rio de Janeiro,3,7268.38
Tablet,Eletrônicos,2024-09-11,Loja Niterói,Niterói,1,212.91
Pendrive,Armazenamento,2023-01-16,Loja Petrópolis,Petrópolis,3,422.14
Mesa Escritório,Móveis,2023-04-26,Loja Norte,Rio de Janeiro,5,15640.94
Cadeira Gamer,Móveis,2025-11-01,Loja Nova Iguaçu,Nova Iguaçu,5,357.74
Headset,Acessórios,2024-09-27,Loja Petrópolis,Petrópolis,1,1397.48
Roteador,Redes,2023-10-24,Loja Niterói,Niterói,2,4044.19
Webcam,Periféricos,2025-12-12,Loja Sul,Rio de Janeiro,4,5221.68
Mouse,Acessórios,2024-12-21,Loja Teresópolis,Teresópolis,4,6730.59
Smartwatch,Eletrônicos,2025-08-19,Loja Petrópolis,Petrópolis,3,10771.15
Roteador,Redes,2024-06-14,Loja Niterói,Niterói,4,9169.88
Mesa Escritório,Móveis,2024-03-29,Loja São Gonçalo,São Gonçalo,3,10706.5
Smartwatch,Eletrônicos,2025-02-02,Loja Barra,Rio de Janeiro,1,2070.22
Tablet,Eletrônicos,2023-01-22,Loja Barra,Rio de Janeiro,4,9948.88
HD Externo,Armazenamento,2025-12-24,Loja Teresópolis,Teresópolis,2,3652.9
Headset,Acessórios,2023-07-09,Loja Niterói,Niterói,2,6772.41
Monitor,Eletrônicos,2023-03-20,Loja Barra,Rio de Janeiro,4,808.91
Monitor,Eletrônicos,2023-05-29,Loja Duque,Duque de Caxias,2,4855.94
Impressora,Periféricos,2023-06-29,Loja Nova Iguaçu,Nova Iguaçu,5,22254.89
Roteador,Redes,2024-01-29,Loja Nova Iguaçu,Nova Iguaçu,5,2286.23
Notebook,Eletrônicos,2025-08-03,Loja Teresópolis,Teresópolis,4,15073.59
HD Externo,Armazenamento,2025-03-26,Loja Niterói,Niterói,3,11542.69
Notebook,Eletrônicos,2024-12-07,Loja São Gonçalo,São Gonçalo,1,365.43
Smartphone,Eletrônicos,2025-11-22,Loja Barra,Rio de Janeiro,3,5799.6
Tablet,Eletrônicos,2024-09-16,Loja Centro,Rio de Janeiro,2,2899.54
Pendrive,Armazenamento,2024-05-02,Loja Petrópolis,Petrópolis,3,5334.42
Tablet,Eletrônicos,2023-11-16,Loja Niterói,Niterói,5,24284.86
Webcam,Periféricos,2024-11-14,Loja Nova Iguaçu,Nova Iguaçu,5,24713.32
Cadeira Gamer,Móveis,2023-12-23,Loja Centro,Rio de Janeiro,1,1604.39
Roteador,Redes,2024-01-02,Loja Nova Iguaçu,Nova Iguaçu,4,1026.15
Smartwatch,Eletrônicos,2023-05-26,Loja Norte,Rio de Janeiro,4,6403.89
Headset,Acessórios,2023-06-03,Loja Duque,Duque de Caxias,1,2555.07
Pendrive,Armazenamento,2024-12-23,Loja Norte,Rio de Janeiro,2,4660.93
Tablet,Eletrônicos,2024-05-01,Loja São Gonçalo,São Gonçalo,3,10904.26
Cadeira Gamer,Móveis,2023-12-16,Loja Nova Iguaçu,Nova Iguaçu,5,19140.35
Smartphone,Eletrônicos,2023-01-23,Loja Duque,Duque de Caxias,4,10443.4
Impressora,Periféricos,2023-09-10,Loja Norte,Rio de Janeiro,4,16250.27
Mesa Escritório,Móveis,2024-06-28,Loja Nova Iguaçu,Nova Iguaçu,3,6243.04
Notebook,Eletrônicos,2023-11-24,Loja Niterói,Niterói,1,4377.65
Smartwatch,Eletrônicos,2024-06-30,Loja Nova Iguaçu,Nova Iguaçu,2,3418.42
Monitor,Eletrônicos,2025-06-27,Loja Barra,Rio de Janeiro,1,3125.25
Cadeira Gamer,Móveis,2025-11-05,Loja Nova Iguaçu,Nova Iguaçu,4,12665.27
Headset,Acessórios,2025-11-12,Loja Nova Iguaçu,Nova Iguaçu,5,10946.14
Notebook,Eletrônicos,2023-07-14,Loja Centro,Rio de Janeiro,2,7039.0
Monitor,Eletrônicos,2024-07-10,Loja São Gonçalo,São Gonçalo,5,16987.11
Teclado,Acessórios,2024-11-09,Loja Centro,Rio de Janeiro,4,19339.13
Roteador,Redes,2023-10-18,Loja Barra,Rio de Janeiro,4,13932.54
Notebook,Eletrônicos,2025-06-20,Loja Barra,Rio de Janeiro,4,18322.5
Teclado,Acessórios,2025-11-05,Loja Petrópolis,Petrópolis,3,5049.46
Smartphone,Eletrônicos,2023-08-07,Loja São Gonçalo,São Gonçalo,1,4942.36
Tablet,Eletrônicos,2024-03-26,Loja Niterói,Niterói,4,3452.68
Impressora,Periféricos,2024-04-23,Loja Niterói,Niterói,4,13478.0
Notebook,Eletrônicos,2025-02-06,Loja Centro,Rio de Janeiro,3,8475.55
Cadeira Gamer,Móveis,2023-12-30,Loja Duque,Duque de Caxias,3,2074.24
Smartwatch,Eletrônicos,2025-06-17,Loja Barra,Rio de Janeiro,2,6622.98
Tablet,Eletrônicos,2025-07-25,Loja Petrópolis,Petrópolis,3,12311.61
Roteador,Redes,2024-08-18,Loja Sul,Rio de Janeiro,1,3941.35
Cadeira Gamer,Móveis,2025-05-17,Loja Norte,Rio de Janeiro,2,8015.62
Webcam,Periféricos,2025-01-04,Loja Petrópolis,Petrópolis,1,1179.03
Impressora,Periféricos,2025-05-19,Loja Niterói,Niterói,3,5615.84
Smartwatch,Eletrônicos,2024-08-11,Loja Petrópolis,Petrópolis,2,3707.92
Cadeira Gamer,Móveis,2025-09-15,Loja Duque,Duque de Caxias,4,14873.5
Impressora,Periféricos,2023-09-13,Loja Centro,Rio de Janeiro,5,7667.52
Notebook,Eletrônicos,2024-01-15,Loja Norte,Rio de Janeiro,3,8951.27
Cadeira Gamer,Móveis,2024-02-01,Loja Duque,Duque de Caxias,2,2975.98
Impressora,Periféricos,2023-06-28,Loja Norte,Rio de Janeiro,4,2573.74
HD Externo,Armazenamento,2025-09-14,Loja Petrópolis,Petrópolis,4,14512.51
Tablet,Eletrônicos,2025-03-01,Loja Norte,Rio de Janeiro,2,8638.14
Mesa Escritório,Móveis,2023-07-18,Loja Petrópolis,Petrópolis,5,7714.69
Cadeira Gamer,Móveis,2025-04-19,Loja Niterói,Niterói,4,19009.53
Mesa Escritório,Móveis,2024-07-31,Loja Nova Iguaçu,Nova Iguaçu,5,4516.72
Monitor,Eletrônicos,2023-09-03,Loja Niterói,Niterói,3,10322.92
Headset,Acessórios,2024-06-30,Loja Petrópolis,Petrópolis,3,3778.83
Smartphone,Eletrônicos,2025-10-30,Loja Duque,Duque de Caxias,2,1457.04
Monitor,Eletrônicos,2024-03-05,Loja Niterói,Niterói,3,3218.92
Notebook,Eletrônicos,2024-09-03,Loja Sul,Rio de Janeiro,5,20565.59
Roteador,Redes,2024-05-05,Loja São Gonçalo,São Gonçalo,4,994.19
Mouse,Acessórios,2024-12-28,Loja Niterói,Niterói,5,22617.38
Mesa Escritório,Móveis,2024-10-20,Loja Duque,Duque de Caxias,1,3198.88
Monitor,Eletrônicos,2023-08-31,Loja Barra,Rio de Janeiro,3,13074.36
Roteador,Redes,2023-03-07,Loja Petrópolis,Petrópolis,2,8894.39
Mouse,Acessórios,2023-03-09,Loja São Gonçalo,São Gonçalo,2,3697.5
Notebook,Eletrônicos,2025-09-14,Loja Niterói,Niterói,4,15332.89
Notebook,Eletrônicos,2024-04-17,Loja Barra,Rio de Janeiro,5,17449.44
Mesa Escritório,Móveis,2025-05-18,Loja São Gonçalo,São Gonçalo,4,4604.43
Roteador,Redes,2024-04-16,Loja Centro,Rio de Janeiro,3,13329.51
Smartwatch,Eletrônicos,2023-03-25,Loja Norte,Rio de Janeiro,1,3306.34
Smartwatch,Eletrônicos,2025-10-05,Loja Sul,Rio de Janeiro,1,1972.62
Pendrive,Armazenamento,2025-11-28,Loja Duque,Duque de Caxias,2,3903.47
Monitor,Eletrônicos,2025-04-27,Loja Nova Iguaçu,Nova Iguaçu,1,3849.65
Tablet,Eletrônicos,2024-09-08,Loja Nova Iguaçu,Nova Iguaçu,5,18839.47
Cadeira Gamer,Móveis,2023-06-10,Loja São Gonçalo,São Gonçalo,3,3955.37
Headset,Acessórios,2025-03-04,Loja Duque,Duque de Caxias,3,9472.19
Headset,Acessórios,2023-07-24,Loja Petrópolis,Petrópolis,1,110.23
Mouse,Acessórios,2025-05-26,Loja Barra,Rio de Janeiro,1,886.27
HD Externo,Armazenamento,2024-09-25,Loja Petrópolis,Petrópolis,1,341.6
Notebook,Eletrônicos,2025-07-26,Loja Barra,Rio de Janeiro,4,9577.66
Headset,Acessórios,2024-09-14,Loja Teresópolis,Teresópolis,2,7359.28
Tablet,Eletrônicos,2024-10-08,Loja Niterói,Niterói,4,10436.57
Monitor,Eletrônicos,2025-05-23,Loja São Gonçalo,São Gonçalo,2,3845.7
Monitor,Eletrônicos,2024-11-15,Loja Barra,Rio de Janeiro,3,11083.13
Tablet,Eletrônicos,2025-03-06,Loja São Gonçalo,São Gonçalo,4,998.65
Notebook,Eletrônicos,2024-03-01,Loja Barra,Rio de Janeiro,2,194.66
Monitor,Eletrônicos,2024-04-23,Loja Sul,Rio de Janeiro,1,2967.74
Headset,Acessórios,2025-07-16,Loja Nova Iguaçu,Nova Iguaçu,3,4712.55
Tablet,Eletrônicos,2023-05-03,Loja Barra,Rio de Janeiro,4,11930.3
Tablet,Eletrônicos,2025-06-10,Loja Petrópolis,Petrópolis,1,4552.28
HD Externo,Armazenamento,2023-08-18,Loja Niterói,Niterói,1,2877.75
Monitor,Eletrônicos,2023-05-27,Loja Nova Iguaçu,Nova Iguaçu,5,10997.93
Teclado,Acessórios,2023-03-01,Loja Centro,Rio de Janeiro,2,1720.53
Teclado,Acessórios,2024-09-06,Loja Centro,Rio de Janeiro,1,3053.4
Smartwatch,Eletrônicos,2023-11-11,Loja Norte,Rio de Janeiro,1,4883.26
Smartwatch,Eletrônicos,2025-06-02,Loja Petrópolis,Petrópolis,3,13521.11
Impressora,Periféricos,2025-12-04,Loja Niterói,Niterói,5,22438.58
Smartphone,Eletrônicos,2025-01-28,Loja São Gonçalo,São Gonçalo,5,4832.24
Impressora,Periféricos,2023-10-02,Loja Nova Iguaçu,Nova Iguaçu,5,11851.59
Mesa Escritório,Móveis,2025-09-14,Loja Teresópolis,Teresópolis,4,16153.57
Smartwatch,Eletrônicos,2023-12-05,Loja Nova Iguaçu,Nova Iguaçu,5,8061.44
Mouse,Acessórios,2023-01-04,Loja Norte,Rio de Janeiro,1,1895.25
Cadeira Gamer,Móveis,2025-02-06,Loja Petrópolis,Petrópolis,3,9070.6
Cadeira Gamer,Móveis,2025-07-18,Loja Barra,Rio de Janeiro,1,2852.65
Tablet,Eletrônicos,2023-12-29,Loja Barra,Rio de Janeiro,5,22076.8
Mouse,Acessórios,2023-05-22,Loja Sul,Rio de Janeiro,2,8123.23
Mouse,Acessórios,2025-12-05,Loja Nova Iguaçu,Nova Iguaçu,4,17668.94
Smartphone,Eletrônicos,2025-03-01,Loja Barra,Rio de Janeiro,2,8903.35
Smartphone,Eletrônicos,2023-12-20,Loja Nova Iguaçu,Nova Iguaçu,4,2780.42
Pendrive,Armazenamento,2025-04-14,Loja Duque,Duque de Caxias,5,18399.54
Impressora,Periféricos,2024-06-12,Loja Barra,Rio de Janeiro,1,2763.67
HD Externo,Armazenamento,2025-08-06,Loja Petrópolis,Petrópolis,1,4012.52
Smartphone,Eletrônicos,2023-07-31,Loja Barra,Rio de Janeiro,3,14990.39
Roteador,Redes,2025-08-25,Loja São Gonçalo,São Gonçalo,4,8157.02
HD Externo,Armazenamento,2025-01-06,Loja Centro,Rio de Janeiro,4,11970.64
Notebook,Eletrônicos,2024-05-05,Loja Petrópolis,Petrópolis,3,3548.55
Mesa Escritório,Móveis,2025-01-29,Loja Centro,Rio de Janeiro,3,10136.79
Notebook,Eletrônicos,2024-12-05,Loja Teresópolis,Teresópolis,3,14017.1
Impressora,Periféricos,2025-04-23,Loja São Gonçalo,São Gonçalo,3,13432.81
Webcam,Periféricos,2023-05-22,Loja Nova Iguaçu,Nova Iguaçu,2,7821.17
HD Externo,Armazenamento,2025-09-20,Loja Centro,Rio de Janeiro,4,13627.95
Impressora,Periféricos,2025-12-29,Loja São Gonçalo,São Gonçalo,5,1491.68
Impressora,Periféricos,2025-10-30,Loja Sul,Rio de Janeiro,3,1470.69
Monitor,Eletrônicos,2024-12-05,Loja Sul,Rio de Janeiro,1,2805.51
HD Externo,Armazenamento,2025-12-16,Loja Norte,Rio de Janeiro,3,14024.8
Roteador,Redes,2024-01-10,Loja Sul,Rio de Janeiro,4,7599.92
Cadeira Gamer,Móveis,2025-11-02,Loja Duque,Duque de Caxias,4,15199.23
Webcam,Periféricos,2025-01-12,Loja Norte,Rio de Janeiro,3,2377.07
Roteador,Redes,2024-02-13,Loja São Gonçalo,São Gonçalo,1,2957.22
Roteador,Redes,2024-06-13,Loja Petrópolis,Petrópolis,5,21252.27
Notebook,Eletrônicos,2024-07-01,Loja Duque,Duque de Caxias,3,2916.66
Teclado,Acessórios,2023-04-02,Loja Nova Iguaçu,Nova Iguaçu,3,2955.59
Smartwatch,Eletrônicos,2024-12-19,Loja Sul,Rio de Janeiro,5,19893.21
Headset,Acessórios,2023-08-05,Loja Nova Iguaçu,Nova Iguaçu,5,536.02
Headset,Acessórios,2024-04-13,Loja Duque,Duque de Caxias,2,5513.34
HD Externo,Armazenamento,2024-09-15,Loja Barra,Rio de Janeiro,5,11509.19
Impressora,Periféricos,2024-10-24,Loja Duque,Duque de Caxias,1,2676.91
Headset,Acessórios,2024-01-18,Loja Norte,Rio de Janeiro,5,10246.21
HD Externo,Armazenamento,2023-06-25,Loja Niterói,Niterói,4,18277.11
Mesa Escritório,Móveis,2025-10-17,Loja São Gonçalo,São Gonçalo,3,7376.16
Cadeira Gamer,Móveis,2023-10-15,Loja Sul,Rio de Janeiro,2,9158.95
Cadeira Gamer,Móveis,2023-06-07,Loja São Gonçalo,São Gonçalo,2,3169.26
HD Externo,Armazenamento,2023-02-05,Loja Sul,Rio de Janeiro,2,5226.1
Pendrive,Armazenamento,2024-12-13,Loja Teresópolis,Teresópolis,3,5814.36
Teclado,Acessórios,2024-07-26,Loja Barra,Rio de Janeiro,3,3473.17
Pendrive,Armazenamento,2023-09-03,Loja Centro,Rio de Janeiro,5,23923.59
Roteador,Redes,2025-02-21,Loja Sul,Rio de Janeiro,5,15687.12
Smartwatch,Eletrônicos,2023-08-25,Loja Barra,Rio de Janeiro,5,15069.65
Impressora,Periféricos,2023-05-10,Loja Sul,Rio de Janeiro,2,393.61
Notebook,Eletrônicos,2025-08-01,Loja Centro,Rio de Janeiro,2,9977.25
Headset,Acessórios,2023-01-19,Loja Norte,Rio de Janeiro,5,22258.33
Smartwatch,Eletrônicos,2023-05-14,Loja Centro,Rio de Janeiro,3,14495.28
Monitor,Eletrônicos,2024-11-15,Loja Duque,Duque de Caxias,5,9568.86
Headset,Acessórios,2023-04-29,Loja Sul,Rio de Janeiro,5,19238.28
Mouse,Acessórios,2023-12-22,Loja Barra,Rio de Janeiro,5,7032.39
Impressora,Periféricos,2025-09-21,Loja Nova Iguaçu,Nova Iguaçu,4,5273.6
Monitor,Eletrônicos,2023-12-31,Loja Duque,Duque de Caxias,4,6750.87
Tablet,Eletrônicos,2024-06-12,Loja Norte,Rio de Janeiro,1,2259.43
HD Externo,Armazenamento,2023-12-14,Loja São Gonçalo,São Gonçalo,5,13510.06
Headset,Acessórios,2025-07-09,Loja Duque,Duque de Caxias,5,24184.62
Monitor,Eletrônicos,2023-04-07,Loja Sul,Rio de Janeiro,3,10540.47
Tablet,Eletrônicos,2025-03-15,Loja Niterói,Niterói,1,3580.74
Mouse,Acessórios,2025-08-27,Loja Duque,Duque de Caxias,5,23063.44
Pendrive,Armazenamento,2025-04-19,Loja Nova Iguaçu,Nova Iguaçu,5,20211.99
Tablet,Eletrônicos,2025-01-22,Loja Norte,Rio de Janeiro,5,4254.81
Mouse,Acessórios,2024-05-19,Loja Petrópolis,Petrópolis,4,12534.15
Smartphone,Eletrônicos,2024-09-03,Loja Barra,Rio de Janeiro,4,19082.59
Monitor,Eletrônicos,2024-01-10,Loja São Gonçalo,São Gonçalo,5,9851.39
Smartphone,Eletrônicos,2024-02-08,Loja Barra,Rio de Janeiro,1,4975.4
Mouse,Acessórios,2023-03-24,Loja Petrópolis,Petrópolis,3,6819.1
Mesa Escritório,Móveis,2023-09-16,Loja São Gonçalo,São Gonçalo,1,650.65
Smartwatch,Eletrônicos,2024-05-12,Loja Centro,Rio de Janeiro,3,9246.25
Teclado,Acessórios,2023-10-21,Loja Petrópolis,Petrópolis,4,4628.77
Pendrive,Armazenamento,2023-02-10,Loja Sul,Rio de Janeiro,5,6236.27
Notebook,Eletrônicos,2023-10-05,Loja Norte,Rio de Janeiro,3,13279.93
Mouse,Acessórios,2024-11-23,Loja Petrópolis,Petrópolis,1,3518.33
Tablet,Eletrônicos,2025-12-13,Loja Centro,Rio de Janeiro,5,23826.9
Tablet,Eletrônicos,2025-06-01,Loja Nova Iguaçu,Nova Iguaçu,1,543.63
Pendrive,Armazenamento,2023-07-19,Loja Teresópolis,Teresópolis,1,1214.72
Smartphone,Eletrônicos,2023-03-07,Loja Barra,Rio de Janeiro,4,15589.12
Notebook,Eletrônicos,2024-09-09,Loja Barra,Rio de Janeiro,4,11698.35
Cadeira Gamer,Móveis,2023-05-05,Loja Norte,Rio de Janeiro,2,2627.03
Mesa Escritório,Móveis,2024-12-15,Loja Nova Iguaçu,Nova Iguaçu,2,4280.91
Webcam,Periféricos,2023-05-12,Loja Duque,Duque de Caxias,3,3956.67
Monitor,Eletrônicos,2025-07-21,Loja Sul,Rio de Janeiro,2,6240.28
Mouse,Acessórios,2024-03-23,Loja Niterói,Niterói,4,17665.44
Monitor,Eletrônicos,2024-09-03,Loja Petrópolis,Petrópolis,3,2542.68
Roteador,Redes,2025-09-12,Loja Petrópolis,Petrópolis,4,19087.34
Webcam,Periféricos,2024-03-27,Loja Centro,Rio de Janeiro,5,11631.18
Cadeira Gamer,Móveis,2023-05-25,Loja Teresópolis,Teresópolis,1,4455.54
Roteador,Redes,2025-01-02,Loja Sul,Rio de Janeiro,1,1693.93
Monitor,Eletrônicos,2024-10-01,Loja Centro,Rio de Janeiro,1,3649.51
Impressora,Periféricos,2024-02-03,Loja Teresópolis,Teresópolis,3,14315.45
Roteador,Redes,2024-06-22,Loja Duque,Duque de Caxias,1,95.42
Roteador,Redes,2024-08-19,Loja Sul,Rio de Janeiro,4,13776.4
Webcam,Periféricos,2024-12-15,Loja Nova Iguaçu,Nova Iguaçu,1,1253.13
Teclado,Acessórios,2025-07-16,Loja Centro,Rio de Janeiro,3,645.7
Headset,Acessórios,2023-02-03,Loja Sul,Rio de Janeiro,4,10856.76
Mouse,Acessórios,2025-09-08,Loja Norte,Rio de Janeiro,1,3741.7
Webcam,Periféricos,2024-08-22,Loja Norte,Rio de Janeiro,3,1535.52
Headset,Acessórios,2025-05-19,Loja Nova Iguaçu,Nova Iguaçu,2,1981.37
Monitor,Eletrônicos,2025-07-18,Loja Sul,Rio de Janeiro,2,3045.54
Smartphone,Eletrônicos,2024-07-11,Loja Duque,Duque de Caxias,5,8471.44
Mesa Escritório,Móveis,2024-08-22,Loja Nova Iguaçu,Nova Iguaçu,2,2612.11
Monitor,Eletrônicos,2023-12-08,Loja Petrópolis,Petrópolis,2,4162.32
Mesa Escritório,Móveis,2023-08-22,Loja São Gonçalo,São Gonçalo,1,1538.1
Teclado,Acessórios,2025-11-24,Loja Norte,Rio de Janeiro,4,2452.48
Impressora,Periféricos,2024-09-28,Loja Sul,Rio de Janeiro,2,9226.48
Roteador,Redes,2023-10-09,Loja Centro,Rio de Janeiro,3,14236.46
Pendrive,Armazenamento,2023-02-11,Loja Barra,Rio de Janeiro,5,10911.81
HD Externo,Armazenamento,2025-02-28,Loja São Gonçalo,São Gonçalo,3,9716.04
Mouse,Acessórios,2023-03-31,Loja Sul,Rio de Janeiro,3,5414.17
Roteador,Redes,2024-10-09,Loja Duque,Duque de Caxias,3,4721.77
Mesa Escritório,Móveis,2023-08-07,Loja Duque,Duque de Caxias,1,280.88
Pendrive,Armazenamento,2025-06-25,Loja Duque,Duque de Caxias,2,7578.34
Smartphone,Eletrônicos,2025-12-26,Loja Duque,Duque de Caxias,1,2799.19
Impressora,Periféricos,2025-10-01,Loja Nova Iguaçu,Nova Iguaçu,4,6069.64
Notebook,Eletrônicos,2025-06-20,Loja Duque,Duque de Caxias,2,8483.05
Headset,Acessórios,2025-02-09,Loja Norte,Rio de Janeiro,1,2309.11
Notebook,Eletrônicos,2023-02-01,Loja São Gonçalo,São Gonçalo,3,3106.67
Impressora,Periféricos,2025-01-27,Loja Barra,Rio de Janeiro,2,9711.39
Webcam,Periféricos,2025-09-20,Loja São Gonçalo,São Gonçalo,4,2862.46
Impressora,Periféricos,2024-08-24,Loja Nova Iguaçu,Nova Iguaçu,2,8827.2
Mouse,Acessórios,2024-04-03,Loja Nova Iguaçu,Nova Iguaçu,5,4985.78
Monitor,Eletrônicos,2023-10-28,Loja Niterói,Niterói,3,13793.52
Smartwatch,Eletrônicos,2025-07-17,Loja Barra,Rio de Janeiro,3,11457.52
Smartwatch,Eletrônicos,2023-12-13,Loja Duque,Duque de Caxias,3,5465.82
Pendrive,Armazenamento,2025-06-02,Loja São Gonçalo,São Gonçalo,2,2881.38
Tablet,Eletrônicos,2025-02-08,Loja Duque,Duque de Caxias,3,3817.49
Teclado,Acessórios,2025-07-29,Loja Petrópolis,Petrópolis,5,5745.58
Impressora,Periféricos,2025-03-10,Loja Duque,Duque de Caxias,1,470.89
Pendrive,Armazenamento,2025-01-07,Loja Niterói,Niterói,5,17430.35
Monitor,Eletrônicos,2023-11-30,Loja Niterói,Niterói,1,1063.03
Headset,Acessórios,2023-05-03,Loja Centro,Rio de Janeiro,3,2478.93
Webcam,Periféricos,2024-09-28,Loja Barra,Rio de Janeiro,3,11366.83
Notebook,Eletrônicos,2024-06-18,Loja Teresópolis,Teresópolis,5,24645.11
Webcam,Periféricos,2023-01-27,Loja Norte,Rio de Janeiro,5,10632.64
Smartphone,Eletrônicos,2023-02-11,Loja Niterói,Niterói,4,497.45
Teclado,Acessórios,2023-08-01,Loja Barra,Rio de Janeiro,3,4057.95
HD Externo,Armazenamento,2023-03-21,Loja Teresópolis,Teresópolis,3,11278.88
Pendrive,Armazenamento,2025-07-07,Loja Nova Iguaçu,Nova Iguaçu,4,14179.61
Mesa Escritório,Móveis,2025-09-19,Loja Niterói,Niterói,5,23719.65
Roteador,Redes,2025-01-24,Loja Niterói,Niterói,4,10305.83
Impressora,Periféricos,2025-05-30,Loja Niterói,Niterói,4,8281.66
HD Externo,Armazenamento,2023-01-30,Loja Niterói,Niterói,5,358.25
Tablet,Eletrônicos,2025-01-23,Loja Norte,Rio de Janeiro,5,24877.53
Impressora,Periféricos,2024-05-06,Loja Centro,Rio de Janeiro,5,11336.56
Monitor,Eletrônicos,2025-09-29,Loja Barra,Rio de Janeiro,1,984.26
Monitor,Eletrônicos,2025-01-12,Loja Barra,Rio de Janeiro,2,6857.46
Pendrive,Armazenamento,2023-02-28,Loja Centro,Rio de Janeiro,2,3990.15
Mesa Escritório,Móveis,2023-03-20,Loja Centro,Rio de Janeiro,3,2602.33
Headset,Acessórios,2023-05-06,Loja Teresópolis,Teresópolis,2,9204.17
Teclado,Acessórios,2024-09-17,Loja São Gonçalo,São Gonçalo,4,4862.79
Notebook,Eletrônicos,2024-05-12,Loja Sul,Rio de Janeiro,1,1150.81
Mouse,Acessórios,2024-09-11,Loja Barra,Rio de Janeiro,4,13427.61
Headset,Acessórios,2025-07-02,Loja Barra,Rio de Janeiro,4,12021.83
Smartwatch,Eletrônicos,2024-01-01,Loja Barra,Rio de Janeiro,2,4315.24
Monitor,Eletrônicos,2025-03-14,Loja Duque,Duque de Caxias,4,10113.97
Roteador,Redes,2023-04-25,Loja Nova Iguaçu,Nova Iguaçu,2,3242.16
Mesa Escritório,Móveis,2023-01-31,Loja Niterói,Niterói,5,14026.0
Monitor,Eletrônicos,2023-09-27,Loja Barra,Rio de Janeiro,2,6815.07
Smartphone,Eletrônicos,2024-04-01,Loja Norte,Rio de Janeiro,1,794.47
Impressora,Periféricos,2024-04-11,Loja Teresópolis,Teresópolis,3,9625.02
Roteador,Redes,2025-11-08,Loja Norte,Rio de Janeiro,4,5659.78
Mesa Escritório,Móveis,2024-07-10,Loja Petrópolis,Petrópolis,2,9425.63
Tablet,Eletrônicos,2023-04-13,Loja Centro,Rio de Janeiro,4,2693.66
Notebook,Eletrônicos,2024-02-03,Loja Barra,Rio de Janeiro,5,4531.0
Pendrive,Armazenamento,2023-11-14,Loja Niterói,Niterói,2,1191.42
Notebook,Eletrônicos,2024-03-02,Loja Duque,Duque de Caxias,2,2734.88
Tablet,Eletrônicos,2023-10-14,Loja Norte,Rio de Janeiro,1,2304.07
Notebook,Eletrônicos,2023-07-22,Loja Centro,Rio de Janeiro,3,3842.71
Teclado,Acessórios,2023-10-07,Loja Sul,Rio de Janeiro,1,4751.31
Notebook,Eletrônicos,2023-09-23,Loja Barra,Rio de Janeiro,4,14637.5
Tablet,Eletrônicos,2025-08-28,Loja Niterói,Niterói,4,1255.95
HD Externo,Armazenamento,2025-06-21,Loja Nova Iguaçu,Nova Iguaçu,3,13442.67
Notebook,Eletrônicos,2025-07-30,Loja São Gonçalo,São Gonçalo,2,6123.19
Webcam,Periféricos,2025-06-19,Loja São Gonçalo,São Gonçalo,1,3401.35
Mouse,Acessórios,2025-04-30,Loja Duque,Duque de Caxias,2,8330.2
Pendrive,Armazenamento,2023-10-20,Loja São Gonçalo,São Gonçalo,2,1854.42
Headset,Acessórios,2023-10-18,Loja Norte,Rio de Janeiro,4,6872.27
Teclado,Acessórios,2025-06-05,Loja São Gonçalo,São Gonçalo,4,15291.58
Mouse,Acessórios,2023-02-04,Loja Duque,Duque de Caxias,4,19017.61
HD Externo,Armazenamento,2024-02-20,Loja São Gonçalo,São Gonçalo,5,11375.94
Mesa Escritório,Móveis,2025-04-27,Loja Sul,Rio de Janeiro,1,835.94
Tablet,Eletrônicos,2024-08-08,Loja Petrópolis,Petrópolis,5,18888.89
Cadeira Gamer,Móveis,2025-01-10,Loja Barra,Rio de Janeiro,2,5080.38
Teclado,Acessórios,2023-07-23,Loja Norte,Rio de Janeiro,2,7166.71
Smartwatch,Eletrônicos,2025-05-20,Loja Norte,Rio de Janeiro,4,2951.13
HD Externo,Armazenamento,2024-07-23,Loja Sul,Rio de Janeiro,3,9493.9
Cadeira Gamer,Móveis,2025-10-08,Loja Teresópolis,Teresópolis,4,10350.86
Mouse,Acessórios,2024-04-21,Loja Niterói,Niterói,5,20071.95
Impressora,Periféricos,2025-02-16,Loja Centro,Rio de Janeiro,5,3885.14
Pendrive,Armazenamento,2024-06-08,Loja Petrópolis,Petrópolis,1,796.85
HD Externo,Armazenamento,2023-06-02,Loja Petrópolis,Petrópolis,5,4540.61
Impressora,Periféricos,2025-05-06,Loja Barra,Rio de Janeiro,4,7494.27
Teclado,Acessórios,2023-01-19,Loja Teresópolis,Teresópolis,4,4835.03
Headset,Acessórios,2024-12-26,Loja Petrópolis,Petrópolis,3,3630.42
HD Externo,Armazenamento,2023-07-17,Loja Nova Iguaçu,Nova Iguaçu,5,11228.86
Notebook,Eletrônicos,2024-11-30,Loja Norte,Rio de Janeiro,3,13247.1
Tablet,Eletrônicos,2024-07-14,Loja Duque,Duque de Caxias,4,7004.44
Pendrive,Armazenamento,2023-10-10,Loja Barra,Rio de Janeiro,5,24504.29
HD Externo,Armazenamento,2024-10-16,Loja Norte,Rio de Janeiro,3,14278.37
Mouse,Acessórios,2023-05-25,Loja Duque,Duque de Caxias,3,12892.46
Cadeira Gamer,Móveis,2024-01-17,Loja Centro,Rio de Janeiro,1,4985.89
Impressora,Periféricos,2024-09-21,Loja Duque,Duque de Caxias,4,16651.88
Teclado,Acessórios,2024-02-28,Loja Norte,Rio de Janeiro,5,11102.09
Notebook,Eletrônicos,2023-12-13,Loja Petrópolis,Petrópolis,2,5847.44
Mouse,Acessórios,2024-09-05,Loja Teresópolis,Teresópolis,4,3707.47
Mesa Escritório,Móveis,2023-09-19,Loja Nova Iguaçu,Nova Iguaçu,2,1372.66
Headset,Acessórios,2023-10-17,Loja Duque,Duque de Caxias,1,1448.01
Mouse,Acessórios,2023-02-14,Loja Petrópolis,Petrópolis,5,1822.2
Cadeira Gamer,Móveis,2023-08-28,Loja Petrópolis,Petrópolis,4,18061.71
Impressora,Periféricos,2024-12-21,Loja Centro,Rio de Janeiro,2,5805.46
Notebook,Eletrônicos,2023-12-31,Loja Sul,Rio de Janeiro,5,16341.55
Smartphone,Eletrônicos,2023-10-10,Loja Nova Iguaçu,Nova Iguaçu,2,2226.32
Mouse,Acessórios,2023-08-27,Loja Barra,Rio de Janeiro,5,4761.74
Impressora,Periféricos,2025-08-03,Loja Centro,Rio de Janeiro,4,5955.88
Cadeira Gamer,Móveis,2025-03-08,Loja Niterói,Niterói,5,2431.83
Impressora,Periféricos,2023-09-22,Loja Duque,Duque de Caxias,2,1276.49
Webcam,Periféricos,2024-11-02,Loja Centro,Rio de Janeiro,1,3952.81
HD Externo,Armazenamento,2025-09-14,Loja Niterói,Niterói,3,11177.17
Teclado,Acessórios,2023-09-13,Loja Centro,Rio de Janeiro,3,10658.67
Smartwatch,Eletrônicos,2023-02-10,Loja Norte,Rio de Janeiro,5,18842.0
Roteador,Redes,2025-05-03,Loja São Gonçalo,São Gonçalo,4,15033.93
Smartwatch,Eletrônicos,2025-12-01,Loja São Gonçalo,São Gonçalo,5,8174.26
Notebook,Eletrônicos,2025-07-20,Loja Sul,Rio de Janeiro,1,4463.29
Impressora,Periféricos,2024-12-21,Loja Teresópolis,Teresópolis,4,758.97
Smartwatch,Eletrônicos,2023-07-13,Loja Petrópolis,Petrópolis,4,7562.62
Impressora,Periféricos,2025-12-17,Loja Teresópolis,Teresópolis,5,6260.03
Notebook,Eletrônicos,2025-03-13,Loja Centro,Rio de Janeiro,1,4387.23
Tablet,Eletrônicos,2024-11-04,Loja Teresópolis,Teresópolis,4,11453.58
Roteador,Redes,2024-02-22,Loja Barra,Rio de Janeiro,3,13684.86
Cadeira Gamer,Móveis,2023-05-29,Loja Barra,Rio de Janeiro,1,4626.99
Smartphone,Eletrônicos,2025-12-12,Loja Sul,Rio de Janeiro,4,9977.02
Mesa Escritório,Móveis,2025-01-14,Loja Sul,Rio de Janeiro,1,2244.12
Mesa Escritório,Móveis,2023-12-10,Loja Barra,Rio de Janeiro,1,474.67
Pendrive,Armazenamento,2024-07-22,Loja Teresópolis,Teresópolis,1,184.45
Mesa Escritório,Móveis,2024-08-14,Loja Duque,Duque de Caxias,4,11705.95
Monitor,Eletrônicos,2023-06-17,Loja Norte,Rio de Janeiro,4,4856.37
Webcam,Periféricos,2025-06-09,Loja Duque,Duque de Caxias,2,3901.75
Impressora,Periféricos,2025-04-12,Loja Teresópolis,Teresópolis,3,5977.81
Mouse,Acessórios,2023-10-16,Loja Duque,Duque de Caxias,1,170.85
Smartwatch,Eletrônicos,2025-04-18,Loja Sul,Rio de Janeiro,2,3429.77
Mesa Escritório,Móveis,2023-06-28,Loja Teresópolis,Teresópolis,4,17088.4
Notebook,Eletrônicos,2024-08-19,Loja Centro,Rio de Janeiro,5,7219.69
Roteador,Redes,2025-11-26,Loja Petrópolis,Petrópolis,1,4878.68
Tablet,Eletrônicos,2024-09-08,Loja Barra,Rio de Janeiro,5,2098.32
Webcam,Periféricos,2024-07-14,Loja Norte,Rio de Janeiro,2,8679.9
Pendrive,Armazenamento,2024-01-05,Loja Petrópolis,Petrópolis,4,19932.7
Headset,Acessórios,2023-04-19,Loja Norte,Rio de Janeiro,4,10322.04
Tablet,Eletrônicos,2024-03-07,Loja Norte,Rio de Janeiro,1,1608.18
Mouse,Acessórios,2024-01-02,Loja Norte,Rio de Janeiro,2,4246.82
Headset,Acessórios,2023-12-22,Loja Duque,Duque de Caxias,3,6608.8
Mesa Escritório,Móveis,2023-03-06,Loja São Gonçalo,São Gonçalo,2,8062.51
Webcam,Periféricos,2025-09-28,Loja Duque,Duque de Caxias,1,641.05
Monitor,Eletrônicos,2025-09-16,Loja Centro,Rio de Janeiro,2,6843.43
Monitor,Eletrônicos,2025-11-06,Loja Barra,Rio de Janeiro,5,23605.34
Mesa Escritório,Móveis,2024-05-03,Loja Sul,Rio de Janeiro,4,13902.94
Pendrive,Armazenamento,2023-08-20,Loja Barra,Rio de Janeiro,4,12219.75
Pendrive,Armazenamento,2025-08-06,Loja Centro,Rio de Janeiro,3,11888.81
Teclado,Acessórios,2024-01-16,Loja Norte,Rio de Janeiro,3,1582.76
Cadeira Gamer,Móveis,2023-06-28,Loja Duque,Duque de Caxias,5,5671.9
Teclado,Acessórios,2023-11-14,Loja Nova Iguaçu,Nova Iguaçu,3,154.94
Tablet,Eletrônicos,2024-12-30,Loja Nova Iguaçu,Nova Iguaçu,5,1569.91
Impressora,Periféricos,2024-06-13,Loja Teresópolis,Teresópolis,4,8706.11
Tablet,Eletrônicos,2024-01-22,Loja Teresópolis,Teresópolis,5,21412.75
Webcam,Periféricos,2025-05-19,Loja Nova Iguaçu,Nova Iguaçu,5,11156.18
Monitor,Eletrônicos,2024-07-08,Loja São Gonçalo,São Gonçalo,4,6892.32
Pendrive,Armazenamento,2024-11-04,Loja Centro,Rio de Janeiro,2,8327.36
Cadeira Gamer,Móveis,2025-09-20,Loja Sul,Rio de Janeiro,4,9862.01
Impressora,Periféricos,2025-10-10,Loja Teresópolis,Teresópolis,5,12176.81
Roteador,Redes,2024-10-02,Loja Barra,Rio de Janeiro,2,4602.81
Teclado,Acessórios,2025-03-05,Loja Barra,Rio de Janeiro,2,2420.45
Smartphone,Eletrônicos,2024-10-13,Loja Petrópolis,Petrópolis,2,7217.21
Mouse,Acessórios,2023-02-15,Loja Sul,Rio de Janeiro,1,4443.91
HD Externo,Armazenamento,2024-10-21,Loja Nova Iguaçu,Nova Iguaçu,5,18863.1
Webcam,Periféricos,2025-12-22,Loja Sul,Rio de Janeiro,1,2393.87
Pendrive,Armazenamento,2023-07-13,Loja Petrópolis,Petrópolis,3,3186.56
Pendrive,Armazenamento,2024-07-21,Loja Nova Iguaçu,Nova Iguaçu,5,9125.62
Roteador,Redes,2023-10-19,Loja Barra,Rio de Janeiro,3,1684.61
Headset,Acessórios,2025-06-16,Loja Niterói,Niterói,1,2431.84
Mesa Escritório,Móveis,2023-06-18,Loja Niterói,Niterói,4,15553.21
Webcam,Periféricos,2024-07-19,Loja São Gonçalo,São Gonçalo,3,7760.96
Smartwatch,Eletrônicos,2024-01-15,Loja Nova Iguaçu,Nova Iguaçu,2,6893.74
Pendrive,Armazenamento,2025-03-17,Loja Duque,Duque de Caxias,3,6926.21
Smartwatch,Eletrônicos,2023-03-30,Loja Niterói,Niterói,3,5520.18
Mesa Escritório,Móveis,2023-02-02,Loja Norte,Rio de Janeiro,3,3524.23
Smartphone,Eletrônicos,2023-02-03,Loja Nova Iguaçu,Nova Iguaçu,3,8653.34
Tablet,Eletrônicos,2025-01-07,Loja Barra,Rio de Janeiro,1,3519.66
Pendrive,Armazenamento,2023-12-30,Loja Sul,Rio de Janeiro,3,12965.94
Roteador,Redes,2023-02-17,Loja Nova Iguaçu,Nova Iguaçu,4,7404.6
Roteador,Redes,2023-01-26,Loja Duque,Duque de Caxias,5,12364.3
Monitor,Eletrônicos,2025-02-12,Loja Petrópolis,Petrópolis,1,668.17
Monitor,Eletrônicos,2025-01-09,Loja Norte,Rio de Janeiro,5,15042.63
Monitor,Eletrônicos,2025-03-31,Loja Nova Iguaçu,Nova Iguaçu,2,283.95
Notebook,Eletrônicos,2023-01-01,Loja Centro,Rio de Janeiro,1,2446.38
Monitor,Eletrônicos,2024-05-21,Loja Norte,Rio de Janeiro,3,12558.49
Tablet,Eletrônicos,2025-01-28,Loja Barra,Rio de Janeiro,4,3564.86
Mouse,Acessórios,2023-12-17,Loja Petrópolis,Petrópolis,1,3250.02
Roteador,Redes,2025-04-02,Loja Nova Iguaçu,Nova Iguaçu,2,6880.2
Headset,Acessórios,2023-07-18,Loja São Gonçalo,São Gonçalo,4,10891.62
Teclado,Acessórios,2023-03-19,Loja Norte,Rio de Janeiro,4,12080.09
Mouse,Acessórios,2024-06-13,Loja São Gonçalo,São Gonçalo,4,267.0
Teclado,Acessórios,2025-10-11,Loja Barra,Rio de Janeiro,5,20655.76
Impressora,Periféricos,2024-09-20,Loja Norte,Rio de Janeiro,2,5439.05
Mouse,Acessórios,2024-04-27,Loja São Gonçalo,São Gonçalo,5,17584.74
Cadeira Gamer,Móveis,2025-09-30,Loja Nova Iguaçu,Nova Iguaçu,3,11013.9
Cadeira Gamer,Móveis,2024-11-18,Loja Petrópolis,Petrópolis,3,6421.53
Notebook,Eletrônicos,2025-12-12,Loja Centro,Rio de Janeiro,1,1919.26
Roteador,Redes,2023-01-08,Loja Niterói,Niterói,4,2432.06
Mesa Escritório,Móveis,2023-10-08,Loja Niterói,Niterói,3,9590.69
Teclado,Acessórios,2024-08-31,Loja Duque,Duque de Caxias,2,619.53
Mouse,Acessórios,2023-11-28,Loja Petrópolis,Petrópolis,4,10526.52
Headset,Acessórios,2024-11-23,Loja Niterói,Niterói,1,4489.97
Tablet,Eletrônicos,2024-04-10,Loja Teresópolis,Teresópolis,2,7643.43
Impressora,Periféricos,2024-04-16,Loja Duque,Duque de Caxias,2,341.87
Roteador,Redes,2025-10-22,Loja Petrópolis,Petrópolis,2,5233.33
Roteador,Redes,2024-04-27,Loja Teresópolis,Teresópolis,1,2293.5
HD Externo,Armazenamento,2023-01-17,Loja Sul,Rio de Janeiro,4,11233.5
Teclado,Acessórios,2025-10-15,Loja Nova Iguaçu,Nova Iguaçu,4,3517.1
Smartwatch,Eletrônicos,2024-02-26,Loja Petrópolis,Petrópolis,2,6107.91
Headset,Acessórios,2023-11-21,Loja Sul,Rio de Janeiro,3,9395.72
Mouse,Acessórios,2025-03-03,Loja Niterói,Niterói,1,2456.73
Tablet,Eletrônicos,2023-04-27,Loja Petrópolis,Petrópolis,4,7213.96
Cadeira Gamer,Móveis,2025-03-09,Loja São Gonçalo,São Gonçalo,1,197.56
Impressora,Periféricos,2024-10-25,Loja Niterói,Niterói,5,22454.76
Pendrive,Armazenamento,2023-07-30,Loja Niterói,Niterói,3,12894.96
Smartphone,Eletrônicos,2024-06-01,Loja São Gonçalo,São Gonçalo,5,12585.59
Pendrive,Armazenamento,2024-06-23,Loja Nova Iguaçu,Nova Iguaçu,1,2576.5
Smartwatch,Eletrônicos,2023-11-04,Loja São Gonçalo,São Gonçalo,3,14058.06
HD Externo,Armazenamento,2024-04-05,Loja Barra,Rio de Janeiro,3,4176.01
Teclado,Acessórios,2025-10-28,Loja Niterói,Niterói,3,4469.92
Tablet,Eletrônicos,2024-09-23,Loja Duque,Duque de Caxias,3,5344.58
Roteador,Redes,2024-04-29,Loja Centro,Rio de Janeiro,4,4661.51
Pendrive,Armazenamento,2025-08-02,Loja Norte,Rio de Janeiro,3,5451.9
Roteador,Redes,2023-09-07,Loja Norte,Rio de Janeiro,5,1848.97
Impressora,Periféricos,2023-06-18,Loja Sul,Rio de Janeiro,3,8747.99
Pendrive,Armazenamento,2025-02-18,Loja Nova Iguaçu,Nova Iguaçu,2,1264.33
Tablet,Eletrônicos,2025-11-17,Loja Teresópolis,Teresópolis,5,22821.61
Headset,Acessórios,2024-10-02,Loja Teresópolis,Teresópolis,5,2346.18
Tablet,Eletrônicos,2024-09-06,Loja Teresópolis,Teresópolis,5,9052.3
Monitor,Eletrônicos,2023-03-07,Loja Centro,Rio de Janeiro,4,7454.39
Smartphone,Eletrônicos,2023-11-27,Loja Niterói,Niterói,1,560.61
Smartphone,Eletrônicos,2023-08-31,Loja Norte,Rio de Janeiro,1,1595.75
Smartphone,Eletrônicos,2025-10-11,Loja Norte,Rio de Janeiro,3,2453.15
HD Externo,Armazenamento,2025-02-24,Loja Barra,Rio de Janeiro,5,20777.76
Smartwatch,Eletrônicos,2023-10-22,Loja Petrópolis,Petrópolis,4,2665.06
HD Externo,Armazenamento,2024-02-16,Loja Niterói,Niterói,3,3374.59
Headset,Acessórios,2025-06-23,Loja Norte,Rio de Janeiro,4,1935.32
Mesa Escritório,Móveis,2025-10-04,Loja Norte,Rio de Janeiro,5,5008.5
Webcam,Periféricos,2025-08-14,Loja São Gonçalo,São Gonçalo,3,4001.59
Headset,Acessórios,2025-06-16,Loja Centro,Rio de Janeiro,4,4521.33
Tablet,Eletrônicos,2025-01-25,Loja Norte,Rio de Janeiro,1,1966.25
Tablet,Eletrônicos,2025-09-05,Loja Duque,Duque de Caxias,5,14935.26
Teclado,Acessórios,2025-06-12,Loja Barra,Rio de Janeiro,5,6911.55
Pendrive,Armazenamento,2025-10-05,Loja Duque,Duque de Caxias,3,11103.53
Mesa Escritório,Móveis,2025-03-22,Loja São Gonçalo,São Gonçalo,2,8139.83
HD Externo,Armazenamento,2024-03-01,Loja São Gonçalo,São Gonçalo,2,2890.41
Monitor,Eletrônicos,2024-03-07,Loja Sul,Rio de Janeiro,3,1785.52
Cadeira Gamer,Móveis,2025-07-23,Loja Barra,Rio de Janeiro,5,11721.66
Impressora,Periféricos,2025-09-29,Loja Sul,Rio de Janeiro,1,719.78
Mesa Escritório,Móveis,2024-10-13,Loja Centro,Rio de Janeiro,1,4392.16
Webcam,Periféricos,2023-11-15,Loja São Gonçalo,São Gonçalo,4,3441.38
Headset,Acessórios,2024-06-21,Loja Sul,Rio de Janeiro,5,3531.51
Smartwatch,Eletrônicos,2023-08-30,Loja Barra,Rio de Janeiro,3,8317.34
Pendrive,Armazenamento,2023-08-31,Loja Niterói,Niterói,4,599.2
Roteador,Redes,2024-08-10,Loja Barra,Rio de Janeiro,1,4455.3
Smartwatch,Eletrônicos,2025-05-12,Loja Teresópolis,Teresópolis,4,15208.32
Roteador,Redes,2024-07-01,Loja Petrópolis,Petrópolis,4,15837.36
Webcam,Periféricos,2023-05-21,Loja Niterói,Niterói,4,3990.62
Tablet,Eletrônicos,2025-07-17,Loja Duque,Duque de Caxias,5,408.25
Cadeira Gamer,Móveis,2024-01-01,Loja Sul,Rio de Janeiro,4,1122.03
Teclado,Acessórios,2023-09-15,Loja São Gonçalo,São Gonçalo,4,16792.5
Impressora,Periféricos,2025-05-06,Loja São Gonçalo,São Gonçalo,3,11616.81
Monitor,Eletrônicos,2024-12-20,Loja Sul,Rio de Janeiro,5,5868.77
Smartphone,Eletrônicos,2025-06-28,Loja Sul,Rio de Janeiro,3,4898.69
Webcam,Periféricos,2025-05-21,Loja Petrópolis,Petrópolis,3,14586.92
Smartphone,Eletrônicos,2025-05-16,Loja Centro,Rio de Janeiro,1,1671.89
Impressora,Periféricos,2024-04-06,Loja Norte,Rio de Janeiro,1,3381.17
Headset,Acessórios,2024-01-27,Loja São Gonçalo,São Gonçalo,2,2266.46
Tablet,Eletrônicos,2024-10-25,Loja Nova Iguaçu,Nova Iguaçu,2,5691.21
Cadeira Gamer,Móveis,2025-06-16,Loja Sul,Rio de Janeiro,4,11676.69
Headset,Acessórios,2023-04-26,Loja São Gonçalo,São Gonçalo,1,3772.63
Smartphone,Eletrônicos,2025-10-20,Loja São Gonçalo,São Gonçalo,1,4254.2
Cadeira Gamer,Móveis,2025-05-22,Loja São Gonçalo,São Gonçalo,1,1558.91
Impressora,Periféricos,2024-08-10,Loja Niterói,Niterói,2,9948.12
Notebook,Eletrônicos,2025-01-04,Loja Barra,Rio de Janeiro,5,22412.72
Headset,Acessórios,2024-08-06,Loja Petrópolis,Petrópolis,5,17817.7
Smartphone,Eletrônicos,2023-03-19,Loja Nova Iguaçu,Nova Iguaçu,5,17902.09
Mouse,Acessórios,2024-12-01,Loja Centro,Rio de Janeiro,3,6386.79
Smartphone,Eletrônicos,2025-04-03,Loja São Gonçalo,São Gonçalo,5,17385.44
Mesa Escritório,Móveis,2023-11-24,Loja Duque,Duque de Caxias,4,15768.62
Tablet,Eletrônicos,2024-05-08,Loja Petrópolis,Petrópolis,1,4828.47
Impressora,Periféricos,2025-04-26,Loja Duque,Duque de Caxias,2,2168.02
Roteador,Redes,2023-01-10,Loja Duque,Duque de Caxias,4,18892.52
Smartphone,Eletrônicos,2025-05-09,Loja Barra,Rio de Janeiro,3,6410.19
Notebook,Eletrônicos,2025-11-02,Loja Sul,Rio de Janeiro,2,7843.1
Impressora,Periféricos,2025-10-08,Loja Norte,Rio de Janeiro,2,6066.08
Teclado,Acessórios,2023-05-06,Loja Norte,Rio de Janeiro,1,4151.33
Cadeira Gamer,Móveis,2025-06-21,Loja Norte,Rio de Janeiro,3,4607.7
Webcam,Periféricos,2024-06-25,Loja Nova Iguaçu,Nova Iguaçu,4,11841.26
Pendrive,Armazenamento,2025-11-28,Loja Nova Iguaçu,Nova Iguaçu,3,7560.06
Cadeira Gamer,Móveis,2024-10-23,Loja Teresópolis,Teresópolis,5,15263.9
Mouse,Acessórios,2023-11-07,Loja Centro,Rio de Janeiro,4,19032.32
Headset,Acessórios,2025-05-18,Loja Petrópolis,Petrópolis,2,4929.47
Cadeira Gamer,Móveis,2025-08-09,Loja Petrópolis,Petrópolis,4,3724.72
Impressora,Periféricos,2024-11-25,Loja Duque,Duque de Caxias,5,20166.22
Notebook,Eletrônicos,2024-05-12,Loja Centro,Rio de Janeiro,4,16933.64
HD Externo,Armazenamento,2025-08-27,Loja Norte,Rio de Janeiro,2,4987.82
Smartphone,Eletrônicos,2023-09-29,Loja Petrópolis,Petrópolis,3,3614.54
HD Externo,Armazenamento,2025-05-02,Loja São Gonçalo,São Gonçalo,3,3841.08
Mesa Escritório,Móveis,2023-12-24,Loja Nova Iguaçu,Nova Iguaçu,3,9706.5
Roteador,Redes,2023-08-01,Loja Centro,Rio de Janeiro,4,11182.63
Roteador,Redes,2024-07-22,Loja Norte,Rio de Janeiro,3,3243.88
Mesa Escritório,Móveis,2023-08-02,Loja Duque,Duque de Caxias,5,1373.9
HD Externo,Armazenamento,2025-10-31,Loja Teresópolis,Teresópolis,3,689.0
Webcam,Periféricos,2025-11-11,Loja Nova Iguaçu,Nova Iguaçu,4,8426.83
Teclado,Acessórios,2025-11-21,Loja Norte,Rio de Janeiro,2,3161.01
Mesa Escritório,Móveis,2023-12-23,Loja Nova Iguaçu,Nova Iguaçu,1,178.21
Pendrive,Armazenamento,2025-11-23,Loja Niterói,Niterói,2,2495.33
Tablet,Eletrônicos,2024-05-10,Loja Sul,Rio de Janeiro,3,7389.61
Headset,Acessórios,2024-01-11,Loja Duque,Duque de Caxias,3,11274.86
Pendrive,Armazenamento,2024-11-04,Loja Sul,Rio de Janeiro,3,5279.84
Smartwatch,Eletrônicos,2024-06-18,Loja Duque,Duque de Caxias,2,6188.65
Mouse,Acessórios,2025-05-18,Loja Nova Iguaçu,Nova Iguaçu,3,9384.09
Monitor,Eletrônicos,2024-07-01,Loja Duque,Duque de Caxias,4,13130.51
Notebook,Eletrônicos,2024-05-16,Loja São Gonçalo,São Gonçalo,3,2825.87
Smartwatch,Eletrônicos,2025-01-04,Loja Niterói,Niterói,1,4144.66
Pendrive,Armazenamento,2025-03-04,Loja Sul,Rio de Janeiro,2,7758.3
Teclado,Acessórios,2025-08-21,Loja São Gonçalo,São Gonçalo,4,5846.87
Mesa Escritório,Móveis,2023-01-22,Loja Teresópolis,Teresópolis,2,6095.23
Roteador,Redes,2024-08-06,Loja Duque,Duque de Caxias,5,6029.42
Monitor,Eletrônicos,2024-01-27,Loja Niterói,Niterói,1,4176.8
Smartwatch,Eletrônicos,2025-06-02,Loja São Gonçalo,São Gonçalo,4,17097.37
Webcam,Periféricos,2023-02-06,Loja Petrópolis,Petrópolis,5,21575.51
Smartwatch,Eletrônicos,2023-04-11,Loja Niterói,Niterói,2,8671.05
Cadeira Gamer,Móveis,2024-09-23,Loja Duque,Duque de Caxias,2,5910.89
HD Externo,Armazenamento,2024-11-21,Loja Petrópolis,Petrópolis,2,954.73
Impressora,Periféricos,2024-06-02,Loja Barra,Rio de Janeiro,5,24934.28
Mesa Escritório,Móveis,2023-09-28,Loja Barra,Rio de Janeiro,5,2951.95
Mouse,Acessórios,2024-06-30,Loja Nova Iguaçu,Nova Iguaçu,5,22646.73
Notebook,Eletrônicos,2024-09-28,Loja Norte,Rio de Janeiro,3,12959.88
Tablet,Eletrônicos,2024-10-22,Loja Petrópolis,Petrópolis,4,16725.0
Smartwatch,Eletrônicos,2025-06-25,Loja Niterói,Niterói,2,9124.34
Impressora,Periféricos,2024-07-02,Loja Petrópolis,Petrópolis,3,8159.41
Smartwatch,Eletrônicos,2023-12-16,Loja Niterói,Niterói,1,4085.43
Smartwatch,Eletrônicos,2024-09-14,Loja Sul,Rio de Janeiro,2,4526.9
Notebook,Eletrônicos,2023-05-26,Loja Barra,Rio de Janeiro,5,12700.79
Smartwatch,Eletrônicos,2024-09-18,Loja Sul,Rio de Janeiro,1,3511.41
Pendrive,Armazenamento,2023-03-28,Loja Centro,Rio de Janeiro,1,2528.86
HD Externo,Armazenamento,2025-01-11,Loja Teresópolis,Teresópolis,4,5030.48
Roteador,Redes,2023-09-22,Loja Barra,Rio de Janeiro,1,3064.88
Pendrive,Armazenamento,2024-10-20,Loja Duque,Duque de Caxias,2,3643.1
Tablet,Eletrônicos,2024-10-04,Loja Norte,Rio de Janeiro,3,5914.34
Notebook,Eletrônicos,2025-11-19,Loja Petrópolis,Petrópolis,2,9166.99
Teclado,Acessórios,2024-05-17,Loja São Gonçalo,São Gonçalo,2,3912.5
Notebook,Eletrônicos,2025-06-12,Loja Norte,Rio de Janeiro,2,8309.6
Mouse,Acessórios,2025-06-04,Loja São Gonçalo,São Gonçalo,2,8754.29
Impressora,Periféricos,2025-10-26,Loja Barra,Rio de Janeiro,5,4972.31
Webcam,Periféricos,2023-05-17,Loja Niterói,Niterói,3,2111.85
Tablet,Eletrônicos,2024-07-23,Loja Duque,Duque de Caxias,2,5166.77
Teclado,Acessórios,2023-09-19,Loja São Gonçalo,São Gonçalo,3,6330.39
Mesa Escritório,Móveis,2023-12-18,Loja Niterói,Niterói,5,14646.84
Teclado,Acessórios,2024-04-09,Loja São Gonçalo,São Gonçalo,2,8234.55
Smartphone,Eletrônicos,2024-07-17,Loja Barra,Rio de Janeiro,2,6264.66
Mesa Escritório,Móveis,2025-01-19,Loja Duque,Duque de Caxias,4,16969.94
Tablet,Eletrônicos,2025-10-23,Loja Niterói,Niterói,3,488.69
Webcam,Periféricos,2023-09-27,Loja Barra,Rio de Janeiro,4,8835.71
Pendrive,Armazenamento,2025-11-08,Loja Barra,Rio de Janeiro,5,12275.98
Mouse,Acessórios,2025-11-06,Loja Teresópolis,Teresópolis,2,5628.65
HD Externo,Armazenamento,2024-07-07,Loja Petrópolis,Petrópolis,3,5052.4
Cadeira Gamer,Móveis,2024-03-27,Loja Barra,Rio de Janeiro,3,3243.04
HD Externo,Armazenamento,2025-12-21,Loja Nova Iguaçu,Nova Iguaçu,5,10969.09
HD Externo,Armazenamento,2023-07-08,Loja Norte,Rio de Janeiro,4,11048.71
Webcam,Periféricos,2023-02-02,Loja São Gonçalo,São Gonçalo,5,21374.9
Smartphone,Eletrônicos,2025-01-10,Loja Petrópolis,Petrópolis,5,16413.83
Webcam,Periféricos,2023-09-06,Loja São Gonçalo,São Gonçalo,2,4851.18
Teclado,Acessórios,2024-01-06,Loja Norte,Rio de Janeiro,4,10210.48
Headset,Acessórios,2025-04-19,Loja Nova Iguaçu,Nova Iguaçu,2,6738.08
Teclado,Acessórios,2024-10-02,Loja Nova Iguaçu,Nova Iguaçu,1,501.1
HD Externo,Armazenamento,2023-05-26,Loja Barra,Rio de Janeiro,1,4304.86
Teclado,Acessórios,2025-09-01,Loja Sul,Rio de Janeiro,2,6790.57
Pendrive,Armazenamento,2023-06-28,Loja Petrópolis,Petrópolis,4,6564.0
Mesa Escritório,Móveis,2024-07-31,Loja São Gonçalo,São Gonçalo,2,3658.93
Mouse,Acessórios,2024-08-06,Loja Niterói,Niterói,3,3989.09
Mesa Escritório,Móveis,2025-03-06,Loja Niterói,Niterói,4,8876.9
HD Externo,Armazenamento,2025-06-14,Loja Centro,Rio de Janeiro,3,9154.23
Mesa Escritório,Móveis,2023-11-21,Loja Teresópolis,Teresópolis,2,4565.43
Pendrive,Armazenamento,2024-01-03,Loja Barra,Rio de Janeiro,4,15081.78
Smartwatch,Eletrônicos,2023-03-21,Loja Niterói,Niterói,4,16638.44
Webcam,Periféricos,2024-07-19,Loja Petrópolis,Petrópolis,5,16634.73
Notebook,Eletrônicos,2023-11-22,Loja Petrópolis,Petrópolis,4,13969.09
Cadeira Gamer,Móveis,2023-11-16,Loja Centro,Rio de Janeiro,2,6492.09
Mesa Escritório,Móveis,2024-11-14,Loja São Gonçalo,São Gonçalo,1,193.84
Cadeira Gamer,Móveis,2025-04-27,Loja Teresópolis,Teresópolis,1,1597.27
Smartwatch,Eletrônicos,2023-10-26,Loja Petrópolis,Petrópolis,3,4459.48
Tablet,Eletrônicos,2025-06-21,Loja Petrópolis,Petrópolis,3,10041.53
Impressora,Periféricos,2024-03-31,Loja Petrópolis,Petrópolis,4,10021.49
Roteador,Redes,2023-09-13,Loja Niterói,Niterói,2,7128.56
Smartwatch,Eletrônicos,2023-01-21,Loja Norte,Rio de Janeiro,3,1203.06
Smartwatch,Eletrônicos,2025-11-26,Loja Nova Iguaçu,Nova Iguaçu,3,4440.96
Headset,Acessórios,2023-01-01,Loja São Gonçalo,São Gonçalo,1,57.04
Mesa Escritório,Móveis,2024-11-13,Loja Teresópolis,Teresópolis,3,659.13
Tablet,Eletrônicos,2023-01-07,Loja Nova Iguaçu,Nova Iguaçu,2,9538.52
Smartphone,Eletrônicos,2025-10-27,Loja Niterói,Niterói,4,8196.89
Teclado,Acessórios,2024-08-12,Loja Petrópolis,Petrópolis,2,1416.23
HD Externo,Armazenamento,2023-02-25,Loja Teresópolis,Teresópolis,2,3019.54
Smartwatch,Eletrônicos,2023-09-10,Loja Duque,Duque de Caxias,3,4495.85
Roteador,Redes,2024-09-15,Loja Barra,Rio de Janeiro,1,3054.1
Headset,Acessórios,2023-04-05,Loja Duque,Duque de Caxias,1,3925.46
Monitor,Eletrônicos,2024-07-06,Loja São Gonçalo,São Gonçalo,4,19601.84
HD Externo,Armazenamento,2023-01-09,Loja Sul,Rio de Janeiro,3,13293.21
Mesa Escritório,Móveis,2024-11-15,Loja Petrópolis,Petrópolis,1,2442.38
Cadeira Gamer,Móveis,2024-08-17,Loja Duque,Duque de Caxias,4,3502.89
Cadeira Gamer,Móveis,2024-01-03,Loja Niterói,Niterói,5,17194.8
Cadeira Gamer,Móveis,2023-01-15,Loja Niterói,Niterói,4,17369.85
Notebook,Eletrônicos,2024-06-16,Loja Centro,Rio de Janeiro,2,6924.47
Tablet,Eletrônicos,2023-04-27,Loja Sul,Rio de Janeiro,3,5962.39
Monitor,Eletrônicos,2025-02-12,Loja Niterói,Niterói,2,9367.26
Headset,Acessórios,2023-04-06,Loja Norte,Rio de Janeiro,1,1507.74
Cadeira Gamer,Móveis,2023-12-23,Loja Barra,Rio de Janeiro,2,4429.89
Impressora,Periféricos,2025-12-18,Loja Norte,Rio de Janeiro,2,6078.89
Teclado,Acessórios,2025-03-04,Loja Teresópolis,Teresópolis,5,969.92
Webcam,Periféricos,2023-01-23,Loja Barra,Rio de Janeiro,3,14244.92
Cadeira Gamer,Móveis,2024-02-07,Loja Niterói,Niterói,3,7624.02
Smartphone,Eletrônicos,2023-05-20,Loja Petrópolis,Petrópolis,1,1788.13
Roteador,Redes,2025-04-24,Loja Barra,Rio de Janeiro,3,1010.49
Roteador,Redes,2023-03-29,Loja São Gonçalo,São Gonçalo,2,7677.5
Pendrive,Armazenamento,2024-02-03,Loja Duque,Duque de Caxias,3,7898.08
HD Externo,Armazenamento,2024-07-17,Loja Petrópolis,Petrópolis,2,7231.17
Monitor,Eletrônicos,2025-04-25,Loja Niterói,Niterói,5,12299.03
Notebook,Eletrônicos,2023-04-15,Loja Petrópolis,Petrópolis,4,2633.95
Monitor,Eletrônicos,2025-06-04,Loja Nova Iguaçu,Nova Iguaçu,5,24386.48
Cadeira Gamer,Móveis,2024-10-23,Loja Centro,Rio de Janeiro,5,9575.0
Smartwatch,Eletrônicos,2023-12-28,Loja Centro,Rio de Janeiro,3,12742.07
Teclado,Acessórios,2025-11-15,Loja Centro,Rio de Janeiro,1,668.27
Mesa Escritório,Móveis,2023-03-05,Loja Niterói,Niterói,1,2886.09
Cadeira Gamer,Móveis,2023-09-25,Loja Barra,Rio de Janeiro,2,9568.43
Mouse,Acessórios,2023-06-13,Loja Niterói,Niterói,5,15893.81
Smartphone,Eletrônicos,2023-07-19,Loja Barra,Rio de Janeiro,1,4739.33
Monitor,Eletrônicos,2024-03-05,Loja Barra,Rio de Janeiro,4,11411.2
HD Externo,Armazenamento,2023-06-16,Loja Petrópolis,Petrópolis,1,3971.57
Mouse,Acessórios,2025-05-03,Loja Nova Iguaçu,Nova Iguaçu,5,11029.43
Impressora,Periféricos,2024-11-05,Loja Sul,Rio de Janeiro,5,6571.09
Monitor,Eletrônicos,2023-07-16,Loja Duque,Duque de Caxias,2,1057.53
Webcam,Periféricos,2023-08-22,Loja São Gonçalo,São Gonçalo,5,8711.56
Headset,Acessórios,2023-10-22,Loja Teresópolis,Teresópolis,5,1197.04
Smartwatch,Eletrônicos,2025-06-14,Loja São Gonçalo,São Gonçalo,2,5484.66
Mesa Escritório,Móveis,2024-03-30,Loja Duque,Duque de Caxias,2,2774.93
Tablet,Eletrônicos,2024-12-24,Loja São Gonçalo,São Gonçalo,4,7748.46
Smartwatch,Eletrônicos,2024-09-29,Loja Duque,Duque de Caxias,5,15072.03
Webcam,Periféricos,2023-02-20,Loja Nova Iguaçu,Nova Iguaçu,1,4511.27
Cadeira Gamer,Móveis,2023-09-23,Loja Duque,Duque de Caxias,1,2380.46
Notebook,Eletrônicos,2025-12-24,Loja Sul,Rio de Janeiro,1,947.87
Smartphone,Eletrônicos,2024-07-28,Loja Barra,Rio de Janeiro,1,257.34
Teclado,Acessórios,2025-10-29,Loja Petrópolis,Petrópolis,4,7171.9
Mesa Escritório,Móveis,2023-12-19,Loja Nova Iguaçu,Nova Iguaçu,3,7224.01
Headset,Acessórios,2024-01-03,Loja Duque,Duque de Caxias,2,6201.34
Teclado,Acessórios,2024-10-17,Loja Teresópolis,Teresópolis,5,24825.88
Notebook,Eletrônicos,2024-05-23,Loja Duque,Duque de Caxias,4,18755.63
Webcam,Periféricos,2024-07-27,Loja Teresópolis,Teresópolis,2,7570.51
Cadeira Gamer,Móveis,2025-12-02,Loja Petrópolis,Petrópolis,4,15513.85
Impressora,Periféricos,2024-02-27,Loja São Gonçalo,São Gonçalo,4,3577.95
Pendrive,Armazenamento,2023-07-29,Loja Petrópolis,Petrópolis,3,5611.45
Webcam,Periféricos,2023-12-09,Loja Niterói,Niterói,3,10656.65
Monitor,Eletrônicos,2023-05-21,Loja Nova Iguaçu,Nova Iguaçu,1,4543.94
Notebook,Eletrônicos,2024-07-13,Loja Norte,Rio de Janeiro,1,4082.77
Monitor,Eletrônicos,2024-08-02,Loja Centro,Rio de Janeiro,4,5965.33
Smartphone,Eletrônicos,2025-06-18,Loja Niterói,Niterói,2,936.27
Webcam,Periféricos,2024-08-08,Loja Niterói,Niterói,4,1268.66
Notebook,Eletrônicos,2023-08-07,Loja São Gonçalo,São Gonçalo,5,15568.93
Teclado,Acessórios,2024-07-13,Loja São Gonçalo,São Gonçalo,5,7355.93
Webcam,Periféricos,2023-12-05,Loja Sul,Rio de Janeiro,3,5224.88
Smartphone,Eletrônicos,2025-02-05,Loja Centro,Rio de Janeiro,5,8294.09
Smartphone,Eletrônicos,2024-09-01,Loja Petrópolis,Petrópolis,2,2108.77
Mouse,Acessórios,2024-11-20,Loja Petrópolis,Petrópolis,5,23528.14
Smartwatch,Eletrônicos,2025-02-08,Loja Petrópolis,Petrópolis,1,4786.56
Teclado,Acessórios,2024-07-17,Loja Centro,Rio de Janeiro,3,14546.46
Roteador,Redes,2025-09-17,Loja Teresópolis,Teresópolis,4,10405.36
Cadeira Gamer,Móveis,2023-02-02,Loja Nova Iguaçu,Nova Iguaçu,4,13834.32
Smartphone,Eletrônicos,2024-06-29,Loja Nova Iguaçu,Nova Iguaçu,4,1973.61
Pendrive,Armazenamento,2025-01-11,Loja Centro,Rio de Janeiro,1,2579.34
Pendrive,Armazenamento,2023-11-02,Loja Niterói,Niterói,4,11997.53
Smartphone,Eletrônicos,2024-07-02,Loja Sul,Rio de Janeiro,2,3713.14
Headset,Acessórios,2023-03-21,Loja Petrópolis,Petrópolis,1,4416.47
Mesa Escritório,Móveis,2024-08-07,Loja Niterói,Niterói,3,6102.82
Smartwatch,Eletrônicos,2023-03-12,Loja Barra,Rio de Janeiro,1,1712.46
Pendrive,Armazenamento,2023-04-01,Loja São Gonçalo,São Gonçalo,5,12716.02
HD Externo,Armazenamento,2024-11-02,Loja Duque,Duque de Caxias,5,13804.79
Impressora,Periféricos,2024-01-13,Loja Petrópolis,Petrópolis,1,3109.77
Webcam,Periféricos,2025-06-26,Loja Duque,Duque de Caxias,3,2836.36
Headset,Acessórios,2023-08-22,Loja Niterói,Niterói,1,3092.5
Webcam,Periféricos,2025-08-30,Loja Centro,Rio de Janeiro,3,14371.9
Mouse,Acessórios,2025-09-18,Loja São Gonçalo,São Gonçalo,4,13031.36
Impressora,Periféricos,2024-11-04,Loja Barra,Rio de Janeiro,4,8221.9
Pendrive,Armazenamento,2025-01-05,Loja Barra,Rio de Janeiro,5,22871.45
HD Externo,Armazenamento,2025-04-13,Loja Norte,Rio de Janeiro,1,144.21
HD Externo,Armazenamento,2025-09-21,Loja Centro,Rio de Janeiro,5,24001.44
Roteador,Redes,2024-07-19,Loja Duque,Duque de Caxias,3,7833.1
HD Externo,Armazenamento,2024-05-28,Loja Nova Iguaçu,Nova Iguaçu,2,5206.44
Webcam,Periféricos,2024-12-05,Loja Niterói,Niterói,2,9884.06
Smartwatch,Eletrônicos,2025-03-11,Loja Teresópolis,Teresópolis,3,7872.93
Smartwatch,Eletrônicos,2025-08-18,Loja Norte,Rio de Janeiro,1,2015.49
Monitor,Eletrônicos,2025-03-14,Loja Duque,Duque de Caxias,5,3958.91
Mesa Escritório,Móveis,2023-10-29,Loja Centro,Rio de Janeiro,2,4604.1
Webcam,Periféricos,2024-01-09,Loja Duque,Duque de Caxias,4,2077.69
Headset,Acessórios,2023-05-12,Loja Petrópolis,Petrópolis,5,22764.5
HD Externo,Armazenamento,2025-03-06,Loja São Gonçalo,São Gonçalo,4,14519.98
Roteador,Redes,2025-06-04,Loja Teresópolis,Teresópolis,5,10593.57
Cadeira Gamer,Móveis,2025-03-19,Loja Duque,Duque de Caxias,1,4569.51
Monitor,Eletrônicos,2023-04-14,Loja São Gonçalo,São Gonçalo,2,2466.27
Mesa Escritório,Móveis,2025-03-11,Loja Norte,Rio de Janeiro,2,5261.4
Roteador,Redes,2023-08-22,Loja Niterói,Niterói,1,1759.4
Mouse,Acessórios,2023-04-04,Loja Barra,Rio de Janeiro,2,4863.33
Teclado,Acessórios,2023-02-27,Loja Barra,Rio de Janeiro,5,4991.95
Headset,Acessórios,2023-04-27,Loja Niterói,Niterói,5,4124.63
Tablet,Eletrônicos,2024-02-05,Loja Norte,Rio de Janeiro,4,6140.52
Notebook,Eletrônicos,2023-12-26,Loja São Gonçalo,São Gonçalo,1,3597.03
Smartwatch,Eletrônicos,2024-07-14,Loja São Gonçalo,São Gonçalo,5,5763.26
Smartwatch,Eletrônicos,2025-12-23,Loja Petrópolis,Petrópolis,5,10052.78
Mouse,Acessórios,2024-11-11,Loja Duque,Duque de Caxias,5,7898.41
Mesa Escritório,Móveis,2024-10-08,Loja Barra,Rio de Janeiro,3,11693.17
Pendrive,Armazenamento,2024-11-27,Loja Norte,Rio de Janeiro,5,24808.61
Notebook,Eletrônicos,2025-07-26,Loja Nova Iguaçu,Nova Iguaçu,3,14795.81
Webcam,Periféricos,2025-01-17,Loja Sul,Rio de Janeiro,2,1536.13
Webcam,Periféricos,2023-02-24,Loja Duque,Duque de Caxias,1,165.72
Tablet,Eletrônicos,2023-10-21,Loja Petrópolis,Petrópolis,2,8710.33
Webcam,Periféricos,2024-10-28,Loja São Gonçalo,São Gonçalo,5,8165.55
Webcam,Periféricos,2023-05-21,Loja Centro,Rio de Janeiro,4,7719.85
Cadeira Gamer,Móveis,2025-04-22,Loja São Gonçalo,São Gonçalo,1,3155.8
Mesa Escritório,Móveis,2024-07-05,Loja Nova Iguaçu,Nova Iguaçu,5,2047.12
Teclado,Acessórios,2024-01-08,Loja São Gonçalo,São Gonçalo,1,3292.13
Cadeira Gamer,Móveis,2024-01-30,Loja Petrópolis,Petrópolis,3,2573.82
Notebook,Eletrônicos,2024-01-31,Loja Duque,Duque de Caxias,5,1973.63
Smartphone,Eletrônicos,2025-03-15,Loja Norte,Rio de Janeiro,4,2507.18
Notebook,Eletrônicos,2024-06-22,Loja Duque,Duque de Caxias,4,1339.03
Smartwatch,Eletrônicos,2024-08-02,Loja Norte,Rio de Janeiro,2,6898.92
Pendrive,Armazenamento,2025-09-12,Loja Nova Iguaçu,Nova Iguaçu,3,1130.78
Roteador,Redes,2024-09-08,Loja Niterói,Niterói,2,5398.87
Pendrive,Armazenamento,2023-10-20,Loja Petrópolis,Petrópolis,1,2928.86
Mouse,Acessórios,2024-10-28,Loja Barra,Rio de Janeiro,5,7224.19
Impressora,Periféricos,2025-03-09,Loja São Gonçalo,São Gonçalo,1,2595.52
Impressora,Periféricos,2023-01-28,Loja Sul,Rio de Janeiro,2,2834.24
Smartphone,Eletrônicos,2025-02-01,Loja São Gonçalo,São Gonçalo,4,3670.3
Tablet,Eletrônicos,2024-09-02,Loja Niterói,Niterói,1,1713.03
Monitor,Eletrônicos,2024-10-16,Loja Barra,Rio de Janeiro,3,6121.52
Teclado,Acessórios,2025-06-08,Loja Nova Iguaçu,Nova Iguaçu,3,2901.77
Smartphone,Eletrônicos,2024-08-31,Loja Sul,Rio de Janeiro,2,5134.19
Roteador,Redes,2025-07-24,Loja Petrópolis,Petrópolis,4,1208.83
Tablet,Eletrônicos,2023-03-12,Loja Petrópolis,Petrópolis,5,1331.57
Teclado,Acessórios,2023-06-26,Loja Niterói,Niterói,3,8096.68
Smartphone,Eletrônicos,2023-09-05,Loja Norte,Rio de Janeiro,1,4984.27
Monitor,Eletrônicos,2023-11-07,Loja Centro,Rio de Janeiro,5,3624.76
Impressora,Periféricos,2023-03-07,Loja Niterói,Niterói,4,4470.13
Smartphone,Eletrônicos,2024-10-19,Loja Norte,Rio de Janeiro,1,4725.59
Smartphone,Eletrônicos,2024-07-09,Loja Norte,Rio de Janeiro,5,24729.58
HD Externo,Armazenamento,2024-05-28,Loja Barra,Rio de Janeiro,5,22169.19
Teclado,Acessórios,2024-11-22,Loja Petrópolis,Petrópolis,2,732.03
Headset,Acessórios,2024-06-07,Loja Norte,Rio de Janeiro,3,14735.52
Roteador,Redes,2023-09-13,Loja Nova Iguaçu,Nova Iguaçu,5,11960.83
Monitor,Eletrônicos,2023-07-14,Loja Niterói,Niterói,1,3799.87
Impressora,Periféricos,2025-03-05,Loja Sul,Rio de Janeiro,2,2483.34
Notebook,Eletrônicos,2023-03-26,Loja São Gonçalo,São Gonçalo,2,4712.9
Headset,Acessórios,2023-08-03,Loja Petrópolis,Petrópolis,1,3622.76
Smartwatch,Eletrônicos,2024-02-14,Loja Nova Iguaçu,Nova Iguaçu,5,20296.14
Smartphone,Eletrônicos,2023-01-03,Loja Petrópolis,Petrópolis,3,6928.84
Smartphone,Eletrônicos,2024-08-08,Loja Nova Iguaçu,Nova Iguaçu,4,763.73
Webcam,Periféricos,2025-07-29,Loja Centro,Rio de Janeiro,5,16565.83
Mesa Escritório,Móveis,2023-10-31,Loja Teresópolis,Teresópolis,3,1028.47
Pendrive,Armazenamento,2024-03-03,Loja Duque,Duque de Caxias,2,8216.46
Smartphone,Eletrônicos,2025-01-12,Loja Norte,Rio de Janeiro,2,8368.94
Impressora,Periféricos,2024-01-06,Loja Petrópolis,Petrópolis,1,4634.85
Roteador,Redes,2024-12-22,Loja São Gonçalo,São Gonçalo,1,966.48
Mesa Escritório,Móveis,2024-03-21,Loja Barra,Rio de Janeiro,4,319.24
Mouse,Acessórios,2023-08-20,Loja Petrópolis,Petrópolis,1,1275.43
Impressora,Periféricos,2024-03-16,Loja Petrópolis,Petrópolis,2,7539.92
Monitor,Eletrônicos,2025-02-02,Loja Barra,Rio de Janeiro,4,7579.99
Smartphone,Eletrônicos,2024-08-03,Loja Teresópolis,Teresópolis,1,3509.82
Smartwatch,Eletrônicos,2024-08-02,Loja Sul,Rio de Janeiro,4,10070.11
HD Externo,Armazenamento,2024-02-10,Loja Nova Iguaçu,Nova Iguaçu,3,8917.99
Mouse,Acessórios,2025-07-13,Loja Centro,Rio de Janeiro,5,22684.57
Mesa Escritório,Móveis,2025-01-21,Loja Norte,Rio de Janeiro,2,6102.03
Roteador,Redes,2024-12-28,Loja Sul,Rio de Janeiro,2,7462.69
Smartwatch,Eletrônicos,2024-03-06,Loja Sul,Rio de Janeiro,1,1595.33
Headset,Acessórios,2025-08-12,Loja Centro,Rio de Janeiro,1,988.47
Headset,Acessórios,2025-10-12,Loja Nova Iguaçu,Nova Iguaçu,3,6258.41
Smartphone,Eletrônicos,2025-12-08,Loja Nova Iguaçu,Nova Iguaçu,4,1116.27
Roteador,Redes,2024-09-13,Loja Barra,Rio de Janeiro,5,20530.1
HD Externo,Armazenamento,2023-03-15,Loja Duque,Duque de Caxias,3,9218.03
Headset,Acessórios,2023-10-23,Loja Niterói,Niterói,2,2398.18
Smartphone,Eletrônicos,2024-01-09,Loja Petrópolis,Petrópolis,1,4804.05
Headset,Acessórios,2023-08-17,Loja Niterói,Niterói,4,13223.6
Webcam,Periféricos,2024-11-01,Loja Niterói,Niterói,1,3558.59
Roteador,Redes,2023-01-08,Loja Duque,Duque de Caxias,4,3930.61
Mesa Escritório,Móveis,2023-06-10,Loja São Gonçalo,São Gonçalo,5,802.49
Monitor,Eletrônicos,2025-07-21,Loja Nova Iguaçu,Nova Iguaçu,4,11798.06
Mouse,Acessórios,2023-06-13,Loja Centro,Rio de Janeiro,4,11414.51
Mesa Escritório,Móveis,2025-08-21,Loja Teresópolis,Teresópolis,4,5105.88
Mouse,Acessórios,2023-08-20,Loja Centro,Rio de Janeiro,4,11387.54
Pendrive,Armazenamento,2024-07-26,Loja Niterói,Niterói,2,720.69
Pendrive,Armazenamento,2023-10-07,Loja Teresópolis,Teresópolis,5,15744.89
Teclado,Acessórios,2023-10-25,Loja Duque,Duque de Caxias,4,6873.43
Monitor,Eletrônicos,2024-06-01,Loja Barra,Rio de Janeiro,2,6777.17
Smartwatch,Eletrônicos,2024-07-06,Loja Petrópolis,Petrópolis,1,4208.62
Tablet,Eletrônicos,2023-03-24,Loja Petrópolis,Petrópolis,2,9160.91
Monitor,Eletrônicos,2023-12-19,Loja Petrópolis,Petrópolis,4,17415.25
Monitor,Eletrônicos,2024-07-04,Loja São Gonçalo,São Gonçalo,4,11392.79
Mouse,Acessórios,2025-01-08,Loja Norte,Rio de Janeiro,5,12011.65
Headset,Acessórios,2025-02-23,Loja Norte,Rio de Janeiro,3,7917.56
Mouse,Acessórios,2025-02-06,Loja Barra,Rio de Janeiro,3,9619.15
Cadeira Gamer,Móveis,2023-08-10,Loja Duque,Duque de Caxias,5,18332.14
Notebook,Eletrônicos,2023-08-09,Loja Barra,Rio de Janeiro,5,23797.49
Notebook,Eletrônicos,2025-05-26,Loja Sul,Rio de Janeiro,5,22546.78
Webcam,Periféricos,2023-07-12,Loja Centro,Rio de Janeiro,1,140.83
Notebook,Eletrônicos,2025-11-25,Loja Petrópolis,Petrópolis,1,654.87
Monitor,Eletrônicos,2023-10-14,Loja Duque,Duque de Caxias,5,12255.05
Headset,Acessórios,2025-12-20,Loja Teresópolis,Teresópolis,4,6126.86
HD Externo,Armazenamento,2024-06-18,Loja Petrópolis,Petrópolis,4,17625.24
Monitor,Eletrônicos,2023-10-14,Loja Norte,Rio de Janeiro,3,8236.54
Smartwatch,Eletrônicos,2024-02-16,Loja Barra,Rio de Janeiro,2,4807.29
Cadeira Gamer,Móveis,2023-06-07,Loja Niterói,Niterói,1,2507.06
HD Externo,Armazenamento,2025-11-18,Loja Norte,Rio de Janeiro,2,8711.26
Cadeira Gamer,Móveis,2025-03-18,Loja Norte,Rio de Janeiro,3,3961.81
Pendrive,Armazenamento,2023-02-22,Loja Barra,Rio de Janeiro,3,3420.95
Headset,Acessórios,2023-01-01,Loja Petrópolis,Petrópolis,5,16573.12
Smartphone,Eletrônicos,2024-01-08,Loja Centro,Rio de Janeiro,2,9132.53
Mouse,Acessórios,2023-05-20,Loja Teresópolis,Teresópolis,2,3511.38
Smartwatch,Eletrônicos,2023-12-26,Loja Petrópolis,Petrópolis,3,14727.33
Roteador,Redes,2023-11-30,Loja Norte,Rio de Janeiro,5,8128.55
HD Externo,Armazenamento,2025-02-23,Loja Teresópolis,Teresópolis,1,737.67
Monitor,Eletrônicos,2023-01-22,Loja Centro,Rio de Janeiro,5,21219.64
Mesa Escritório,Móveis,2025-08-09,Loja Niterói,Niterói,1,4770.19
HD Externo,Armazenamento,2024-09-02,Loja Norte,Rio de Janeiro,2,9523.65
Roteador,Redes,2024-07-01,Loja Centro,Rio de Janeiro,3,13365.44
Mesa Escritório,Móveis,2023-12-23,Loja Niterói,Niterói,3,4112.3
Webcam,Periféricos,2023-09-10,Loja Nova Iguaçu,Nova Iguaçu,5,17488.34
Smartphone,Eletrônicos,2025-01-06,Loja Nova Iguaçu,Nova Iguaçu,4,13891.29
Headset,Acessórios,2024-11-15,Loja São Gonçalo,São Gonçalo,3,12476.59
Pendrive,Armazenamento,2023-02-26,Loja Barra,Rio de Janeiro,2,4874.31
Cadeira Gamer,Móveis,2023-12-09,Loja Nova Iguaçu,Nova Iguaçu,4,12988.89
Mouse,Acessórios,2025-04-28,Loja Niterói,Niterói,5,19217.06
Smartphone,Eletrônicos,2023-09-08,Loja São Gonçalo,São Gonçalo,2,2159.24
Monitor,Eletrônicos,2023-03-28,Loja Sul,Rio de Janeiro,2,4005.33
Smartwatch,Eletrônicos,2023-06-05,Loja Teresópolis,Teresópolis,5,21702.87
Smartphone,Eletrônicos,2025-04-30,Loja Niterói,Niterói,4,19769.89
Tablet,Eletrônicos,2023-02-04,Loja Norte,Rio de Janeiro,4,16426.09
Pendrive,Armazenamento,2023-10-24,Loja Barra,Rio de Janeiro,3,5121.28
Webcam,Periféricos,2023-02-08,Loja Teresópolis,Teresópolis,1,1359.03
Cadeira Gamer,Móveis,2023-08-28,Loja Niterói,Niterói,2,2879.68
Teclado,Acessórios,2024-05-01,Loja Niterói,Niterói,5,21336.68
Pendrive,Armazenamento,2025-01-05,Loja Centro,Rio de Janeiro,2,1834.46
Cadeira Gamer,Móveis,2025-06-17,Loja Nova Iguaçu,Nova Iguaçu,3,1536.84
Impressora,Periféricos,2023-07-28,Loja Duque,Duque de Caxias,5,21616.83
Roteador,Redes,2025-05-12,Loja Norte,Rio de Janeiro,2,629.63
Headset,Acessórios,2024-07-25,Loja Duque,Duque de Caxias,1,403.68
HD Externo,Armazenamento,2023-04-08,Loja Petrópolis,Petrópolis,2,8536.18
Tablet,Eletrônicos,2023-10-01,Loja São Gonçalo,São Gonçalo,5,19843.48
Monitor,Eletrônicos,2023-09-25,Loja Sul,Rio de Janeiro,4,1318.92
Mesa Escritório,Móveis,2023-06-27,Loja São Gonçalo,São Gonçalo,4,17930.42
HD Externo,Armazenamento,2024-04-30,Loja Nova Iguaçu,Nova Iguaçu,4,10778.78
Impressora,Periféricos,2023-03-16,Loja Teresópolis,Teresópolis,2,846.3
Mesa Escritório,Móveis,2024-04-30,Loja Barra,Rio de Janeiro,4,14959.52
Smartwatch,Eletrônicos,2024-02-11,Loja Petrópolis,Petrópolis,5,21782.29
Cadeira Gamer,Móveis,2024-07-02,Loja Teresópolis,Teresópolis,1,1507.84
Pendrive,Armazenamento,2024-04-15,Loja Sul,Rio de Janeiro,4,1119.94
Smartwatch,Eletrônicos,2023-04-13,Loja Sul,Rio de Janeiro,3,3030.93
Mesa Escritório,Móveis,2024-11-22,Loja Petrópolis,Petrópolis,4,12745.92
HD Externo,Armazenamento,2025-11-24,Loja Petrópolis,Petrópolis,5,13202.36
Mesa Escritório,Móveis,2025-05-05,Loja Teresópolis,Teresópolis,3,6457.0
Mouse,Acessórios,2025-02-25,Loja Nova Iguaçu,Nova Iguaçu,1,380.89
Mesa Escritório,Móveis,2023-10-18,Loja Petrópolis,Petrópolis,2,8816.82
Webcam,Periféricos,2025-11-21,Loja São Gonçalo,São Gonçalo,2,9167.95
Notebook,Eletrônicos,2023-10-20,Loja Nova Iguaçu,Nova Iguaçu,5,24603.35
Mesa Escritório,Móveis,2025-03-14,Loja Niterói,Niterói,5,18096.36
Smartphone,Eletrônicos,2024-07-31,Loja São Gonçalo,São Gonçalo,4,13009.15
Notebook,Eletrônicos,2023-01-14,Loja Barra,Rio de Janeiro,2,3267.04
Pendrive,Armazenamento,2025-04-05,Loja Duque,Duque de Caxias,5,13904.35
Tablet,Eletrônicos,2025-01-23,Loja Teresópolis,Teresópolis,1,4533.91
Smartwatch,Eletrônicos,2023-07-28,Loja Petrópolis,Petrópolis,3,10661.71
Pendrive,Armazenamento,2023-08-13,Loja Barra,Rio de Janeiro,1,452.89
Roteador,Redes,2024-03-31,Loja Barra,Rio de Janeiro,5,17707.05
HD Externo,Armazenamento,2023-08-13,Loja Petrópolis,Petrópolis,1,2576.28
Notebook,Eletrônicos,2024-12-29,Loja Duque,Duque de Caxias,4,2490.12
Roteador,Redes,2025-10-04,Loja Petrópolis,Petrópolis,1,4990.89
Teclado,Acessórios,2025-02-10,Loja Niterói,Niterói,3,11364.5
HD Externo,Armazenamento,2023-10-08,Loja São Gonçalo,São Gonçalo,4,15094.71
Roteador,Redes,2023-12-14,Loja Nova Iguaçu,Nova Iguaçu,5,11432.37
Headset,Acessórios,2025-12-06,Loja Norte,Rio de Janeiro,1,4236.34
Mouse,Acessórios,2023-03-28,Loja Nova Iguaçu,Nova Iguaçu,3,7474.24
Pendrive,Armazenamento,2025-07-04,Loja Petrópolis,Petrópolis,3,10856.04
Mouse,Acessórios,2024-02-25,Loja Nova Iguaçu,Nova Iguaçu,5,7398.18
Webcam,Periféricos,2023-11-12,Loja Barra,Rio de Janeiro,3,14841.92
Teclado,Acessórios,2024-10-23,Loja Centro,Rio de Janeiro,1,2759.28
Teclado,Acessórios,2025-12-03,Loja Duque,Duque de Caxias,4,2277.7
Webcam,Periféricos,2023-03-27,Loja Niterói,Niterói,5,21451.22
Notebook,Eletrônicos,2023-05-10,Loja Barra,Rio de Janeiro,2,1122.43
Teclado,Acessórios,2025-07-25,Loja Centro,Rio de Janeiro,1,3767.77
Cadeira Gamer,Móveis,2023-12-04,Loja São Gonçalo,São Gonçalo,1,1036.3
HD Externo,Armazenamento,2024-10-18,Loja Niterói,Niterói,5,9280.47
Impressora,Periféricos,2023-07-28,Loja Teresópolis,Teresópolis,1,266.73
Impressora,Periféricos,2025-02-04,Loja Nova Iguaçu,Nova Iguaçu,1,3884.84
Pendrive,Armazenamento,2025-09-12,Loja Barra,Rio de Janeiro,4,7263.28
HD Externo,Armazenamento,2024-09-20,Loja Centro,Rio de Janeiro,4,12750.07
Roteador,Redes,2024-04-10,Loja Niterói,Niterói,4,3812.05
Monitor,Eletrônicos,2025-03-04,Loja Petrópolis,Petrópolis,4,4722.97
Notebook,Eletrônicos,2023-10-08,Loja Barra,Rio de Janeiro,4,11895.59
Teclado,Acessórios,2025-12-21,Loja Duque,Duque de Caxias,1,651.98
Headset,Acessórios,2024-09-30,Loja Centro,Rio de Janeiro,4,568.83
Smartphone,Eletrônicos,2025-08-17,Loja Norte,Rio de Janeiro,5,10497.19
Tablet,Eletrônicos,2023-11-15,Loja Niterói,Niterói,5,11767.15
Smartphone,Eletrônicos,2023-10-31,Loja Centro,Rio de Janeiro,1,563.16
Smartphone,Eletrônicos,2025-11-25,Loja Teresópolis,Teresópolis,3,2339.09
Pendrive,Armazenamento,2025-07-28,Loja Teresópolis,Teresópolis,4,7553.75
Mesa Escritório,Móveis,2024-12-24,Loja Niterói,Niterói,4,11462.25
HD Externo,Armazenamento,2023-05-20,Loja Norte,Rio de Janeiro,4,455.5
HD Externo,Armazenamento,2025-03-09,Loja Teresópolis,Teresópolis,3,7920.18
Notebook,Eletrônicos,2023-04-10,Loja Centro,Rio de Janeiro,4,6571.06
Headset,Acessórios,2024-12-06,Loja São Gonçalo,São Gonçalo,2,9996.6
Headset,Acessórios,2024-02-23,Loja Duque,Duque de Caxias,4,13923.6
Teclado,Acessórios,2025-04-30,Loja Barra,Rio de Janeiro,1,1149.84
Mouse,Acessórios,2024-05-07,Loja São Gonçalo,São Gonçalo,3,11656.67
Roteador,Redes,2023-06-16,Loja Barra,Rio de Janeiro,4,1364.33
Teclado,Acessórios,2024-08-06,Loja Niterói,Niterói,1,4506.68
Smartwatch,Eletrônicos,2025-09-13,Loja Sul,Rio de Janeiro,4,5707.84
HD Externo,Armazenamento,2025-12-03,Loja Niterói,Niterói,2,5204.85
Roteador,Redes,2024-10-07,Loja Duque,Duque de Caxias,2,5141.37
Teclado,Acessórios,2025-02-07,Loja Nova Iguaçu,Nova Iguaçu,4,5332.02
Webcam,Periféricos,2024-04-12,Loja Niterói,Niterói,4,2134.52
Roteador,Redes,2024-09-16,Loja Niterói,Niterói,4,14859.8
Tablet,Eletrônicos,2023-04-14,Loja Centro,Rio de Janeiro,4,13164.3
Tablet,Eletrônicos,2025-01-12,Loja Sul,Rio de Janeiro,5,4717.55
Headset,Acessórios,2024-11-18,Loja Niterói,Niterói,2,9839.25
Cadeira Gamer,Móveis,2025-02-26,Loja Nova Iguaçu,Nova Iguaçu,5,3608.92
Smartwatch,Eletrônicos,2024-03-19,Loja Norte,Rio de Janeiro,1,4221.47
Teclado,Acessórios,2025-02-05,Loja Niterói,Niterói,3,10478.33
Webcam,Periféricos,2025-07-02,Loja Nova Iguaçu,Nova Iguaçu,4,5014.72
Tablet,Eletrônicos,2023-08-29,Loja Barra,Rio de Janeiro,5,14453.57
Pendrive,Armazenamento,2025-05-04,Loja Sul,Rio de Janeiro,1,2223.55
Smartwatch,Eletrônicos,2024-07-14,Loja Norte,Rio de Janeiro,1,3762.67
Mouse,Acessórios,2024-03-04,Loja Duque,Duque de Caxias,1,3988.95
Headset,Acessórios,2024-04-26,Loja Teresópolis,Teresópolis,3,14631.18
Smartwatch,Eletrônicos,2025-06-14,Loja Centro,Rio de Janeiro,3,13713.34
Pendrive,Armazenamento,2024-05-23,Loja São Gonçalo,São Gonçalo,1,1171.32
Webcam,Periféricos,2024-06-08,Loja Niterói,Niterói,2,7738.54
Pendrive,Armazenamento,2024-10-21,Loja Barra,Rio de Janeiro,2,3786.55
Webcam,Periféricos,2023-06-09,Loja Petrópolis,Petrópolis,1,4290.98
Monitor,Eletrônicos,2024-10-31,Loja Centro,Rio de Janeiro,1,3456.04
Monitor,Eletrônicos,2025-08-09,Loja Teresópolis,Teresópolis,5,24640.67
Mesa Escritório,Móveis,2025-03-01,Loja Norte,Rio de Janeiro,2,6341.22
Impressora,Periféricos,2024-12-26,Loja Sul,Rio de Janeiro,4,12735.53
Notebook,Eletrônicos,2024-09-24,Loja Petrópolis,Petrópolis,1,3522.17
Roteador,Redes,2025-10-04,Loja Teresópolis,Teresópolis,2,6459.36
HD Externo,Armazenamento,2024-05-15,Loja Petrópolis,Petrópolis,3,14300.38
Smartwatch,Eletrônicos,2024-05-01,Loja Sul,Rio de Janeiro,4,5292.56
Mouse,Acessórios,2024-09-12,Loja Centro,Rio de Janeiro,5,10998.72
Notebook,Eletrônicos,2023-12-17,Loja Sul,Rio de Janeiro,2,3884.74
Pendrive,Armazenamento,2023-01-28,Loja Duque,Duque de Caxias,3,12602.28
Smartwatch,Eletrônicos,2025-05-25,Loja Teresópolis,Teresópolis,3,11504.84
Roteador,Redes,2024-03-28,Loja Teresópolis,Teresópolis,1,3979.83
Smartphone,Eletrônicos,2025-06-01,Loja Niterói,Niterói,4,12963.91
Teclado,Acessórios,2024-02-27,Loja Barra,Rio de Janeiro,4,19618.71
Cadeira Gamer,Móveis,2024-07-02,Loja Sul,Rio de Janeiro,4,942.22
Cadeira Gamer,Móveis,2025-01-31,Loja Niterói,Niterói,2,7992.35
Mesa Escritório,Móveis,2023-10-06,Loja Centro,Rio de Janeiro,3,4186.14
Pendrive,Armazenamento,2023-10-21,Loja Petrópolis,Petrópolis,3,1587.66
Cadeira Gamer,Móveis,2023-12-22,Loja Sul,Rio de Janeiro,2,8488.43
Tablet,Eletrônicos,2025-12-29,Loja Centro,Rio de Janeiro,2,5265.72
Pendrive,Armazenamento,2025-06-27,Loja Centro,Rio de Janeiro,2,5800.23
Headset,Acessórios,2023-03-07,Loja Duque,Duque de Caxias,5,18258.78
Smartwatch,Eletrônicos,2024-02-28,Loja Teresópolis,Teresópolis,4,3424.08
Smartphone,Eletrônicos,2025-08-11,Loja Centro,Rio de Janeiro,4,15273.03
Tablet,Eletrônicos,2025-06-10,Loja Duque,Duque de Caxias,2,4641.37
Mesa Escritório,Móveis,2024-04-06,Loja Barra,Rio de Janeiro,1,828.45
Monitor,Eletrônicos,2024-01-15,Loja São Gonçalo,São Gonçalo,1,1864.31
Webcam,Periféricos,2025-09-04,Loja Niterói,Niterói,3,6930.76
Impressora,Periféricos,2023-11-25,Loja Barra,Rio de Janeiro,4,17235.0
Impressora,Periféricos,2024-05-12,Loja Norte,Rio de Janeiro,5,8329.62
Headset,Acessórios,2024-08-12,Loja Niterói,Niterói,3,9381.69
Mesa Escritório,Móveis,2023-02-24,Loja Barra,Rio de Janeiro,4,8577.13
Notebook,Eletrônicos,2024-07-26,Loja Petrópolis,Petrópolis,3,5032.59
Roteador,Redes,2023-08-13,Loja Centro,Rio de Janeiro,5,23059.18
Impressora,Periféricos,2025-12-07,Loja Teresópolis,Teresópolis,1,4681.06
Monitor,Eletrônicos,2025-10-03,Loja Barra,Rio de Janeiro,2,5955.95
Roteador,Redes,2024-03-20,Loja Sul,Rio de Janeiro,2,3199.37
Teclado,Acessórios,2023-06-06,Loja São Gonçalo,São Gonçalo,3,6976.71
Tablet,Eletrônicos,2025-03-08,Loja Duque,Duque de Caxias,3,13478.74
Webcam,Periféricos,2023-12-23,Loja Centro,Rio de Janeiro,5,17892.78
Mouse,Acessórios,2024-04-16,Loja Nova Iguaçu,Nova Iguaçu,4,16090.36
Smartphone,Eletrônicos,2024-08-30,Loja Sul,Rio de Janeiro,2,8993.39
Mesa Escritório,Móveis,2024-09-05,Loja São Gonçalo,São Gonçalo,1,4194.02
HD Externo,Armazenamento,2025-08-22,Loja São Gonçalo,São Gonçalo,1,2817.73
Cadeira Gamer,Móveis,2023-12-15,Loja Barra,Rio de Janeiro,4,8838.85
Headset,Acessórios,2025-06-03,Loja Nova Iguaçu,Nova Iguaçu,2,964.67
Cadeira Gamer,Móveis,2025-05-19,Loja Sul,Rio de Janeiro,3,4677.29
Headset,Acessórios,2024-07-31,Loja Norte,Rio de Janeiro,2,1328.03
Mesa Escritório,Móveis,2025-03-18,Loja Sul,Rio de Janeiro,5,10590.15
Tablet,Eletrônicos,2025-11-08,Loja Duque,Duque de Caxias,1,1778.32
Cadeira Gamer,Móveis,2023-10-21,Loja Norte,Rio de Janeiro,5,19439.39
Teclado,Acessórios,2023-12-10,Loja Barra,Rio de Janeiro,5,17984.59
Mouse,Acessórios,2025-01-06,Loja Petrópolis,Petrópolis,4,19948.17
Headset,Acessórios,2023-04-19,Loja Niterói,Niterói,2,7010.95
HD Externo,Armazenamento,2025-04-01,Loja Norte,Rio de Janeiro,5,7864.27
Headset,Acessórios,2025-07-21,Loja Teresópolis,Teresópolis,5,4084.51
Mouse,Acessórios,2024-04-11,Loja Sul,Rio de Janeiro,1,1027.06
Roteador,Redes,2025-02-18,Loja Teresópolis,Teresópolis,2,3473.32
Mouse,Acessórios,2025-08-18,Loja Duque,Duque de Caxias,1,890.49
Roteador,Redes,2024-06-10,Loja Teresópolis,Teresópolis,1,4234.29
Mesa Escritório,Móveis,2025-01-14,Loja Niterói,Niterói,5,23077.5
Smartphone,Eletrônicos,2024-09-28,Loja Petrópolis,Petrópolis,5,9891.3
Mesa Escritório,Móveis,2023-09-06,Loja Teresópolis,Teresópolis,1,623.87
Smartwatch,Eletrônicos,2024-04-17,Loja Centro,Rio de Janeiro,1,3075.71
Smartwatch,Eletrônicos,2024-06-21,Loja Nova Iguaçu,Nova Iguaçu,2,658.5
Roteador,Redes,2024-06-23,Loja Sul,Rio de Janeiro,5,14556.49
HD Externo,Armazenamento,2024-04-28,Loja Niterói,Niterói,5,3660.54
Headset,Acessórios,2025-02-12,Loja Duque,Duque de Caxias,4,18894.19
Notebook,Eletrônicos,2023-03-21,Loja Petrópolis,Petrópolis,2,7086.85
Mouse,Acessórios,2024-06-12,Loja Barra,Rio de Janeiro,4,12698.67
Pendrive,Armazenamento,2023-11-13,Loja São Gonçalo,São Gonçalo,4,7423.46
Roteador,Redes,2023-12-10,Loja Norte,Rio de Janeiro,3,814.57
Impressora,Periféricos,2025-11-10,Loja Niterói,Niterói,4,4234.93
Cadeira Gamer,Móveis,2025-05-26,Loja Barra,Rio de Janeiro,2,5451.19
Smartphone,Eletrônicos,2025-12-17,Loja Centro,Rio de Janeiro,1,3937.07
HD Externo,Armazenamento,2025-10-08,Loja Barra,Rio de Janeiro,3,9295.27
Notebook,Eletrônicos,2023-05-13,Loja Sul,Rio de Janeiro,1,2921.32
Mouse,Acessórios,2023-07-23,Loja Niterói,Niterói,2,3908.24
Notebook,Eletrônicos,2023-03-04,Loja Niterói,Niterói,4,11830.25
Monitor,Eletrônicos,2025-12-22,Loja Teresópolis,Teresópolis,1,3271.45
Notebook,Eletrônicos,2024-08-22,Loja Barra,Rio de Janeiro,2,9340.77
HD Externo,Armazenamento,2025-03-24,Loja Petrópolis,Petrópolis,1,4985.71
Smartwatch,Eletrônicos,2025-02-03,Loja Nova Iguaçu,Nova Iguaçu,1,2108.38
Headset,Acessórios,2025-12-17,Loja Centro,Rio de Janeiro,5,21044.36
HD Externo,Armazenamento,2024-07-31,Loja Barra,Rio de Janeiro,4,17126.58
Roteador,Redes,2025-07-16,Loja Barra,Rio de Janeiro,4,5247.55
Notebook,Eletrônicos,2025-11-08,Loja Petrópolis,Petrópolis,3,11301.95
Impressora,Periféricos,2023-09-18,Loja Nova Iguaçu,Nova Iguaçu,3,5039.91
Pendrive,Armazenamento,2025-10-18,Loja São Gonçalo,São Gonçalo,3,3693.57
Tablet,Eletrônicos,2025-04-12,Loja Teresópolis,Teresópolis,1,3249.79
Cadeira Gamer,Móveis,2025-04-19,Loja Niterói,Niterói,5,12972.8
Impressora,Periféricos,2025-01-26,Loja Barra,Rio de Janeiro,5,20276.83
Impressora,Periféricos,2025-04-10,Loja Norte,Rio de Janeiro,1,1016.67
Mesa Escritório,Móveis,2023-05-14,Loja Centro,Rio de Janeiro,5,15474.3
Teclado,Acessórios,2024-12-17,Loja Duque,Duque de Caxias,3,13516.44
Headset,Acessórios,2023-07-26,Loja Petrópolis,Petrópolis,5,10478.51
Notebook,Eletrônicos,2025-10-09,Loja São Gonçalo,São Gonçalo,2,3961.47
Smartwatch,Eletrônicos,2024-01-14,Loja Centro,Rio de Janeiro,2,506.77
Webcam,Periféricos,2023-04-01,Loja Niterói,Niterói,4,5364.55
Monitor,Eletrônicos,2024-06-17,Loja Petrópolis,Petrópolis,2,7668.71
Cadeira Gamer,Móveis,2024-01-18,Loja Teresópolis,Teresópolis,1,4548.35
Notebook,Eletrônicos,2024-02-28,Loja Teresópolis,Teresópolis,2,4562.17
Smartphone,Eletrônicos,2023-08-13,Loja Teresópolis,Teresópolis,1,3908.0
Tablet,Eletrônicos,2025-06-12,Loja Centro,Rio de Janeiro,1,3581.42
Webcam,Periféricos,2024-05-23,Loja Duque,Duque de Caxias,1,248.67
Mouse,Acessórios,2025-08-16,Loja Norte,Rio de Janeiro,4,7407.42
Roteador,Redes,2024-09-29,Loja Barra,Rio de Janeiro,3,13151.89
Mouse,Acessórios,2023-02-16,Loja Sul,Rio de Janeiro,4,8912.82
Cadeira Gamer,Móveis,2025-04-16,Loja Duque,Duque de Caxias,2,2052.3
Notebook,Eletrônicos,2025-03-06,Loja Sul,Rio de Janeiro,1,697.76
Notebook,Eletrônicos,2023-12-08,Loja Niterói,Niterói,4,17158.35
Headset,Acessórios,2024-12-25,Loja Sul,Rio de Janeiro,1,95.81
Headset,Acessórios,2025-03-21,Loja São Gonçalo,São Gonçalo,3,844.39
Webcam,Periféricos,2024-01-24,Loja Sul,Rio de Janeiro,5,3423.17
Mouse,Acessórios,2025-01-26,Loja Sul,Rio de Janeiro,4,1743.89
Cadeira Gamer,Móveis,2024-04-25,Loja Duque,Duque de Caxias,5,12768.39
Monitor,Eletrônicos,2023-06-21,Loja Duque,Duque de Caxias,2,4522.01
Pendrive,Armazenamento,2023-10-08,Loja Sul,Rio de Janeiro,4,2329.04
Tablet,Eletrônicos,2024-02-22,Loja Sul,Rio de Janeiro,4,12951.09
Mouse,Acessórios,2025-04-11,Loja Petrópolis,Petrópolis,3,7220.01
Mesa Escritório,Móveis,2025-02-15,Loja Teresópolis,Teresópolis,4,1253.07
Webcam,Periféricos,2024-02-29,Loja Nova Iguaçu,Nova Iguaçu,1,4980.77
Teclado,Acessórios,2025-01-01,Loja Centro,Rio de Janeiro,2,7055.75
Mouse,Acessórios,2025-09-10,Loja Petrópolis,Petrópolis,1,3496.3
Smartphone,Eletrônicos,2023-04-09,Loja Sul,Rio de Janeiro,4,4705.22
Smartwatch,Eletrônicos,2023-10-30,Loja Teresópolis,Teresópolis,4,14089.77
Tablet,Eletrônicos,2024-09-30,Loja Nova Iguaçu,Nova Iguaçu,1,2834.25
Notebook,Eletrônicos,2025-06-02,Loja Duque,Duque de Caxias,5,793.05
Mouse,Acessórios,2023-09-16,Loja Niterói,Niterói,2,6516.29
Roteador,Redes,2023-08-21,Loja Niterói,Niterói,1,4252.05
Teclado,Acessórios,2024-03-26,Loja Barra,Rio de Janeiro,3,8735.95
Roteador,Redes,2025-05-27,Loja Niterói,Niterói,5,19940.49
Pendrive,Armazenamento,2023-08-14,Loja Nova Iguaçu,Nova Iguaçu,3,9799.86
Smartwatch,Eletrônicos,2024-08-05,Loja São Gonçalo,São Gonçalo,3,13767.81
Impressora,Periféricos,2023-04-27,Loja São Gonçalo,São Gonçalo,4,15002.05
Pendrive,Armazenamento,2025-07-28,Loja Duque,Duque de Caxias,1,4879.48
Teclado,Acessórios,2023-06-21,Loja Teresópolis,Teresópolis,2,1754.65
Notebook,Eletrônicos,2024-05-13,Loja Niterói,Niterói,1,3346.53
Smartwatch,Eletrônicos,2025-06-26,Loja Petrópolis,Petrópolis,2,3117.65
Webcam,Periféricos,2023-11-26,Loja Teresópolis,Teresópolis,2,9830.76
Headset,Acessórios,2025-09-29,Loja Nova Iguaçu,Nova Iguaçu,2,7879.7
Pendrive,Armazenamento,2023-11-18,Loja Duque,Duque de Caxias,3,1746.36
Roteador,Redes,2023-10-02,Loja Duque,Duque de Caxias,5,2056.32
Notebook,Eletrônicos,2025-07-04,Loja São Gonçalo,São Gonçalo,1,3286.91
Teclado,Acessórios,2025-07-16,Loja Teresópolis,Teresópolis,3,9220.15
Roteador,Redes,2024-05-09,Loja Duque,Duque de Caxias,4,14069.42
Roteador,Redes,2025-07-27,Loja São Gonçalo,São Gonçalo,1,1582.81
Roteador,Redes,2023-09-01,Loja Petrópolis,Petrópolis,5,19983.17
Smartwatch,Eletrônicos,2024-06-14,Loja Niterói,Niterói,2,7456.45
Monitor,Eletrônicos,2024-09-02,Loja Petrópolis,Petrópolis,2,8741.59
Mouse,Acessórios,2025-03-16,Loja Barra,Rio de Janeiro,5,23684.26
Teclado,Acessórios,2025-05-30,Loja Sul,Rio de Janeiro,5,23114.33
Mouse,Acessórios,2024-05-24,Loja São Gonçalo,São Gonçalo,4,5934.99
Roteador,Redes,2025-02-17,Loja Nova Iguaçu,Nova Iguaçu,4,10937.34
Pendrive,Armazenamento,2024-02-25,Loja Niterói,Niterói,4,6571.58
Smartphone,Eletrônicos,2024-08-01,Loja Sul,Rio de Janeiro,3,3634.58
Smartphone,Eletrônicos,2023-05-05,Loja Barra,Rio de Janeiro,1,3362.02
Mesa Escritório,Móveis,2025-06-12,Loja Sul,Rio de Janeiro,3,3582.81
HD Externo,Armazenamento,2024-02-16,Loja Niterói,Niterói,2,1898.25
Headset,Acessórios,2025-12-24,Loja Nova Iguaçu,Nova Iguaçu,2,1187.67
Smartphone,Eletrônicos,2023-01-26,Loja Teresópolis,Teresópolis,5,5704.64
Mesa Escritório,Móveis,2024-01-15,Loja Niterói,Niterói,5,2143.12
Pendrive,Armazenamento,2023-07-28,Loja Barra,Rio de Janeiro,5,24963.5
Smartphone,Eletrônicos,2023-01-25,Loja Nova Iguaçu,Nova Iguaçu,2,5584.62
Smartphone,Eletrônicos,2023-08-10,Loja Teresópolis,Teresópolis,5,14283.87
Smartwatch,Eletrônicos,2023-08-06,Loja Sul,Rio de Janeiro,4,13903.88
Webcam,Periféricos,2024-07-05,Loja Petrópolis,Petrópolis,3,8941.49
Mouse,Acessórios,2024-04-04,Loja Niterói,Niterói,1,1403.0
Webcam,Periféricos,2024-11-10,Loja Teresópolis,Teresópolis,1,2518.65
Teclado,Acessórios,2024-01-14,Loja Duque,Duque de Caxias,5,24199.09
Smartwatch,Eletrônicos,2024-03-26,Loja Centro,Rio de Janeiro,3,3285.73
Cadeira Gamer,Móveis,2025-12-10,Loja Duque,Duque de Caxias,1,3601.86
HD Externo,Armazenamento,2025-06-11,Loja Teresópolis,Teresópolis,5,23515.23
Notebook,Eletrônicos,2024-09-17,Loja Teresópolis,Teresópolis,3,3939.06
Teclado,Acessórios,2024-12-04,Loja Sul,Rio de Janeiro,3,3256.07
Pendrive,Armazenamento,2025-04-21,Loja Niterói,Niterói,5,5780.48
Teclado,Acessórios,2023-06-12,Loja Sul,Rio de Janeiro,2,5768.05
Monitor,Eletrônicos,2023-02-03,Loja Norte,Rio de Janeiro,3,11585.84
Tablet,Eletrônicos,2024-12-21,Loja Norte,Rio de Janeiro,5,10257.07
Headset,Acessórios,2025-09-30,Loja Sul,Rio de Janeiro,5,7163.44
Tablet,Eletrônicos,2025-12-23,Loja Centro,Rio de Janeiro,4,7814.4
Headset,Acessórios,2023-04-29,Loja Niterói,Niterói,1,1759.97
Smartphone,Eletrônicos,2024-02-28,Loja Nova Iguaçu,Nova Iguaçu,3,12194.52
Smartphone,Eletrônicos,2023-11-10,Loja São Gonçalo,São Gonçalo,1,3882.01
Mesa Escritório,Móveis,2025-12-22,Loja Norte,Rio de Janeiro,5,22412.02
Impressora,Periféricos,2023-08-21,Loja Teresópolis,Teresópolis,1,3590.45
Tablet,Eletrônicos,2025-01-13,Loja Niterói,Niterói,3,8868.6
Smartphone,Eletrônicos,2024-08-02,Loja Duque,Duque de Caxias,1,4010.33
Impressora,Periféricos,2025-09-10,Loja São Gonçalo,São Gonçalo,1,1263.34
Smartwatch,Eletrônicos,2023-02-23,Loja Barra,Rio de Janeiro,1,1972.89
Impressora,Periféricos,2025-11-18,Loja São Gonçalo,São Gonçalo,2,257.16
Smartphone,Eletrônicos,2023-04-11,Loja São Gonçalo,São Gonçalo,2,5929.49
Impressora,Periféricos,2025-02-28,Loja Sul,Rio de Janeiro,4,14826.88
Mesa Escritório,Móveis,2024-05-17,Loja Nova Iguaçu,Nova Iguaçu,5,19941.03
Roteador,Redes,2023-09-30,Loja Nova Iguaçu,Nova Iguaçu,2,4239.27
Mesa Escritório,Móveis,2023-09-18,Loja Duque,Duque de Caxias,1,1263.48
Smartwatch,Eletrônicos,2023-04-03,Loja São Gonçalo,São Gonçalo,3,14236.1
Teclado,Acessórios,2023-06-16,Loja Niterói,Niterói,4,19738.44
Pendrive,Armazenamento,2024-10-18,Loja Teresópolis,Teresópolis,5,23807.98
Cadeira Gamer,Móveis,2025-08-30,Loja Duque,Duque de Caxias,2,4192.3
Cadeira Gamer,Móveis,2023-07-11,Loja Teresópolis,Teresópolis,3,7678.03
Pendrive,Armazenamento,2024-09-26,Loja Norte,Rio de Janeiro,5,24054.34
Webcam,Periféricos,2025-11-03,Loja Nova Iguaçu,Nova Iguaçu,5,823.89
Monitor,Eletrônicos,2025-02-03,Loja Teresópolis,Teresópolis,5,11311.72
Smartwatch,Eletrônicos,2023-05-29,Loja Sul,Rio de Janeiro,2,1115.23
Monitor,Eletrônicos,2025-02-12,Loja Barra,Rio de Janeiro,2,2692.03
Webcam,Periféricos,2024-03-20,Loja São Gonçalo,São Gonçalo,1,1054.71
Smartphone,Eletrônicos,2024-01-04,Loja Centro,Rio de Janeiro,4,17360.79
Monitor,Eletrônicos,2023-09-12,Loja Duque,Duque de Caxias,3,6860.46
Webcam,Periféricos,2025-01-23,Loja Barra,Rio de Janeiro,1,4296.94
Cadeira Gamer,Móveis,2025-07-24,Loja Sul,Rio de Janeiro,5,13689.85
Smartwatch,Eletrônicos,2023-05-12,Loja Niterói,Niterói,3,1553.75
Webcam,Periféricos,2024-12-17,Loja Niterói,Niterói,3,9853.86
Mouse,Acessórios,2024-03-10,Loja Centro,Rio de Janeiro,2,1678.47
Mouse,Acessórios,2023-05-07,Loja Nova Iguaçu,Nova Iguaçu,1,795.47
Notebook,Eletrônicos,2024-04-17,Loja Centro,Rio de Janeiro,1,2798.63
Cadeira Gamer,Móveis,2023-07-15,Loja Petrópolis,Petrópolis,1,2017.3
Roteador,Redes,2023-12-07,Loja São Gonçalo,São Gonçalo,1,565.42
Cadeira Gamer,Móveis,2025-04-15,Loja Niterói,Niterói,2,1706.97
Cadeira Gamer,Móveis,2025-08-02,Loja Sul,Rio de Janeiro,2,1057.66
Headset,Acessórios,2024-02-28,Loja São Gonçalo,São Gonçalo,2,4192.09
Monitor,Eletrônicos,2023-05-28,Loja Niterói,Niterói,2,1918.07
Smartphone,Eletrônicos,2023-07-12,Loja Niterói,Niterói,3,1778.51
Roteador,Redes,2024-06-19,Loja Duque,Duque de Caxias,3,6839.44
Monitor,Eletrônicos,2024-10-12,Loja Niterói,Niterói,1,233.69
Tablet,Eletrônicos,2024-06-18,Loja Barra,Rio de Janeiro,3,8695.68
Monitor,Eletrônicos,2024-07-14,Loja Sul,Rio de Janeiro,5,15641.4
Smartwatch,Eletrônicos,2024-12-01,Loja Norte,Rio de Janeiro,2,1032.86
Notebook,Eletrônicos,2023-11-07,Loja Barra,Rio de Janeiro,1,4676.12
Monitor,Eletrônicos,2024-06-14,Loja Sul,Rio de Janeiro,5,24921.66
HD Externo,Armazenamento,2025-03-21,Loja São Gonçalo,São Gonçalo,3,7358.02
Smartphone,Eletrônicos,2025-03-31,Loja Duque,Duque de Caxias,2,2487.26
Webcam,Periféricos,2024-12-30,Loja Duque,Duque de Caxias,3,10307.08
Webcam,Periféricos,2024-05-28,Loja São Gonçalo,São Gonçalo,5,3053.41
Impressora,Periféricos,2023-09-14,Loja Norte,Rio de Janeiro,4,15324.38
Monitor,Eletrônicos,2024-07-09,Loja Barra,Rio de Janeiro,4,9422.15
Smartwatch,Eletrônicos,2023-11-18,Loja Niterói,Niterói,5,8598.62
Teclado,Acessórios,2025-09-29,Loja Teresópolis,Teresópolis,5,8866.9
Cadeira Gamer,Móveis,2023-08-17,Loja Barra,Rio de Janeiro,4,14526.85
Smartwatch,Eletrônicos,2025-07-26,Loja Duque,Duque de Caxias,4,2486.04
Pendrive,Armazenamento,2023-09-06,Loja Niterói,Niterói,2,1951.77
Mesa Escritório,Móveis,2024-02-10,Loja Teresópolis,Teresópolis,5,10609.14
Impressora,Periféricos,2023-06-04,Loja Norte,Rio de Janeiro,4,6470.57
Smartphone,Eletrônicos,2025-09-06,Loja Nova Iguaçu,Nova Iguaçu,2,3305.8
Webcam,Periféricos,2025-03-12,Loja Nova Iguaçu,Nova Iguaçu,1,1169.51
Mesa Escritório,Móveis,2025-10-09,Loja Centro,Rio de Janeiro,3,12734.2
Mouse,Acessórios,2024-12-11,Loja Nova Iguaçu,Nova Iguaçu,4,9610.05
Mesa Escritório,Móveis,2024-06-11,Loja Sul,Rio de Janeiro,3,4663.96
Roteador,Redes,2024-12-22,Loja Sul,Rio de Janeiro,1,2969.16
Roteador,Redes,2023-12-31,Loja Nova Iguaçu,Nova Iguaçu,5,4976.81
Smartphone,Eletrônicos,2023-09-01,Loja Niterói,Niterói,1,4225.87
Monitor,Eletrônicos,2024-12-03,Loja Duque,Duque de Caxias,4,14397.31
Smartwatch,Eletrônicos,2025-01-26,Loja Barra,Rio de Janeiro,1,1417.33
Pendrive,Armazenamento,2024-05-30,Loja Nova Iguaçu,Nova Iguaçu,2,8219.43
Monitor,Eletrônicos,2025-09-28,Loja Sul,Rio de Janeiro,3,11976.54
HD Externo,Armazenamento,2024-06-06,Loja Sul,Rio de Janeiro,2,4072.17
Roteador,Redes,2023-06-11,Loja Petrópolis,Petrópolis,4,13502.47
Mouse,Acessórios,2024-02-20,Loja Teresópolis,Teresópolis,4,5685.8
Mouse,Acessórios,2024-01-08,Loja São Gonçalo,São Gonçalo,2,7580.15
Cadeira Gamer,Móveis,2024-03-06,Loja Sul,Rio de Janeiro,2,4252.23
Smartwatch,Eletrônicos,2023-12-14,Loja Sul,Rio de Janeiro,5,16603.43
Smartwatch,Eletrônicos,2025-05-10,Loja Norte,Rio de Janeiro,5,13125.17
Cadeira Gamer,Móveis,2023-05-17,Loja Norte,Rio de Janeiro,4,15857.38
Tablet,Eletrônicos,2023-03-20,Loja Norte,Rio de Janeiro,3,3206.71
Cadeira Gamer,Móveis,2023-01-14,Loja São Gonçalo,São Gonçalo,3,2007.31
Mouse,Acessórios,2023-08-06,Loja Barra,Rio de Janeiro,4,6880.85
Notebook,Eletrônicos,2025-09-23,Loja Nova Iguaçu,Nova Iguaçu,4,11531.7
Smartphone,Eletrônicos,2023-04-09,Loja Petrópolis,Petrópolis,1,422.14
Roteador,Redes,2024-04-16,Loja Niterói,Niterói,4,11570.48
Impressora,Periféricos,2023-09-08,Loja Duque,Duque de Caxias,5,5258.5
Tablet,Eletrônicos,2024-08-23,Loja Petrópolis,Petrópolis,4,6601.8
Roteador,Redes,2025-06-03,Loja Niterói,Niterói,3,12379.76
Monitor,Eletrônicos,2023-08-10,Loja Nova Iguaçu,Nova Iguaçu,2,1942.69
Mesa Escritório,Móveis,2024-10-16,Loja Nova Iguaçu,Nova Iguaçu,3,5472.62
Tablet,Eletrônicos,2024-03-18,Loja Barra,Rio de Janeiro,1,1705.35
Roteador,Redes,2023-12-31,Loja Norte,Rio de Janeiro,5,21851.76
HD Externo,Armazenamento,2024-12-23,Loja Nova Iguaçu,Nova Iguaçu,2,3601.36
Monitor,Eletrônicos,2023-01-24,Loja Niterói,Niterói,1,3520.83
Monitor,Eletrônicos,2025-05-27,Loja São Gonçalo,São Gonçalo,4,378.83
Pendrive,Armazenamento,2024-05-23,Loja Niterói,Niterói,3,6899.33
Smartwatch,Eletrônicos,2025-04-03,Loja Sul,Rio de Janeiro,1,1130.99
Smartphone,Eletrônicos,2024-09-08,Loja Teresópolis,Teresópolis,5,720.43
HD Externo,Armazenamento,2023-10-30,Loja Petrópolis,Petrópolis,4,5463.25
Tablet,Eletrônicos,2023-04-11,Loja Niterói,Niterói,2,1770.66
Tablet,Eletrônicos,2024-01-03,Loja Nova Iguaçu,Nova Iguaçu,3,6026.9
Pendrive,Armazenamento,2023-11-12,Loja Nova Iguaçu,Nova Iguaçu,5,576.21
Impressora,Periféricos,2024-10-30,Loja Centro,Rio de Janeiro,3,10396.93
Pendrive,Armazenamento,2024-05-06,Loja Niterói,Niterói,1,3260.98
Roteador,Redes,2023-05-11,Loja Norte,Rio de Janeiro,5,19307.78
Mesa Escritório,Móveis,2024-09-13,Loja Norte,Rio de Janeiro,1,2013.22
Webcam,Periféricos,2024-04-16,Loja Sul,Rio de Janeiro,4,6565.48
Impressora,Periféricos,2025-06-18,Loja Niterói,Niterói,4,1157.58
Cadeira Gamer,Móveis,2024-12-16,Loja Niterói,Niterói,3,5151.91
Smartwatch,Eletrônicos,2025-09-15,Loja Duque,Duque de Caxias,5,10030.98
Tablet,Eletrônicos,2024-03-11,Loja Norte,Rio de Janeiro,4,2563.94
Smartphone,Eletrônicos,2023-06-26,Loja Petrópolis,Petrópolis,5,6389.49
Smartwatch,Eletrônicos,2023-09-03,Loja Niterói,Niterói,5,10866.61
Mesa Escritório,Móveis,2025-09-14,Loja Barra,Rio de Janeiro,3,7290.88
Mouse,Acessórios,2025-05-23,Loja Barra,Rio de Janeiro,5,8072.97
Smartwatch,Eletrônicos,2025-06-01,Loja Niterói,Niterói,2,7930.08
Teclado,Acessórios,2024-03-31,Loja Teresópolis,Teresópolis,4,1268.16
Impressora,Periféricos,2024-10-12,Loja Norte,Rio de Janeiro,5,19517.3
Mouse,Acessórios,2025-02-13,Loja Teresópolis,Teresópolis,5,18541.25
Smartwatch,Eletrônicos,2023-01-29,Loja Barra,Rio de Janeiro,3,6495.57
Mouse,Acessórios,2025-02-01,Loja Teresópolis,Teresópolis,1,3350.76
Headset,Acessórios,2025-12-12,Loja Petrópolis,Petrópolis,1,830.65
Webcam,Periféricos,2024-07-02,Loja Norte,Rio de Janeiro,1,2025.3
Mesa Escritório,Móveis,2025-07-02,Loja Nova Iguaçu,Nova Iguaçu,1,1750.93
Teclado,Acessórios,2023-07-30,Loja Norte,Rio de Janeiro,2,3716.93
Mouse,Acessórios,2023-10-09,Loja Sul,Rio de Janeiro,3,178.45
Cadeira Gamer,Móveis,2023-09-30,Loja Norte,Rio de Janeiro,2,8213.28
HD Externo,Armazenamento,2023-11-07,Loja Sul,Rio de Janeiro,2,7322.19
Smartwatch,Eletrônicos,2025-12-07,Loja Nova Iguaçu,Nova Iguaçu,1,699.03
Webcam,Periféricos,2024-07-19,Loja Duque,Duque de Caxias,4,2824.37
Mouse,Acessórios,2024-12-24,Loja Sul,Rio de Janeiro,2,1032.05
Headset,Acessórios,2025-11-10,Loja Sul,Rio de Janeiro,1,300.47
Pendrive,Armazenamento,2024-08-23,Loja Teresópolis,Teresópolis,4,3657.72
Smartphone,Eletrônicos,2025-07-22,Loja Norte,Rio de Janeiro,1,3790.52
Smartphone,Eletrônicos,2025-01-07,Loja Barra,Rio de Janeiro,4,14481.45
Pendrive,Armazenamento,2023-10-16,Loja Petrópolis,Petrópolis,4,570.03
Smartwatch,Eletrônicos,2023-02-12,Loja Barra,Rio de Janeiro,1,934.85
Mouse,Acessórios,2025-06-13,Loja Nova Iguaçu,Nova Iguaçu,5,22823.57
Monitor,Eletrônicos,2025-09-26,Loja Niterói,Niterói,5,7637.96
Mouse,Acessórios,2023-10-28,Loja Niterói,Niterói,3,9937.85
HD Externo,Armazenamento,2023-04-16,Loja Petrópolis,Petrópolis,2,4673.29
Mesa Escritório,Móveis,2025-10-31,Loja Sul,Rio de Janeiro,3,4548.73
Monitor,Eletrônicos,2024-04-04,Loja Centro,Rio de Janeiro,5,14998.89
Headset,Acessórios,2025-05-26,Loja Barra,Rio de Janeiro,2,9028.44
Monitor,Eletrônicos,2023-08-29,Loja Teresópolis,Teresópolis,4,3918.59
Notebook,Eletrônicos,2024-10-11,Loja Duque,Duque de Caxias,1,1284.93
Notebook,Eletrônicos,2023-11-30,Loja Nova Iguaçu,Nova Iguaçu,3,2687.81
Headset,Acessórios,2023-12-16,Loja Norte,Rio de Janeiro,4,18981.26
Headset,Acessórios,2023-03-17,Loja Teresópolis,Teresópolis,4,11504.26
Webcam,Periféricos,2024-03-27,Loja Sul,Rio de Janeiro,3,9649.37
HD Externo,Armazenamento,2025-11-13,Loja Nova Iguaçu,Nova Iguaçu,4,5737.96
Smartwatch,Eletrônicos,2025-03-28,Loja Sul,Rio de Janeiro,2,9881.74
Notebook,Eletrônicos,2023-09-16,Loja Nova Iguaçu,Nova Iguaçu,1,1558.71
Headset,Acessórios,2023-02-08,Loja Barra,Rio de Janeiro,1,3707.28
Roteador,Redes,2023-11-22,Loja Barra,Rio de Janeiro,3,8425.7
Monitor,Eletrônicos,2025-06-23,Loja Norte,Rio de Janeiro,4,9900.34
Mesa Escritório,Móveis,2023-04-16,Loja Niterói,Niterói,3,8209.76
Teclado,Acessórios,2024-11-29,Loja São Gonçalo,São Gonçalo,4,17146.34
Webcam,Periféricos,2025-08-18,Loja Petrópolis,Petrópolis,4,13867.2
Notebook,Eletrônicos,2025-12-25,Loja Niterói,Niterói,4,15975.37
Headset,Acessórios,2024-05-16,Loja Nova Iguaçu,Nova Iguaçu,2,5166.38
Tablet,Eletrônicos,2023-10-07,Loja Sul,Rio de Janeiro,4,15646.65
Tablet,Eletrônicos,2025-01-01,Loja Duque,Duque de Caxias,4,1610.24
Monitor,Eletrônicos,2024-05-22,Loja Duque,Duque de Caxias,2,5650.91
Smartphone,Eletrônicos,2025-10-26,Loja Petrópolis,Petrópolis,5,290.9
Monitor,Eletrônicos,2023-04-15,Loja Centro,Rio de Janeiro,4,14596.64
Tablet,Eletrônicos,2023-11-03,Loja Centro,Rio de Janeiro,4,16990.11
Mouse,Acessórios,2025-11-14,Loja Duque,Duque de Caxias,1,1404.09
Headset,Acessórios,2024-04-11,Loja Norte,Rio de Janeiro,1,651.63
Webcam,Periféricos,2023-08-29,Loja Sul,Rio de Janeiro,2,7691.11
Mesa Escritório,Móveis,2024-04-12,Loja Sul,Rio de Janeiro,5,23059.41
Mesa Escritório,Móveis,2024-03-26,Loja Barra,Rio de Janeiro,2,8445.03
Monitor,Eletrônicos,2023-05-18,Loja Centro,Rio de Janeiro,4,15439.36
Webcam,Periféricos,2023-03-15,Loja Duque,Duque de Caxias,2,7918.11
Impressora,Periféricos,2024-01-20,Loja Barra,Rio de Janeiro,3,6286.78
HD Externo,Armazenamento,2024-09-07,Loja Teresópolis,Teresópolis,2,4579.45
HD Externo,Armazenamento,2023-01-13,Loja Petrópolis,Petrópolis,5,22493.74
Smartphone,Eletrônicos,2024-08-17,Loja Barra,Rio de Janeiro,1,4611.78
Roteador,Redes,2024-09-09,Loja Norte,Rio de Janeiro,5,8712.68
Webcam,Periféricos,2024-11-02,Loja Teresópolis,Teresópolis,2,8232.37
Headset,Acessórios,2024-10-04,Loja Barra,Rio de Janeiro,1,2829.8
Mesa Escritório,Móveis,2024-02-16,Loja Centro,Rio de Janeiro,3,7019.48
Mesa Escritório,Móveis,2024-09-06,Loja Duque,Duque de Caxias,3,12622.64
Webcam,Periféricos,2024-12-30,Loja Sul,Rio de Janeiro,5,17636.33
HD Externo,Armazenamento,2025-05-31,Loja Nova Iguaçu,Nova Iguaçu,3,1106.1
Impressora,Periféricos,2025-12-15,Loja Nova Iguaçu,Nova Iguaçu,1,3274.13
Cadeira Gamer,Móveis,2023-07-21,Loja Barra,Rio de Janeiro,5,24371.92
Webcam,Periféricos,2024-07-04,Loja Sul,Rio de Janeiro,2,8179.92
Impressora,Periféricos,2025-05-31,Loja Petrópolis,Petrópolis,5,1641.57
Webcam,Periféricos,2025-05-16,Loja Sul,Rio de Janeiro,3,14655.92
Webcam,Periféricos,2023-11-18,Loja Petrópolis,Petrópolis,3,10512.62
Webcam,Periféricos,2025-11-29,Loja Norte,Rio de Janeiro,5,19329.67
Mesa Escritório,Móveis,2025-07-25,Loja Barra,Rio de Janeiro,5,1864.7
Webcam,Periféricos,2024-01-04,Loja Petrópolis,Petrópolis,5,22138.56
Webcam,Periféricos,2025-01-19,Loja Norte,Rio de Janeiro,4,10587.5
Notebook,Eletrônicos,2025-08-22,Loja Norte,Rio de Janeiro,1,2252.96
Monitor,Eletrônicos,2023-07-02,Loja São Gonçalo,São Gonçalo,2,5900.23
HD Externo,Armazenamento,2024-03-07,Loja Sul,Rio de Janeiro,1,1468.0
Smartwatch,Eletrônicos,2024-02-03,Loja Sul,Rio de Janeiro,1,3226.67
HD Externo,Armazenamento,2023-11-01,Loja Barra,Rio de Janeiro,3,920.43
Roteador,Redes,2024-09-14,Loja Barra,Rio de Janeiro,2,9989.33
Headset,Acessórios,2024-06-07,Loja Teresópolis,Teresópolis,1,3930.5
Impressora,Periféricos,2025-02-14,Loja Barra,Rio de Janeiro,4,15566.67
Smartwatch,Eletrônicos,2025-02-04,Loja Centro,Rio de Janeiro,2,6962.55
Smartphone,Eletrônicos,2024-05-23,Loja Centro,Rio de Janeiro,3,13369.2
Cadeira Gamer,Móveis,2023-11-20,Loja Centro,Rio de Janeiro,3,7699.99
Webcam,Periféricos,2025-08-16,Loja São Gonçalo,São Gonçalo,2,7155.01
Roteador,Redes,2025-10-24,Loja Sul,Rio de Janeiro,3,13919.98
Cadeira Gamer,Móveis,2023-08-16,Loja Niterói,Niterói,2,5922.21
Teclado,Acessórios,2025-03-04,Loja São Gonçalo,São Gonçalo,1,4642.71
Smartphone,Eletrônicos,2023-08-21,Loja Barra,Rio de Janeiro,3,1768.87
Teclado,Acessórios,2023-04-21,Loja Sul,Rio de Janeiro,1,3984.7
Smartphone,Eletrônicos,2023-03-13,Loja São Gonçalo,São Gonçalo,1,4751.72
Teclado,Acessórios,2023-09-08,Loja Sul,Rio de Janeiro,5,11395.21
Smartwatch,Eletrônicos,2025-05-17,Loja Norte,Rio de Janeiro,3,6829.88
Impressora,Periféricos,2025-06-14,Loja São Gonçalo,São Gonçalo,2,3780.95
Webcam,Periféricos,2024-05-06,Loja Petrópolis,Petrópolis,2,5156.74
Notebook,Eletrônicos,2025-11-19,Loja Teresópolis,Teresópolis,2,9874.87
Roteador,Redes,2024-11-13,Loja São Gonçalo,São Gonçalo,3,11981.34
Pendrive,Armazenamento,2024-11-23,Loja Norte,Rio de Janeiro,3,4868.49
Mouse,Acessórios,2023-01-12,Loja Nova Iguaçu,Nova Iguaçu,2,6585.66
Tablet,Eletrônicos,2025-01-11,Loja Sul,Rio de Janeiro,1,3234.35
Cadeira Gamer,Móveis,2023-07-19,Loja Nova Iguaçu,Nova Iguaçu,5,9399.23
Smartphone,Eletrônicos,2023-04-07,Loja São Gonçalo,São Gonçalo,1,2588.17
Monitor,Eletrônicos,2025-03-22,Loja Niterói,Niterói,2,3466.09
Monitor,Eletrônicos,2025-09-14,Loja Barra,Rio de Janeiro,4,315.66
Mouse,Acessórios,2024-06-03,Loja Nova Iguaçu,Nova Iguaçu,3,4251.33
Teclado,Acessórios,2024-05-26,Loja Centro,Rio de Janeiro,1,2502.53
HD Externo,Armazenamento,2025-06-18,Loja Niterói,Niterói,5,759.39
Impressora,Periféricos,2024-07-16,Loja Nova Iguaçu,Nova Iguaçu,5,5325.85
Mouse,Acessórios,2025-08-16,Loja Sul,Rio de Janeiro,1,1063.37
Mesa Escritório,Móveis,2025-03-01,Loja São Gonçalo,São Gonçalo,4,7119.76
Tablet,Eletrônicos,2025-02-18,Loja Sul,Rio de Janeiro,1,4826.75
Mouse,Acessórios,2025-03-22,Loja Sul,Rio de Janeiro,5,15761.32
Notebook,Eletrônicos,2023-09-24,Loja Sul,Rio de Janeiro,5,23781.05
Impressora,Periféricos,2024-02-25,Loja Teresópolis,Teresópolis,3,14198.33
Smartwatch,Eletrônicos,2023-05-23,Loja Centro,Rio de Janeiro,5,20665.95
Notebook,Eletrônicos,2023-04-29,Loja Nova Iguaçu,Nova Iguaçu,5,16835.14
Teclado,Acessórios,2025-04-09,Loja Petrópolis,Petrópolis,3,7175.55
Roteador,Redes,2025-04-24,Loja Norte,Rio de Janeiro,3,6962.19
Headset,Acessórios,2024-09-08,Loja Sul,Rio de Janeiro,5,19874.69
Impressora,Periféricos,2023-02-02,Loja Centro,Rio de Janeiro,4,17841.18
Pendrive,Armazenamento,2023-02-13,Loja Petrópolis,Petrópolis,5,14585.12
Roteador,Redes,2024-08-25,Loja São Gonçalo,São Gonçalo,2,6568.64
Mouse,Acessórios,2024-07-31,Loja Sul,Rio de Janeiro,4,10304.19
Monitor,Eletrônicos,2024-08-14,Loja Niterói,Niterói,4,17482.86
Impressora,Periféricos,2025-03-04,Loja Barra,Rio de Janeiro,5,15046.08
Smartwatch,Eletrônicos,2025-12-10,Loja Teresópolis,Teresópolis,5,18135.47
Mouse,Acessórios,2025-05-10,Loja Teresópolis,Teresópolis,4,4147.42
Mouse,Acessórios,2024-07-02,Loja Nova Iguaçu,Nova Iguaçu,1,3490.9
Headset,Acessórios,2025-03-10,Loja Sul,Rio de Janeiro,2,7401.02
Mesa Escritório,Móveis,2024-07-23,Loja Centro,Rio de Janeiro,3,7151.29
Monitor,Eletrônicos,2024-07-28,Loja Norte,Rio de Janeiro,5,24103.82
Cadeira Gamer,Móveis,2025-02-09,Loja Petrópolis,Petrópolis,5,2371.64
Impressora,Periféricos,2024-03-05,Loja Centro,Rio de Janeiro,3,14007.45
HD Externo,Armazenamento,2024-03-26,Loja Duque,Duque de Caxias,4,4638.25
HD Externo,Armazenamento,2024-05-31,Loja São Gonçalo,São Gonçalo,4,12960.16
Smartwatch,Eletrônicos,2024-01-06,Loja Sul,Rio de Janeiro,5,22230.81
Cadeira Gamer,Móveis,2025-01-01,Loja Barra,Rio de Janeiro,1,1022.86
Pendrive,Armazenamento,2024-12-27,Loja Sul,Rio de Janeiro,4,7708.97
HD Externo,Armazenamento,2025-08-11,Loja Petrópolis,Petrópolis,3,2045.04
Cadeira Gamer,Móveis,2024-12-08,Loja Niterói,Niterói,1,4116.47
Tablet,Eletrônicos,2023-09-20,Loja Norte,Rio de Janeiro,3,3474.06
Webcam,Periféricos,2025-10-25,Loja Sul,Rio de Janeiro,1,2954.51
Teclado,Acessórios,2025-11-16,Loja Teresópolis,Teresópolis,3,1340.13
Webcam,Periféricos,2024-08-20,Loja Niterói,Niterói,4,9553.37
Headset,Acessórios,2025-03-25,Loja Norte,Rio de Janeiro,2,390.73
Monitor,Eletrônicos,2024-12-02,Loja Nova Iguaçu,Nova Iguaçu,2,8607.64
Smartphone,Eletrônicos,2023-07-04,Loja São Gonçalo,São Gonçalo,3,3075.69
HD Externo,Armazenamento,2023-01-31,Loja Nova Iguaçu,Nova Iguaçu,5,16904.12
Monitor,Eletrônicos,2024-07-26,Loja Teresópolis,Teresópolis,3,8432.52
Mouse,Acessórios,2023-01-19,Loja Centro,Rio de Janeiro,4,16454.4
Notebook,Eletrônicos,2025-10-07,Loja Sul,Rio de Janeiro,5,19744.96
Monitor,Eletrônicos,2023-06-12,Loja Niterói,Niterói,4,8703.94
Headset,Acessórios,2024-12-01,Loja Petrópolis,Petrópolis,2,4944.38
Teclado,Acessórios,2023-07-14,Loja Niterói,Niterói,2,9803.39
Notebook,Eletrônicos,2024-05-03,Loja Nova Iguaçu,Nova Iguaçu,4,8635.67
Teclado,Acessórios,2024-11-28,Loja Petrópolis,Petrópolis,1,785.98
Mesa Escritório,Móveis,2024-10-15,Loja Sul,Rio de Janeiro,4,14756.5
HD Externo,Armazenamento,2025-02-25,Loja Petrópolis,Petrópolis,4,6988.33
Roteador,Redes,2023-12-17,Loja Centro,Rio de Janeiro,1,1957.92
Pendrive,Armazenamento,2024-11-09,Loja Nova Iguaçu,Nova Iguaçu,5,19212.22
Headset,Acessórios,2024-08-24,Loja São Gonçalo,São Gonçalo,3,10088.96
Teclado,Acessórios,2023-04-21,Loja Sul,Rio de Janeiro,4,6427.06
Pendrive,Armazenamento,2025-12-02,Loja Teresópolis,Teresópolis,3,10980.42
Monitor,Eletrônicos,2024-07-17,Loja Duque,Duque de Caxias,3,10328.12
Headset,Acessórios,2023-08-07,Loja Petrópolis,Petrópolis,4,16834.24
Headset,Acessórios,2023-11-04,Loja Nova Iguaçu,Nova Iguaçu,3,11064.17
Mouse,Acessórios,2025-10-26,Loja Centro,Rio de Janeiro,2,5966.64
Cadeira Gamer,Móveis,2025-01-22,Loja Teresópolis,Teresópolis,2,5273.63
Roteador,Redes,2024-07-06,Loja Teresópolis,Teresópolis,3,10148.48
Headset,Acessórios,2024-05-27,Loja Sul,Rio de Janeiro,1,931.42
Smartphone,Eletrônicos,2024-03-24,Loja Duque,Duque de Caxias,4,8566.74
Webcam,Periféricos,2023-12-21,Loja Nova Iguaçu,Nova Iguaçu,5,11208.17
Tablet,Eletrônicos,2025-08-12,Loja Nova Iguaçu,Nova Iguaçu,2,6063.74
Notebook,Eletrônicos,2024-05-14,Loja Duque,Duque de Caxias,4,585.64
Smartwatch,Eletrônicos,2023-04-24,Loja Niterói,Niterói,4,7628.14
Mouse,Acessórios,2025-08-01,Loja Sul,Rio de Janeiro,2,5608.9
Mesa Escritório,Móveis,2024-04-17,Loja Sul,Rio de Janeiro,2,9892.94
Cadeira Gamer,Móveis,2024-05-30,Loja Centro,Rio de Janeiro,4,13207.55
Roteador,Redes,2023-02-16,Loja São Gonçalo,São Gonçalo,5,17354.48
Pendrive,Armazenamento,2025-11-25,Loja Sul,Rio de Janeiro,5,5206.65
Smartwatch,Eletrônicos,2024-10-28,Loja Sul,Rio de Janeiro,1,3738.88
Roteador,Redes,2023-02-25,Loja Teresópolis,Teresópolis,5,4626.23
Pendrive,Armazenamento,2023-08-02,Loja Centro,Rio de Janeiro,3,7658.32
Monitor,Eletrônicos,2023-06-22,Loja Centro,Rio de Janeiro,1,4168.93
Pendrive,Armazenamento,2024-10-03,Loja Norte,Rio de Janeiro,5,17544.73
Smartphone,Eletrônicos,2023-02-28,Loja Centro,Rio de Janeiro,2,757.17
Mouse,Acessórios,2024-08-14,Loja Centro,Rio de Janeiro,2,3152.18
Webcam,Periféricos,2024-11-08,Loja Duque,Duque de Caxias,5,7060.93
Notebook,Eletrônicos,2025-05-20,Loja Centro,Rio de Janeiro,3,10935.93
Mouse,Acessórios,2025-08-20,Loja Sul,Rio de Janeiro,1,88.24
Pendrive,Armazenamento,2025-01-15,Loja Centro,Rio de Janeiro,3,6551.61
Monitor,Eletrônicos,2025-08-21,Loja Centro,Rio de Janeiro,5,15354.32
Impressora,Periféricos,2024-07-30,Loja São Gonçalo,São Gonçalo,1,3265.54
Cadeira Gamer,Móveis,2023-08-17,Loja Teresópolis,Teresópolis,3,3271.49
Monitor,Eletrônicos,2025-09-11,Loja Duque,Duque de Caxias,5,5818.29
Mesa Escritório,Móveis,2025-09-14,Loja Barra,Rio de Janeiro,5,24742.16
Webcam,Periféricos,2024-01-04,Loja Norte,Rio de Janeiro,2,9213.12
Cadeira Gamer,Móveis,2023-12-10,Loja Nova Iguaçu,Nova Iguaçu,3,3320.69
Mouse,Acessórios,2025-02-14,Loja Barra,Rio de Janeiro,1,716.08
HD Externo,Armazenamento,2023-03-05,Loja Centro,Rio de Janeiro,4,12269.21
Tablet,Eletrônicos,2023-11-16,Loja São Gonçalo,São Gonçalo,5,10373.42
Smartwatch,Eletrônicos,2024-03-09,Loja São Gonçalo,São Gonçalo,1,4385.61
Mouse,Acessórios,2025-10-20,Loja Norte,Rio de Janeiro,2,6585.53
Smartwatch,Eletrônicos,2025-12-19,Loja Norte,Rio de Janeiro,5,14366.28
Mesa Escritório,Móveis,2023-01-21,Loja Duque,Duque de Caxias,1,2185.27
Smartwatch,Eletrônicos,2024-06-29,Loja Barra,Rio de Janeiro,5,8146.86
Teclado,Acessórios,2025-08-29,Loja Petrópolis,Petrópolis,1,1180.88
HD Externo,Armazenamento,2025-03-08,Loja São Gonçalo,São Gonçalo,2,7232.64
Monitor,Eletrônicos,2023-08-12,Loja Nova Iguaçu,Nova Iguaçu,1,1079.15
Webcam,Periféricos,2024-09-27,Loja Barra,Rio de Janeiro,1,707.49
Headset,Acessórios,2025-08-16,Loja Centro,Rio de Janeiro,5,18746.29
Mesa Escritório,Móveis,2024-05-29,Loja Teresópolis,Teresópolis,4,1734.42
Headset,Acessórios,2025-02-12,Loja Barra,Rio de Janeiro,1,1076.93
Smartphone,Eletrônicos,2024-08-19,Loja Norte,Rio de Janeiro,3,8049.74
Tablet,Eletrônicos,2024-01-12,Loja São Gonçalo,São Gonçalo,3,7756.51
HD Externo,Armazenamento,2025-03-26,Loja Norte,Rio de Janeiro,4,13596.91
Headset,Acessórios,2025-07-18,Loja Sul,Rio de Janeiro,3,4534.93
Tablet,Eletrônicos,2025-11-08,Loja Centro,Rio de Janeiro,3,12117.43
Notebook,Eletrônicos,2024-04-05,Loja Barra,Rio de Janeiro,3,4149.37
Webcam,Periféricos,2025-09-29,Loja Teresópolis,Teresópolis,4,18866.36
Mouse,Acessórios,2025-01-05,Loja Teresópolis,Teresópolis,2,4059.52
Mouse,Acessórios,2023-05-17,Loja Barra,Rio de Janeiro,3,8785.51
Mesa Escritório,Móveis,2025-11-14,Loja Duque,Duque de Caxias,4,12562.64
HD Externo,Armazenamento,2025-10-07,Loja Petrópolis,Petrópolis,4,17600.4
Roteador,Redes,2025-06-10,Loja Centro,Rio de Janeiro,5,11503.68
Mesa Escritório,Móveis,2025-01-26,Loja Duque,Duque de Caxias,3,13381.78
Teclado,Acessórios,2024-03-23,Loja Centro,Rio de Janeiro,1,3103.8
Smartwatch,Eletrônicos,2025-06-10,Loja Petrópolis,Petrópolis,5,1401.87
HD Externo,Armazenamento,2024-12-05,Loja Duque,Duque de Caxias,2,8100.25
Mesa Escritório,Móveis,2023-02-20,Loja São Gonçalo,São Gonçalo,3,13492.64
Impressora,Periféricos,2024-08-07,Loja Barra,Rio de Janeiro,3,3281.19
Teclado,Acessórios,2023-05-01,Loja Niterói,Niterói,5,1442.2
Mouse,Acessórios,2023-02-12,Loja Teresópolis,Teresópolis,5,4195.8
Tablet,Eletrônicos,2024-05-05,Loja Niterói,Niterói,2,284.06
Pendrive,Armazenamento,2023-06-19,Loja Niterói,Niterói,3,6461.94
Impressora,Periféricos,2025-03-30,Loja Teresópolis,Teresópolis,2,7774.59
Pendrive,Armazenamento,2023-07-17,Loja Petrópolis,Petrópolis,2,2330.13
Tablet,Eletrônicos,2025-05-06,Loja Niterói,Niterói,2,8896.09
Smartphone,Eletrônicos,2023-03-13,Loja Teresópolis,Teresópolis,4,5008.72
Monitor,Eletrônicos,2024-09-20,Loja Niterói,Niterói,2,7636.97
Notebook,Eletrônicos,2025-10-30,Loja Sul,Rio de Janeiro,1,4033.82
Mouse,Acessórios,2024-11-16,Loja Petrópolis,Petrópolis,5,23838.79
Tablet,Eletrônicos,2025-11-16,Loja Nova Iguaçu,Nova Iguaçu,1,3958.7
Webcam,Periféricos,2025-12-08,Loja Sul,Rio de Janeiro,3,6702.95
Cadeira Gamer,Móveis,2024-09-17,Loja Petrópolis,Petrópolis,3,14004.27
Tablet,Eletrônicos,2024-05-01,Loja Barra,Rio de Janeiro,3,14473.03
Headset,Acessórios,2023-08-19,Loja Petrópolis,Petrópolis,1,4193.56
Tablet,Eletrônicos,2023-12-23,Loja Barra,Rio de Janeiro,2,5740.51
Cadeira Gamer,Móveis,2025-06-29,Loja Teresópolis,Teresópolis,2,9627.48
Smartphone,Eletrônicos,2024-03-18,Loja Centro,Rio de Janeiro,4,3069.83
Mouse,Acessórios,2024-01-03,Loja Norte,Rio de Janeiro,4,16152.82
Smartwatch,Eletrônicos,2023-08-15,Loja São Gonçalo,São Gonçalo,3,1243.87
Webcam,Periféricos,2023-01-28,Loja Sul,Rio de Janeiro,1,145.81
Mouse,Acessórios,2023-01-31,Loja Teresópolis,Teresópolis,2,1772.92
Mesa Escritório,Móveis,2024-12-26,Loja Norte,Rio de Janeiro,4,15544.81
Roteador,Redes,2025-10-11,Loja Sul,Rio de Janeiro,3,13068.77
HD Externo,Armazenamento,2025-03-03,Loja São Gonçalo,São Gonçalo,4,8375.18
Teclado,Acessórios,2023-07-10,Loja Teresópolis,Teresópolis,2,4057.8
HD Externo,Armazenamento,2024-08-02,Loja Barra,Rio de Janeiro,2,7364.61
Roteador,Redes,2025-02-18,Loja São Gonçalo,São Gonçalo,1,2633.93
HD Externo,Armazenamento,2024-11-25,Loja Sul,Rio de Janeiro,3,7989.26
Teclado,Acessórios,2023-08-29,Loja Norte,Rio de Janeiro,1,4643.87
Headset,Acessórios,2024-03-27,Loja Teresópolis,Teresópolis,2,4108.8
Smartphone,Eletrônicos,2024-10-06,Loja Teresópolis,Teresópolis,5,2345.09
Smartwatch,Eletrônicos,2025-03-21,Loja Centro,Rio de Janeiro,4,8711.07
Notebook,Eletrônicos,2023-01-30,Loja Norte,Rio de Janeiro,2,5968.84
Impressora,Periféricos,2024-02-18,Loja Nova Iguaçu,Nova Iguaçu,2,4451.63
Notebook,Eletrônicos,2023-01-05,Loja São Gonçalo,São Gonçalo,3,14121.34
Webcam,Periféricos,2024-11-02,Loja Centro,Rio de Janeiro,3,12547.18
Roteador,Redes,2024-07-29,Loja Petrópolis,Petrópolis,4,12229.17
Tablet,Eletrônicos,2025-01-30,Loja Teresópolis,Teresópolis,2,625.4
Roteador,Redes,2025-12-23,Loja Sul,Rio de Janeiro,2,3796.52
HD Externo,Armazenamento,2025-08-22,Loja Nova Iguaçu,Nova Iguaçu,5,13891.91
Smartwatch,Eletrônicos,2024-09-30,Loja Niterói,Niterói,5,3041.62
HD Externo,Armazenamento,2025-12-08,Loja Teresópolis,Teresópolis,1,1397.55
Monitor,Eletrônicos,2024-04-19,Loja Petrópolis,Petrópolis,2,8180.52
Roteador,Redes,2023-12-09,Loja Norte,Rio de Janeiro,2,9899.3
Monitor,Eletrônicos,2023-06-21,Loja Niterói,Niterói,2,4358.98
Tablet,Eletrônicos,2024-11-12,Loja Barra,Rio de Janeiro,1,3959.17
Impressora,Periféricos,2025-07-02,Loja Teresópolis,Teresópolis,4,4971.51
Smartwatch,Eletrônicos,2023-10-12,Loja Barra,Rio de Janeiro,4,13042.32
Monitor,Eletrônicos,2023-07-19,Loja Centro,Rio de Janeiro,4,4888.09
Mesa Escritório,Móveis,2024-09-19,Loja Barra,Rio de Janeiro,5,16005.7
Monitor,Eletrônicos,2023-12-08,Loja Niterói,Niterói,2,8903.73
Mouse,Acessórios,2024-02-15,Loja São Gonçalo,São Gonçalo,5,15072.23
HD Externo,Armazenamento,2024-10-05,Loja São Gonçalo,São Gonçalo,3,12017.29
Headset,Acessórios,2023-02-11,Loja Nova Iguaçu,Nova Iguaçu,4,10916.79
Cadeira Gamer,Móveis,2024-12-28,Loja Sul,Rio de Janeiro,5,21150.71
Smartwatch,Eletrônicos,2023-06-04,Loja Duque,Duque de Caxias,2,6984.0
Webcam,Periféricos,2025-06-12,Loja Sul,Rio de Janeiro,5,8839.38
Monitor,Eletrônicos,2025-04-30,Loja Niterói,Niterói,1,1379.2
Monitor,Eletrônicos,2023-09-14,Loja Niterói,Niterói,2,5596.29
Cadeira Gamer,Móveis,2025-05-05,Loja Niterói,Niterói,2,5826.63
Roteador,Redes,2023-01-27,Loja Barra,Rio de Janeiro,2,2387.16
Cadeira Gamer,Móveis,2025-06-21,Loja Sul,Rio de Janeiro,2,5353.29
Cadeira Gamer,Móveis,2025-09-13,Loja Petrópolis,Petrópolis,4,18780.95
Notebook,Eletrônicos,2025-06-20,Loja São Gonçalo,São Gonçalo,1,3542.84
Tablet,Eletrônicos,2025-01-24,Loja São Gonçalo,São Gonçalo,5,11102.11
Notebook,Eletrônicos,2025-05-04,Loja São Gonçalo,São Gonçalo,3,13539.7
Smartwatch,Eletrônicos,2023-05-24,Loja Teresópolis,Teresópolis,3,5467.12
Webcam,Periféricos,2025-11-15,Loja Petrópolis,Petrópolis,3,6240.55
Cadeira Gamer,Móveis,2025-06-28,Loja Centro,Rio de Janeiro,3,12125.05
Monitor,Eletrônicos,2024-04-08,Loja Duque,Duque de Caxias,3,9899.48
Notebook,Eletrônicos,2023-05-03,Loja Sul,Rio de Janeiro,3,1751.81
Pendrive,Armazenamento,2025-08-25,Loja Teresópolis,Teresópolis,1,3667.93
Mesa Escritório,Móveis,2024-12-27,Loja Norte,Rio de Janeiro,1,988.0
Cadeira Gamer,Móveis,2023-12-03,Loja Norte,Rio de Janeiro,1,3094.71
Teclado,Acessórios,2023-01-07,Loja Centro,Rio de Janeiro,3,12602.71
Headset,Acessórios,2025-12-02,Loja Norte,Rio de Janeiro,1,720.07
Notebook,Eletrônicos,2023-07-19,Loja São Gonçalo,São Gonçalo,4,18090.16
HD Externo,Armazenamento,2024-06-29,Loja Niterói,Niterói,2,1556.15
Monitor,Eletrônicos,2025-06-08,Loja Nova Iguaçu,Nova Iguaçu,3,12000.53
Teclado,Acessórios,2023-04-25,Loja Petrópolis,Petrópolis,4,11195.17
Notebook,Eletrônicos,2024-05-30,Loja Barra,Rio de Janeiro,3,6017.25
Pendrive,Armazenamento,2025-12-29,Loja Teresópolis,Teresópolis,5,22537.64
Impressora,Periféricos,2025-07-26,Loja Duque,Duque de Caxias,2,3932.86
Monitor,Eletrônicos,2024-12-06,Loja Nova Iguaçu,Nova Iguaçu,1,1091.15
Mouse,Acessórios,2025-08-27,Loja Niterói,Niterói,3,5773.35
Webcam,Periféricos,2023-03-11,Loja Teresópolis,Teresópolis,5,20398.9
Tablet,Eletrônicos,2025-06-07,Loja São Gonçalo,São Gonçalo,2,7921.09
Pendrive,Armazenamento,2024-11-20,Loja Sul,Rio de Janeiro,5,22419.63
Webcam,Periféricos,2023-03-05,Loja Teresópolis,Teresópolis,4,16868.78
Impressora,Periféricos,2025-09-12,Loja Niterói,Niterói,1,427.28
Monitor,Eletrônicos,2024-08-01,Loja Centro,Rio de Janeiro,1,3198.75
Smartwatch,Eletrônicos,2024-01-30,Loja Sul,Rio de Janeiro,4,14957.38
Smartwatch,Eletrônicos,2024-06-08,Loja Norte,Rio de Janeiro,4,3017.12
Pendrive,Armazenamento,2025-11-11,Loja Sul,Rio de Janeiro,4,7220.82
Webcam,Periféricos,2024-04-26,Loja Centro,Rio de Janeiro,4,12670.91
Webcam,Periféricos,2024-08-23,Loja Sul,Rio de Janeiro,5,23092.16
Pendrive,Armazenamento,2025-12-18,Loja Norte,Rio de Janeiro,4,3857.81
Teclado,Acessórios,2024-07-11,Loja Sul,Rio de Janeiro,2,6642.09
Smartwatch,Eletrônicos,2024-01-03,Loja Nova Iguaçu,Nova Iguaçu,4,11357.54
Notebook,Eletrônicos,2025-10-04,Loja Sul,Rio de Janeiro,2,4787.24
Mouse,Acessórios,2023-05-20,Loja Petrópolis,Petrópolis,5,17073.98
HD Externo,Armazenamento,2025-10-25,Loja Norte,Rio de Janeiro,3,14525.56
HD Externo,Armazenamento,2024-06-30,Loja Barra,Rio de Janeiro,4,3223.41
Pendrive,Armazenamento,2023-03-16,Loja Nova Iguaçu,Nova Iguaçu,4,1030.33
Roteador,Redes,2025-05-02,Loja São Gonçalo,São Gonçalo,4,9696.89
Mesa Escritório,Móveis,2024-02-25,Loja Norte,Rio de Janeiro,4,4211.79
Pendrive,Armazenamento,2023-04-03,Loja Niterói,Niterói,2,2309.98
Mouse,Acessórios,2025-01-13,Loja Sul,Rio de Janeiro,3,6698.93
Smartphone,Eletrônicos,2023-05-20,Loja Duque,Duque de Caxias,2,1979.41
Mouse,Acessórios,2023-02-27,Loja Norte,Rio de Janeiro,1,1245.34
Impressora,Periféricos,2024-01-13,Loja Niterói,Niterói,2,544.71
Teclado,Acessórios,2023-06-16,Loja Teresópolis,Teresópolis,3,9316.81
Webcam,Periféricos,2025-06-14,Loja Niterói,Niterói,4,14721.0
Pendrive,Armazenamento,2023-08-21,Loja Barra,Rio de Janeiro,5,1875.27
Cadeira Gamer,Móveis,2023-03-22,Loja Nova Iguaçu,Nova Iguaçu,5,22397.22
Roteador,Redes,2025-02-03,Loja Teresópolis,Teresópolis,3,7800.53
Pendrive,Armazenamento,2024-09-13,Loja São Gonçalo,São Gonçalo,1,3264.53
Headset,Acessórios,2025-08-03,Loja Petrópolis,Petrópolis,4,12619.03
Mesa Escritório,Móveis,2023-02-28,Loja Norte,Rio de Janeiro,2,4332.47
Impressora,Periféricos,2025-02-22,Loja Norte,Rio de Janeiro,1,1753.18
Monitor,Eletrônicos,2025-07-28,Loja Petrópolis,Petrópolis,3,8523.98
Smartwatch,Eletrônicos,2024-08-09,Loja Sul,Rio de Janeiro,3,6277.4
Tablet,Eletrônicos,2025-05-07,Loja Niterói,Niterói,3,1532.67
Monitor,Eletrônicos,2025-10-03,Loja Sul,Rio de Janeiro,1,966.5
HD Externo,Armazenamento,2024-05-26,Loja Teresópolis,Teresópolis,1,293.84
Mouse,Acessórios,2024-06-10,Loja Niterói,Niterói,2,9712.11
HD Externo,Armazenamento,2024-03-22,Loja Centro,Rio de Janeiro,3,9424.68
Webcam,Periféricos,2023-11-19,Loja Teresópolis,Teresópolis,1,1588.88
Monitor,Eletrônicos,2024-05-19,Loja Teresópolis,Teresópolis,1,1389.71
Tablet,Eletrônicos,2024-12-08,Loja Duque,Duque de Caxias,2,5762.32
Roteador,Redes,2023-08-05,Loja São Gonçalo,São Gonçalo,5,11037.07
Smartwatch,Eletrônicos,2025-11-15,Loja São Gonçalo,São Gonçalo,1,697.57
Pendrive,Armazenamento,2025-08-30,Loja Teresópolis,Teresópolis,2,4896.92
HD Externo,Armazenamento,2023-05-02,Loja Petrópolis,Petrópolis,2,2095.97
Headset,Acessórios,2025-01-20,Loja Petrópolis,Petrópolis,1,1604.41
Impressora,Periféricos,2023-05-29,Loja Teresópolis,Teresópolis,3,1288.98
Monitor,Eletrônicos,2024-03-18,Loja Petrópolis,Petrópolis,1,4156.04
Smartphone,Eletrônicos,2023-09-07,Loja Teresópolis,Teresópolis,3,14350.12
Monitor,Eletrônicos,2025-03-11,Loja São Gonçalo,São Gonçalo,4,8551.27
Notebook,Eletrônicos,2025-04-29,Loja Nova Iguaçu,Nova Iguaçu,3,11112.12
Notebook,Eletrônicos,2025-01-28,Loja Duque,Duque de Caxias,1,1361.97
Notebook,Eletrônicos,2023-04-12,Loja Centro,Rio de Janeiro,1,4353.47
Mouse,Acessórios,2025-04-09,Loja Nova Iguaçu,Nova Iguaçu,5,12069.38
Headset,Acessórios,2023-06-30,Loja São Gonçalo,São Gonçalo,2,5168.73
HD Externo,Armazenamento,2023-09-01,Loja Barra,Rio de Janeiro,1,2007.19
Smartwatch,Eletrônicos,2024-03-29,Loja Norte,Rio de Janeiro,2,8395.18
Monitor,Eletrônicos,2023-05-12,Loja Nova Iguaçu,Nova Iguaçu,1,859.93
Smartwatch,Eletrônicos,2023-05-15,Loja Niterói,Niterói,4,13876.98
HD Externo,Armazenamento,2023-06-14,Loja Barra,Rio de Janeiro,5,16136.72
Smartwatch,Eletrônicos,2024-08-04,Loja Duque,Duque de Caxias,5,8501.71
Smartphone,Eletrônicos,2024-02-07,Loja Barra,Rio de Janeiro,1,936.99
Notebook,Eletrônicos,2024-04-20,Loja Barra,Rio de Janeiro,5,10487.21
HD Externo,Armazenamento,2025-01-22,Loja São Gonçalo,São Gonçalo,4,13790.96
Mouse,Acessórios,2025-11-08,Loja Niterói,Niterói,5,7648.25
Webcam,Periféricos,2025-04-06,Loja Norte,Rio de Janeiro,1,796.12
Impressora,Periféricos,2023-02-27,Loja Sul,Rio de Janeiro,2,4660.92
Smartphone,Eletrônicos,2023-07-01,Loja Niterói,Niterói,1,2870.81
Notebook,Eletrônicos,2024-08-29,Loja Petrópolis,Petrópolis,4,16463.84
Pendrive,Armazenamento,2024-05-23,Loja Sul,Rio de Janeiro,4,16724.07
Tablet,Eletrônicos,2024-08-28,Loja Niterói,Niterói,2,4584.5
Mouse,Acessórios,2025-09-10,Loja Teresópolis,Teresópolis,5,22529.31
Impressora,Periféricos,2024-04-02,Loja São Gonçalo,São Gonçalo,3,7692.81
Tablet,Eletrônicos,2024-06-05,Loja São Gonçalo,São Gonçalo,1,4959.3
Impressora,Periféricos,2023-01-11,Loja Duque,Duque de Caxias,1,3388.45
Cadeira Gamer,Móveis,2025-01-05,Loja Petrópolis,Petrópolis,3,8933.48
Pendrive,Armazenamento,2023-05-01,Loja Nova Iguaçu,Nova Iguaçu,1,1174.44
Headset,Acessórios,2024-11-17,Loja São Gonçalo,São Gonçalo,4,7201.64
Cadeira Gamer,Móveis,2025-02-01,Loja Duque,Duque de Caxias,1,1544.06
Smartphone,Eletrônicos,2024-01-12,Loja Centro,Rio de Janeiro,4,8737.04
Webcam,Periféricos,2024-01-24,Loja Niterói,Niterói,5,8971.98
Headset,Acessórios,2023-04-04,Loja São Gonçalo,São Gonçalo,1,1745.46
Teclado,Acessórios,2024-05-12,Loja São Gonçalo,São Gonçalo,2,858.21
HD Externo,Armazenamento,2025-07-24,Loja Centro,Rio de Janeiro,2,8938.22
Pendrive,Armazenamento,2024-05-25,Loja Centro,Rio de Janeiro,1,4354.37
Cadeira Gamer,Móveis,2023-03-14,Loja Centro,Rio de Janeiro,5,9339.33
Teclado,Acessórios,2023-01-31,Loja Teresópolis,Teresópolis,5,13089.36
HD Externo,Armazenamento,2023-10-18,Loja Teresópolis,Teresópolis,2,1152.32
Pendrive,Armazenamento,2025-08-19,Loja Sul,Rio de Janeiro,2,1126.43
Mouse,Acessórios,2023-02-08,Loja Norte,Rio de Janeiro,3,4460.2
HD Externo,Armazenamento,2024-03-17,Loja São Gonçalo,São Gonçalo,3,1405.25
Roteador,Redes,2023-10-23,Loja Nova Iguaçu,Nova Iguaçu,5,13300.17
Tablet,Eletrônicos,2023-09-22,Loja Niterói,Niterói,4,5702.96
Headset,Acessórios,2024-01-17,Loja Sul,Rio de Janeiro,1,1183.24
Mouse,Acessórios,2023-01-24,Loja São Gonçalo,São Gonçalo,3,5408.03
Notebook,Eletrônicos,2023-07-11,Loja Duque,Duque de Caxias,3,1733.2
Cadeira Gamer,Móveis,2024-01-19,Loja Centro,Rio de Janeiro,4,19374.61
Teclado,Acessórios,2023-01-03,Loja Nova Iguaçu,Nova Iguaçu,2,2970.95
Webcam,Periféricos,2025-08-30,Loja Nova Iguaçu,Nova Iguaçu,3,8599.1
Mesa Escritório,Móveis,2023-05-18,Loja Petrópolis,Petrópolis,5,1102.29
Smartphone,Eletrônicos,2024-07-23,Loja Centro,Rio de Janeiro,2,4833.47
Teclado,Acessórios,2024-03-07,Loja Teresópolis,Teresópolis,1,3425.94
Webcam,Periféricos,2023-06-07,Loja São Gonçalo,São Gonçalo,3,1084.55
Pendrive,Armazenamento,2024-06-28,Loja Norte,Rio de Janeiro,5,2029.23
Headset,Acessórios,2024-08-03,Loja Duque,Duque de Caxias,4,12431.08
Webcam,Periféricos,2025-02-06,Loja São Gonçalo,São Gonçalo,4,6248.26
Smartwatch,Eletrônicos,2024-12-19,Loja Teresópolis,Teresópolis,5,13463.88
Tablet,Eletrônicos,2025-03-17,Loja Nova Iguaçu,Nova Iguaçu,1,2815.63
Cadeira Gamer,Móveis,2023-05-29,Loja Norte,Rio de Janeiro,1,4230.47
Impressora,Periféricos,2025-08-31,Loja Petrópolis,Petrópolis,2,7277.32
Mesa Escritório,Móveis,2025-09-08,Loja São Gonçalo,São Gonçalo,2,1281.9
Roteador,Redes,2024-02-03,Loja Teresópolis,Teresópolis,4,19592.87
Mesa Escritório,Móveis,2025-02-13,Loja Sul,Rio de Janeiro,4,7600.24
Tablet,Eletrônicos,2025-12-07,Loja Barra,Rio de Janeiro,5,9572.71
Notebook,Eletrônicos,2023-05-02,Loja São Gonçalo,São Gonçalo,2,6103.62
Pendrive,Armazenamento,2023-06-25,Loja Petrópolis,Petrópolis,4,9186.23
Tablet,Eletrônicos,2024-09-25,Loja Petrópolis,Petrópolis,5,12490.48
Tablet,Eletrônicos,2024-08-26,Loja Duque,Duque de Caxias,2,1800.48
Roteador,Redes,2024-05-05,Loja Centro,Rio de Janeiro,5,1841.46
Impressora,Periféricos,2023-09-06,Loja Barra,Rio de Janeiro,3,12796.65
Smartwatch,Eletrônicos,2023-04-27,Loja Niterói,Niterói,1,3331.6
HD Externo,Armazenamento,2025-02-23,Loja Norte,Rio de Janeiro,5,18261.1
Mouse,Acessórios,2024-11-14,Loja Petrópolis,Petrópolis,2,5082.26
Headset,Acessórios,2024-12-20,Loja Centro,Rio de Janeiro,4,14593.93
Mouse,Acessórios,2023-08-14,Loja Nova Iguaçu,Nova Iguaçu,3,1521.71
Notebook,Eletrônicos,2025-07-07,Loja Sul,Rio de Janeiro,1,2935.75
Smartwatch,Eletrônicos,2023-07-21,Loja Centro,Rio de Janeiro,2,872.73
Mesa Escritório,Móveis,2024-12-16,Loja Duque,Duque de Caxias,1,734.4
Smartphone,Eletrônicos,2025-02-09,Loja São Gonçalo,São Gonçalo,5,23445.57
Webcam,Periféricos,2025-04-13,Loja Teresópolis,Teresópolis,4,7420.38
Tablet,Eletrônicos,2023-02-11,Loja Nova Iguaçu,Nova Iguaçu,3,6761.21
Roteador,Redes,2023-08-01,Loja Barra,Rio de Janeiro,2,5421.89
Tablet,Eletrônicos,2024-06-23,Loja Sul,Rio de Janeiro,2,9422.26
Pendrive,Armazenamento,2024-05-12,Loja Niterói,Niterói,5,11409.14
Impressora,Periféricos,2023-05-06,Loja São Gonçalo,São Gonçalo,1,3046.99
Smartwatch,Eletrônicos,2024-05-30,Loja São Gonçalo,São Gonçalo,4,3192.15
Smartwatch,Eletrônicos,2023-11-10,Loja Barra,Rio de Janeiro,1,3000.06
Headset,Acessórios,2025-11-10,Loja Duque,Duque de Caxias,5,2388.63
Smartphone,Eletrônicos,2024-06-25,Loja Nova Iguaçu,Nova Iguaçu,5,21073.9
Smartwatch,Eletrônicos,2023-09-05,Loja Nova Iguaçu,Nova Iguaçu,1,1973.63
Headset,Acessórios,2023-03-19,Loja São Gonçalo,São Gonçalo,2,2927.99
HD Externo,Armazenamento,2024-02-20,Loja São Gonçalo,São Gonçalo,5,5267.24
Headset,Acessórios,2025-12-20,Loja Barra,Rio de Janeiro,5,9361.85
Headset,Acessórios,2024-04-27,Loja Barra,Rio de Janeiro,2,3483.55
Teclado,Acessórios,2025-04-19,Loja Niterói,Niterói,1,96.31
HD Externo,Armazenamento,2025-02-17,Loja Centro,Rio de Janeiro,3,9354.95
Headset,Acessórios,2024-03-01,Loja Centro,Rio de Janeiro,3,13841.84
Roteador,Redes,2025-07-04,Loja Sul,Rio de Janeiro,1,696.51
HD Externo,Armazenamento,2023-11-10,Loja Petrópolis,Petrópolis,4,13792.84
Webcam,Periféricos,2024-04-07,Loja Centro,Rio de Janeiro,2,4963.85
Headset,Acessórios,2025-04-16,Loja Teresópolis,Teresópolis,2,6352.29
Mouse,Acessórios,2024-09-30,Loja Petrópolis,Petrópolis,1,3777.66
Cadeira Gamer,Móveis,2024-04-19,Loja Barra,Rio de Janeiro,4,7249.05
Webcam,Periféricos,2025-11-26,Loja Norte,Rio de Janeiro,5,14290.11
Roteador,Redes,2023-02-07,Loja Sul,Rio de Janeiro,2,4151.46
Smartphone,Eletrônicos,2023-05-12,Loja Norte,Rio de Janeiro,4,9686.02
Impressora,Periféricos,2024-05-26,Loja Centro,Rio de Janeiro,3,9742.21
Tablet,Eletrônicos,2023-07-07,Loja Petrópolis,Petrópolis,5,22319.81
Tablet,Eletrônicos,2023-06-13,Loja Teresópolis,Teresópolis,3,8015.65
Roteador,Redes,2024-07-31,Loja Sul,Rio de Janeiro,3,2432.35
Roteador,Redes,2025-06-14,Loja Petrópolis,Petrópolis,3,14240.57
HD Externo,Armazenamento,2024-12-07,Loja Petrópolis,Petrópolis,1,3353.84
Impressora,Periféricos,2023-04-08,Loja Centro,Rio de Janeiro,1,2036.5
Cadeira Gamer,Móveis,2025-10-25,Loja Centro,Rio de Janeiro,3,10972.77
Notebook,Eletrônicos,2023-03-28,Loja Norte,Rio de Janeiro,2,350.02
Cadeira Gamer,Móveis,2025-02-02,Loja Niterói,Niterói,3,864.67
Monitor,Eletrônicos,2023-07-25,Loja Duque,Duque de Caxias,3,2776.44
Webcam,Periféricos,2024-08-25,Loja Sul,Rio de Janeiro,4,14529.35
Smartphone,Eletrônicos,2025-08-29,Loja Duque,Duque de Caxias,4,9756.52
Pendrive,Armazenamento,2023-09-03,Loja Nova Iguaçu,Nova Iguaçu,3,1977.3
Cadeira Gamer,Móveis,2023-05-03,Loja Centro,Rio de Janeiro,1,2487.64
Notebook,Eletrônicos,2024-06-01,Loja Duque,Duque de Caxias,1,1480.72
Teclado,Acessórios,2024-12-07,Loja Petrópolis,Petrópolis,2,7994.53
Cadeira Gamer,Móveis,2024-01-24,Loja Centro,Rio de Janeiro,2,322.92
Notebook,Eletrônicos,2025-11-27,Loja Sul,Rio de Janeiro,1,4602.9
Headset,Acessórios,2025-01-19,Loja Niterói,Niterói,2,593.44
Impressora,Periféricos,2025-05-04,Loja São Gonçalo,São Gonçalo,2,6505.65
Cadeira Gamer,Móveis,2025-03-28,Loja Duque,Duque de Caxias,2,3232.64
Monitor,Eletrônicos,2023-04-15,Loja Duque,Duque de Caxias,4,5988.37
Mesa Escritório,Móveis,2023-04-12,Loja Norte,Rio de Janeiro,4,15409.12
Smartphone,Eletrônicos,2024-08-21,Loja Duque,Duque de Caxias,5,11457.49
Tablet,Eletrônicos,2024-09-03,Loja Sul,Rio de Janeiro,3,9374.72
Impressora,Periféricos,2023-05-15,Loja Teresópolis,Teresópolis,4,979.37
HD Externo,Armazenamento,2024-01-15,Loja Norte,Rio de Janeiro,2,1069.46
Roteador,Redes,2023-04-16,Loja São Gonçalo,São Gonçalo,4,14749.18
Roteador,Redes,2024-06-19,Loja Petrópolis,Petrópolis,4,1906.23
Monitor,Eletrônicos,2025-06-11,Loja Norte,Rio de Janeiro,5,15679.51
Cadeira Gamer,Móveis,2023-01-12,Loja Sul,Rio de Janeiro,4,18955.3
HD Externo,Armazenamento,2025-07-08,Loja Nova Iguaçu,Nova Iguaçu,1,1929.54
Mouse,Acessórios,2025-05-20,Loja Petrópolis,Petrópolis,4,14188.42
Notebook,Eletrônicos,2025-01-30,Loja Centro,Rio de Janeiro,5,22587.29
Roteador,Redes,2025-08-14,Loja Norte,Rio de Janeiro,4,5857.08
Smartphone,Eletrônicos,2025-03-26,Loja Niterói,Niterói,4,4636.32
Roteador,Redes,2024-10-07,Loja São Gonçalo,São Gonçalo,3,14524.11
Roteador,Redes,2024-07-29,Loja Centro,Rio de Janeiro,1,3515.32
Roteador,Redes,2024-01-23,Loja Teresópolis,Teresópolis,3,704.88
Smartwatch,Eletrônicos,2024-10-22,Loja Centro,Rio de Janeiro,4,18932.58
Mesa Escritório,Móveis,2024-12-24,Loja Nova Iguaçu,Nova Iguaçu,2,3408.16
Mesa Escritório,Móveis,2023-06-24,Loja Nova Iguaçu,Nova Iguaçu,1,4254.41
Webcam,Periféricos,2024-03-03,Loja Centro,Rio de Janeiro,3,2512.1
Roteador,Redes,2025-04-07,Loja Nova Iguaçu,Nova Iguaçu,1,4533.84
Mesa Escritório,Móveis,2025-07-02,Loja Sul,Rio de Janeiro,3,8709.1
Impressora,Periféricos,2025-05-10,Loja Petrópolis,Petrópolis,2,790.08
Headset,Acessórios,2023-05-17,Loja Duque,Duque de Caxias,2,4791.76
Mouse,Acessórios,2023-12-22,Loja Nova Iguaçu,Nova Iguaçu,1,3576.53
Pendrive,Armazenamento,2025-12-22,Loja Teresópolis,Teresópolis,5,2320.5
Webcam,Periféricos,2024-12-05,Loja Nova Iguaçu,Nova Iguaçu,4,9830.79
HD Externo,Armazenamento,2024-05-13,Loja Centro,Rio de Janeiro,3,6569.15
Smartwatch,Eletrônicos,2024-11-05,Loja Duque,Duque de Caxias,3,8142.11
Pendrive,Armazenamento,2024-11-10,Loja Sul,Rio de Janeiro,5,7409.36
HD Externo,Armazenamento,2023-08-18,Loja Nova Iguaçu,Nova Iguaçu,3,5261.97
Notebook,Eletrônicos,2023-02-15,Loja São Gonçalo,São Gonçalo,4,13556.44
Cadeira Gamer,Móveis,2024-12-03,Loja Duque,Duque de Caxias,3,2754.49
Monitor,Eletrônicos,2025-07-31,Loja Niterói,Niterói,4,4567.25
Cadeira Gamer,Móveis,2025-05-18,Loja Nova Iguaçu,Nova Iguaçu,1,3705.69
Tablet,Eletrônicos,2025-12-02,Loja Duque,Duque de Caxias,4,6045.55
Smartphone,Eletrônicos,2024-01-20,Loja São Gonçalo,São Gonçalo,4,11891.73
Notebook,Eletrônicos,2025-10-13,Loja Norte,Rio de Janeiro,4,18772.73
Teclado,Acessórios,2025-09-01,Loja Duque,Duque de Caxias,5,17523.25
HD Externo,Armazenamento,2024-05-31,Loja Niterói,Niterói,3,13236.07
Roteador,Redes,2023-11-02,Loja Barra,Rio de Janeiro,5,16378.73
Teclado,Acessórios,2024-10-03,Loja Sul,Rio de Janeiro,4,4072.03
Smartphone,Eletrônicos,2023-11-08,Loja Teresópolis,Teresópolis,2,1065.01
Roteador,Redes,2024-03-11,Loja Duque,Duque de Caxias,2,4250.08
Smartwatch,Eletrônicos,2024-05-25,Loja Teresópolis,Teresópolis,1,894.39
Smartphone,Eletrônicos,2023-03-15,Loja Teresópolis,Teresópolis,1,2627.33
Smartwatch,Eletrônicos,2024-10-03,Loja Duque,Duque de Caxias,2,8042.42
Cadeira Gamer,Móveis,2025-11-09,Loja Sul,Rio de Janeiro,1,2111.8
HD Externo,Armazenamento,2025-05-13,Loja Norte,Rio de Janeiro,5,6466.66
Headset,Acessórios,2025-09-24,Loja Sul,Rio de Janeiro,4,5864.78
Monitor,Eletrônicos,2024-11-10,Loja São Gonçalo,São Gonçalo,1,247.63
Webcam,Periféricos,2024-08-17,Loja Niterói,Niterói,3,9368.94
Monitor,Eletrônicos,2024-04-02,Loja Nova Iguaçu,Nova Iguaçu,2,4817.18
Mouse,Acessórios,2023-11-22,Loja Niterói,Niterói,5,23667.39
Mouse,Acessórios,2024-05-30,Loja Duque,Duque de Caxias,5,268.53
Webcam,Periféricos,2024-02-02,Loja Norte,Rio de Janeiro,3,14590.24
Roteador,Redes,2025-05-16,Loja Teresópolis,Teresópolis,3,14898.67
Smartwatch,Eletrônicos,2025-12-03,Loja Teresópolis,Teresópolis,3,8394.77
Monitor,Eletrônicos,2024-05-18,Loja Norte,Rio de Janeiro,3,10739.19
Roteador,Redes,2024-09-21,Loja São Gonçalo,São Gonçalo,4,9833.68
Mouse,Acessórios,2024-05-14,Loja Petrópolis,Petrópolis,2,1038.27
Headset,Acessórios,2025-02-07,Loja Centro,Rio de Janeiro,1,1586.46
Roteador,Redes,2023-08-14,Loja Norte,Rio de Janeiro,4,13566.4
Smartphone,Eletrônicos,2025-08-05,Loja Barra,Rio de Janeiro,4,6360.9
Roteador,Redes,2024-10-31,Loja Nova Iguaçu,Nova Iguaçu,5,2465.14
Teclado,Acessórios,2024-02-08,Loja Norte,Rio de Janeiro,2,6190.88
HD Externo,Armazenamento,2023-07-12,Loja Nova Iguaçu,Nova Iguaçu,3,1981.83
Tablet,Eletrônicos,2025-09-26,Loja Nova Iguaçu,Nova Iguaçu,5,22034.26
HD Externo,Armazenamento,2025-07-01,Loja Petrópolis,Petrópolis,4,4474.74
Teclado,Acessórios,2024-08-15,Loja Teresópolis,Teresópolis,4,8532.33
Pendrive,Armazenamento,2024-05-11,Loja Barra,Rio de Janeiro,5,7899.12
Pendrive,Armazenamento,2023-02-01,Loja Nova Iguaçu,Nova Iguaçu,3,831.52
Impressora,Periféricos,2025-09-10,Loja Duque,Duque de Caxias,2,7048.8
Impressora,Periféricos,2025-09-26,Loja Sul,Rio de Janeiro,1,4792.85
Headset,Acessórios,2024-08-16,Loja São Gonçalo,São Gonçalo,4,5863.15
Monitor,Eletrônicos,2025-01-03,Loja Centro,Rio de Janeiro,2,506.5
HD Externo,Armazenamento,2023-11-16,Loja Duque,Duque de Caxias,1,4471.1
Cadeira Gamer,Móveis,2025-01-11,Loja Sul,Rio de Janeiro,3,12938.31
Teclado,Acessórios,2025-07-26,Loja Barra,Rio de Janeiro,5,17086.75
Notebook,Eletrônicos,2025-03-18,Loja Niterói,Niterói,3,7864.17
Roteador,Redes,2023-07-06,Loja Barra,Rio de Janeiro,2,159.38
Tablet,Eletrônicos,2024-06-23,Loja Teresópolis,Teresópolis,1,4378.22
Notebook,Eletrônicos,2024-06-24,Loja Norte,Rio de Janeiro,2,2830.82
Smartphone,Eletrônicos,2024-10-11,Loja Nova Iguaçu,Nova Iguaçu,1,1801.72
Pendrive,Armazenamento,2023-01-27,Loja São Gonçalo,São Gonçalo,3,9272.79
Headset,Acessórios,2025-04-06,Loja Norte,Rio de Janeiro,3,5046.83
Impressora,Periféricos,2025-11-14,Loja São Gonçalo,São Gonçalo,4,19459.3
Tablet,Eletrônicos,2025-06-10,Loja Centro,Rio de Janeiro,2,3322.47
Impressora,Periféricos,2024-03-25,Loja Duque,Duque de Caxias,4,16323.8
Mouse,Acessórios,2023-08-26,Loja Centro,Rio de Janeiro,4,19597.86
Smartphone,Eletrônicos,2024-06-01,Loja Norte,Rio de Janeiro,5,682.71
Notebook,Eletrônicos,2025-07-16,Loja São Gonçalo,São Gonçalo,5,17944.35
Webcam,Periféricos,2023-10-10,Loja Sul,Rio de Janeiro,4,9098.95
Impressora,Periféricos,2023-06-21,Loja Niterói,Niterói,5,1577.43
Tablet,Eletrônicos,2024-07-27,Loja Barra,Rio de Janeiro,5,22705.12
Cadeira Gamer,Móveis,2024-04-11,Loja Nova Iguaçu,Nova Iguaçu,2,5890.88
Notebook,Eletrônicos,2025-10-16,Loja Petrópolis,Petrópolis,4,14913.55
Mouse,Acessórios,2023-12-07,Loja Norte,Rio de Janeiro,5,15059.79
HD Externo,Armazenamento,2025-05-23,Loja Niterói,Niterói,5,13771.27
Monitor,Eletrônicos,2024-06-24,Loja Norte,Rio de Janeiro,5,3877.41
Impressora,Periféricos,2023-10-26,Loja Centro,Rio de Janeiro,4,4039.14
Impressora,Periféricos,2023-01-31,Loja Niterói,Niterói,4,18948.37
Tablet,Eletrônicos,2023-08-31,Loja Barra,Rio de Janeiro,4,786.86
Webcam,Periféricos,2024-07-26,Loja Niterói,Niterói,4,8949.47
Impressora,Periféricos,2023-10-10,Loja Sul,Rio de Janeiro,4,9109.92
Teclado,Acessórios,2023-08-22,Loja São Gonçalo,São Gonçalo,3,7705.19
Roteador,Redes,2024-09-09,Loja Barra,Rio de Janeiro,1,2614.12
Smartwatch,Eletrônicos,2024-06-24,Loja Nova Iguaçu,Nova Iguaçu,3,12257.83
Impressora,Periféricos,2025-06-27,Loja Nova Iguaçu,Nova Iguaçu,5,6732.02
Cadeira Gamer,Móveis,2023-11-18,Loja Teresópolis,Teresópolis,4,16700.43
Mouse,Acessórios,2025-04-18,Loja Norte,Rio de Janeiro,3,2815.6
Pendrive,Armazenamento,2023-01-20,Loja Nova Iguaçu,Nova Iguaçu,4,6099.04
Headset,Acessórios,2023-07-20,Loja Niterói,Niterói,3,2406.35
Roteador,Redes,2023-08-19,Loja Norte,Rio de Janeiro,2,4296.36
Tablet,Eletrônicos,2025-07-13,Loja Barra,Rio de Janeiro,3,907.0
Pendrive,Armazenamento,2025-02-06,Loja Teresópolis,Teresópolis,5,12584.2
Pendrive,Armazenamento,2025-06-01,Loja Petrópolis,Petrópolis,3,8115.26
Tablet,Eletrônicos,2023-01-13,Loja Sul,Rio de Janeiro,3,10856.3
Mouse,Acessórios,2024-11-08,Loja Sul,Rio de Janeiro,2,6163.27
Roteador,Redes,2024-12-29,Loja Niterói,Niterói,2,9208.48
Mesa Escritório,Móveis,2023-03-01,Loja Sul,Rio de Janeiro,3,13433.2
Roteador,Redes,2023-10-29,Loja Nova Iguaçu,Nova Iguaçu,4,1192.5
Teclado,Acessórios,2025-04-21,Loja Sul,Rio de Janeiro,5,14376.68
Notebook,Eletrônicos,2025-06-17,Loja Niterói,Niterói,1,666.79
Mouse,Acessórios,2024-02-21,Loja Teresópolis,Teresópolis,5,11553.85
Headset,Acessórios,2023-09-01,Loja Nova Iguaçu,Nova Iguaçu,3,2382.7
Impressora,Periféricos,2023-04-27,Loja São Gonçalo,São Gonçalo,3,1329.77
Smartphone,Eletrônicos,2023-07-06,Loja Norte,Rio de Janeiro,4,2432.95
Mouse,Acessórios,2025-05-25,Loja Sul,Rio de Janeiro,4,233.14
Monitor,Eletrônicos,2023-04-04,Loja Teresópolis,Teresópolis,2,1843.25
Smartphone,Eletrônicos,2024-02-14,Loja Teresópolis,Teresópolis,5,9413.81
Headset,Acessórios,2023-02-10,Loja Teresópolis,Teresópolis,2,6072.09
Pendrive,Armazenamento,2025-01-13,Loja São Gonçalo,São Gonçalo,3,13682.54
Webcam,Periféricos,2023-10-25,Loja Centro,Rio de Janeiro,1,2275.49
Webcam,Periféricos,2025-12-11,Loja Norte,Rio de Janeiro,4,16483.31
Impressora,Periféricos,2025-07-09,Loja Centro,Rio de Janeiro,3,10108.97
HD Externo,Armazenamento,2024-08-02,Loja Niterói,Niterói,1,1896.18
HD Externo,Armazenamento,2024-04-18,Loja Petrópolis,Petrópolis,1,4314.95
Notebook,Eletrônicos,2024-05-16,Loja Nova Iguaçu,Nova Iguaçu,2,9590.19
HD Externo,Armazenamento,2025-05-28,Loja Duque,Duque de Caxias,1,2513.91
Headset,Acessórios,2023-10-07,Loja Niterói,Niterói,5,17740.18
HD Externo,Armazenamento,2025-12-12,Loja Barra,Rio de Janeiro,2,6404.49
Tablet,Eletrônicos,2023-12-27,Loja São Gonçalo,São Gonçalo,4,19898.91
Smartwatch,Eletrônicos,2025-04-15,Loja Duque,Duque de Caxias,4,13806.86
Notebook,Eletrônicos,2023-03-14,Loja Duque,Duque de Caxias,2,2792.73
Mesa Escritório,Móveis,2023-11-29,Loja Norte,Rio de Janeiro,5,17814.64
Mesa Escritório,Móveis,2023-04-09,Loja Teresópolis,Teresópolis,4,5518.51
Monitor,Eletrônicos,2024-10-23,Loja Sul,Rio de Janeiro,2,2280.83
Monitor,Eletrônicos,2023-04-23,Loja Teresópolis,Teresópolis,1,1060.51
Tablet,Eletrônicos,2024-02-05,Loja Barra,Rio de Janeiro,2,194.39
Smartwatch,Eletrônicos,2024-02-26,Loja Teresópolis,Teresópolis,1,2266.28
Mesa Escritório,Móveis,2024-04-19,Loja Sul,Rio de Janeiro,5,13416.86
Monitor,Eletrônicos,2025-12-03,Loja Duque,Duque de Caxias,2,6041.51
Roteador,Redes,2024-10-01,Loja Petrópolis,Petrópolis,5,21643.49
HD Externo,Armazenamento,2023-07-05,Loja Centro,Rio de Janeiro,1,4075.53
Impressora,Periféricos,2024-07-28,Loja Teresópolis,Teresópolis,3,9848.8
Mouse,Acessórios,2024-06-21,Loja Norte,Rio de Janeiro,3,12551.79
Notebook,Eletrônicos,2023-02-22,Loja Sul,Rio de Janeiro,3,14967.44
Headset,Acessórios,2024-11-30,Loja São Gonçalo,São Gonçalo,4,9815.57
Monitor,Eletrônicos,2025-11-18,Loja Petrópolis,Petrópolis,3,695.43
Smartphone,Eletrônicos,2024-05-30,Loja São Gonçalo,São Gonçalo,2,9423.68
Pendrive,Armazenamento,2024-11-08,Loja Sul,Rio de Janeiro,3,11122.72
Webcam,Periféricos,2024-12-16,Loja Barra,Rio de Janeiro,4,14662.84
Tablet,Eletrônicos,2023-09-03,Loja Duque,Duque de Caxias,1,666.61
Pendrive,Armazenamento,2025-05-12,Loja Centro,Rio de Janeiro,1,1462.33
Mesa Escritório,Móveis,2025-09-30,Loja Nova Iguaçu,Nova Iguaçu,4,839.29
Cadeira Gamer,Móveis,2024-11-28,Loja Duque,Duque de Caxias,1,242.79
Pendrive,Armazenamento,2024-08-03,Loja Niterói,Niterói,5,10802.06
Headset,Acessórios,2025-01-09,Loja Niterói,Niterói,5,20624.59
HD Externo,Armazenamento,2024-06-30,Loja Nova Iguaçu,Nova Iguaçu,5,4117.39
HD Externo,Armazenamento,2024-08-19,Loja Niterói,Niterói,3,274.54
Cadeira Gamer,Móveis,2023-02-21,Loja Barra,Rio de Janeiro,3,13656.9
Headset,Acessórios,2024-01-09,Loja Nova Iguaçu,Nova Iguaçu,2,833.33
Smartphone,Eletrônicos,2025-10-21,Loja Niterói,Niterói,5,4700.14
Teclado,Acessórios,2024-05-22,Loja São Gonçalo,São Gonçalo,5,24164.68
Roteador,Redes,2023-05-08,Loja Nova Iguaçu,Nova Iguaçu,4,6164.52
Headset,Acessórios,2024-05-13,Loja Sul,Rio de Janeiro,4,17455.38
Headset,Acessórios,2023-12-08,Loja Centro,Rio de Janeiro,3,13348.34
Pendrive,Armazenamento,2024-05-09,Loja Sul,Rio de Janeiro,3,2146.59
Smartwatch,Eletrônicos,2023-08-17,Loja Barra,Rio de Janeiro,3,8685.69
Pendrive,Armazenamento,2024-02-03,Loja Centro,Rio de Janeiro,4,6994.08
Notebook,Eletrônicos,2024-08-21,Loja Duque,Duque de Caxias,4,11797.48
Mesa Escritório,Móveis,2025-11-02,Loja Duque,Duque de Caxias,4,7512.64
Mesa Escritório,Móveis,2024-01-15,Loja Norte,Rio de Janeiro,4,460.05
HD Externo,Armazenamento,2024-02-22,Loja Sul,Rio de Janeiro,4,16368.85
Tablet,Eletrônicos,2025-11-05,Loja Niterói,Niterói,1,2997.82
Notebook,Eletrônicos,2023-03-10,Loja São Gonçalo,São Gonçalo,3,14054.18
Smartwatch,Eletrônicos,2025-04-26,Loja Duque,Duque de Caxias,4,4947.39
Impressora,Periféricos,2024-12-30,Loja Norte,Rio de Janeiro,1,4799.0
Roteador,Redes,2025-05-10,Loja Nova Iguaçu,Nova Iguaçu,1,4291.29
Tablet,Eletrônicos,2025-07-22,Loja Niterói,Niterói,3,6370.22
Smartwatch,Eletrônicos,2025-09-17,Loja Barra,Rio de Janeiro,2,7573.9
Roteador,Redes,2024-03-10,Loja Nova Iguaçu,Nova Iguaçu,2,4963.51
Teclado,Acessórios,2024-02-13,Loja Centro,Rio de Janeiro,2,245.32
Monitor,Eletrônicos,2024-01-07,Loja Sul,Rio de Janeiro,2,435.35
HD Externo,Armazenamento,2023-11-17,Loja Teresópolis,Teresópolis,4,8781.33
Notebook,Eletrônicos,2025-04-27,Loja Petrópolis,Petrópolis,2,8272.06
Mouse,Acessórios,2024-11-25,Loja Niterói,Niterói,2,5962.78
Smartwatch,Eletrônicos,2024-04-26,Loja Teresópolis,Teresópolis,1,1434.95
HD Externo,Armazenamento,2023-06-04,Loja Norte,Rio de Janeiro,4,7559.98
Mesa Escritório,Móveis,2025-08-28,Loja Petrópolis,Petrópolis,1,4386.91
Roteador,Redes,2024-02-13,Loja Sul,Rio de Janeiro,5,20595.31
Smartwatch,Eletrônicos,2024-03-08,Loja Nova Iguaçu,Nova Iguaçu,3,3901.83
Smartwatch,Eletrônicos,2024-10-15,Loja Norte,Rio de Janeiro,1,3427.3
Smartphone,Eletrônicos,2024-11-06,Loja Sul,Rio de Janeiro,4,11071.25
Webcam,Periféricos,2024-11-03,Loja Petrópolis,Petrópolis,5,14422.41
Cadeira Gamer,Móveis,2024-01-08,Loja São Gonçalo,São Gonçalo,2,2273.36
Webcam,Periféricos,2023-04-11,Loja Centro,Rio de Janeiro,1,4816.64
HD Externo,Armazenamento,2024-05-23,Loja Duque,Duque de Caxias,2,6520.13
Impressora,Periféricos,2025-10-28,Loja Petrópolis,Petrópolis,3,2331.58
Pendrive,Armazenamento,2025-08-21,Loja Barra,Rio de Janeiro,1,3139.48
Pendrive,Armazenamento,2023-11-17,Loja Petrópolis,Petrópolis,1,4633.7
Mesa Escritório,Móveis,2023-10-12,Loja São Gonçalo,São Gonçalo,1,200.49
Headset,Acessórios,2024-06-24,Loja Teresópolis,Teresópolis,3,466.3
Mouse,Acessórios,2025-07-18,Loja São Gonçalo,São Gonçalo,3,1626.48
Webcam,Periféricos,2025-05-28,Loja Centro,Rio de Janeiro,3,8400.29
Smartphone,Eletrônicos,2025-09-04,Loja Barra,Rio de Janeiro,5,16232.22
Roteador,Redes,2025-06-19,Loja Petrópolis,Petrópolis,3,8820.28
Headset,Acessórios,2024-05-05,Loja São Gonçalo,São Gonçalo,2,6814.0
Headset,Acessórios,2024-10-25,Loja Duque,Duque de Caxias,2,6166.75
Teclado,Acessórios,2024-06-04,Loja São Gonçalo,São Gonçalo,3,14483.85
Mouse,Acessórios,2024-04-11,Loja Duque,Duque de Caxias,5,18577.79
Impressora,Periféricos,2023-11-12,Loja Norte,Rio de Janeiro,3,2003.25
Smartwatch,Eletrônicos,2024-08-01,Loja Norte,Rio de Janeiro,5,7351.39
Monitor,Eletrônicos,2025-01-27,Loja Duque,Duque de Caxias,5,6384.29
Pendrive,Armazenamento,2024-12-21,Loja Niterói,Niterói,4,18408.5
Webcam,Periféricos,2023-03-24,Loja Barra,Rio de Janeiro,1,1966.2
Webcam,Periféricos,2023-08-24,Loja Petrópolis,Petrópolis,5,3199.22
Impressora,Periféricos,2025-09-08,Loja Duque,Duque de Caxias,4,14334.69
Cadeira Gamer,Móveis,2024-12-31,Loja Sul,Rio de Janeiro,3,11422.95
Smartphone,Eletrônicos,2023-07-26,Loja Sul,Rio de Janeiro,5,2581.48
Monitor,Eletrônicos,2025-09-04,Loja Nova Iguaçu,Nova Iguaçu,4,3562.46
Notebook,Eletrônicos,2024-02-18,Loja Duque,Duque de Caxias,4,9415.25
Monitor,Eletrônicos,2023-07-08,Loja Duque,Duque de Caxias,4,10976.58
Mesa Escritório,Móveis,2025-05-09,Loja Nova Iguaçu,Nova Iguaçu,5,23124.3
Webcam,Periféricos,2024-07-02,Loja Norte,Rio de Janeiro,5,7451.99
Cadeira Gamer,Móveis,2024-01-12,Loja Sul,Rio de Janeiro,1,476.59
Monitor,Eletrônicos,2025-07-08,Loja Teresópolis,Teresópolis,3,10677.92
Pendrive,Armazenamento,2024-12-15,Loja Barra,Rio de Janeiro,5,10837.36
Teclado,Acessórios,2025-06-25,Loja São Gonçalo,São Gonçalo,5,18352.69
Notebook,Eletrônicos,2023-01-11,Loja Teresópolis,Teresópolis,3,11942.12
Cadeira Gamer,Móveis,2024-10-03,Loja Petrópolis,Petrópolis,5,3919.45
Mouse,Acessórios,2025-07-11,Loja Centro,Rio de Janeiro,4,13095.04
Monitor,Eletrônicos,2024-01-06,Loja Duque,Duque de Caxias,2,8311.28
Smartwatch,Eletrônicos,2025-11-22,Loja Teresópolis,Teresópolis,2,860.92
Pendrive,Armazenamento,2025-09-18,Loja Niterói,Niterói,4,14113.29
Headset,Acessórios,2024-12-03,Loja Centro,Rio de Janeiro,4,15982.68
Smartphone,Eletrônicos,2024-07-16,Loja Norte,Rio de Janeiro,2,5037.52
Mesa Escritório,Móveis,2025-09-13,Loja Teresópolis,Teresópolis,4,11603.59
HD Externo,Armazenamento,2023-07-28,Loja Norte,Rio de Janeiro,3,13435.79
Headset,Acessórios,2025-12-16,Loja Centro,Rio de Janeiro,1,3786.4
Tablet,Eletrônicos,2024-09-21,Loja Norte,Rio de Janeiro,5,13531.27
Pendrive,Armazenamento,2025-06-10,Loja São Gonçalo,São Gonçalo,3,7832.61
Cadeira Gamer,Móveis,2025-03-08,Loja Nova Iguaçu,Nova Iguaçu,4,18684.65
Tablet,Eletrônicos,2024-05-13,Loja Nova Iguaçu,Nova Iguaçu,2,1205.89
HD Externo,Armazenamento,2023-07-08,Loja Sul,Rio de Janeiro,1,2418.22
Pendrive,Armazenamento,2024-06-29,Loja Nova Iguaçu,Nova Iguaçu,1,384.91
Headset,Acessórios,2024-06-08,Loja Norte,Rio de Janeiro,5,9042.02
Impressora,Periféricos,2023-04-14,Loja Niterói,Niterói,2,3974.0
Smartwatch,Eletrônicos,2023-10-17,Loja Niterói,Niterói,2,3474.29
Mesa Escritório,Móveis,2025-08-21,Loja Barra,Rio de Janeiro,1,1396.11
Smartphone,Eletrônicos,2025-06-04,Loja Niterói,Niterói,4,3086.69
Tablet,Eletrônicos,2023-07-31,Loja Duque,Duque de Caxias,1,634.55
Roteador,Redes,2025-07-01,Loja Sul,Rio de Janeiro,5,4174.88
HD Externo,Armazenamento,2025-05-13,Loja Barra,Rio de Janeiro,1,3343.64
Mesa Escritório,Móveis,2025-04-03,Loja Norte,Rio de Janeiro,5,14570.26
Pendrive,Armazenamento,2025-01-14,Loja Teresópolis,Teresópolis,4,15529.13
Tablet,Eletrônicos,2025-01-30,Loja Petrópolis,Petrópolis,5,14172.16
Monitor,Eletrônicos,2023-05-17,Loja Centro,Rio de Janeiro,5,7879.49
Pendrive,Armazenamento,2023-06-15,Loja Nova Iguaçu,Nova Iguaçu,5,17814.04
Cadeira Gamer,Móveis,2024-09-11,Loja Barra,Rio de Janeiro,1,1494.6
Teclado,Acessórios,2025-03-07,Loja Norte,Rio de Janeiro,4,6326.14
Impressora,Periféricos,2023-08-08,Loja São Gonçalo,São Gonçalo,4,3592.73
Cadeira Gamer,Móveis,2023-10-20,Loja Teresópolis,Teresópolis,3,4357.88
Tablet,Eletrônicos,2024-11-23,Loja Sul,Rio de Janeiro,2,2375.95
Roteador,Redes,2023-08-25,Loja Petrópolis,Petrópolis,5,7550.81
Mesa Escritório,Móveis,2025-08-18,Loja Petrópolis,Petrópolis,2,2472.65
Mouse,Acessórios,2023-03-01,Loja São Gonçalo,São Gonçalo,1,3979.21
Cadeira Gamer,Móveis,2024-04-20,Loja Barra,Rio de Janeiro,5,20825.61
Notebook,Eletrônicos,2023-08-01,Loja Petrópolis,Petrópolis,3,9453.59
Webcam,Periféricos,2024-12-11,Loja Petrópolis,Petrópolis,4,7932.84
Tablet,Eletrônicos,2024-12-14,Loja Sul,Rio de Janeiro,3,8167.11
Roteador,Redes,2025-07-24,Loja Niterói,Niterói,4,18990.77
Impressora,Periféricos,2025-03-02,Loja Norte,Rio de Janeiro,4,16524.13
Tablet,Eletrônicos,2024-02-26,Loja Nova Iguaçu,Nova Iguaçu,1,594.16
Tablet,Eletrônicos,2025-07-22,Loja Duque,Duque de Caxias,4,9077.33
HD Externo,Armazenamento,2024-10-03,Loja Teresópolis,Teresópolis,3,11354.65
Pendrive,Armazenamento,2025-10-15,Loja Petrópolis,Petrópolis,5,3010.83
Tablet,Eletrônicos,2024-02-04,Loja Sul,Rio de Janeiro,3,11625.92
Tablet,Eletrônicos,2024-01-18,Loja Niterói,Niterói,3,2780.7
Cadeira Gamer,Móveis,2023-03-11,Loja Teresópolis,Teresópolis,3,1122.15
Cadeira Gamer,Móveis,2024-12-19,Loja Petrópolis,Petrópolis,1,1665.16
Pendrive,Armazenamento,2023-01-11,Loja Nova Iguaçu,Nova Iguaçu,1,3207.33
Pendrive,Armazenamento,2024-08-21,Loja Sul,Rio de Janeiro,5,11000.2
Pendrive,Armazenamento,2023-11-09,Loja Sul,Rio de Janeiro,5,18134.87
Mesa Escritório,Móveis,2024-09-16,Loja Duque,Duque de Caxias,3,14458.04
Pendrive,Armazenamento,2025-06-20,Loja Norte,Rio de Janeiro,1,2824.55
Mesa Escritório,Móveis,2023-09-04,Loja Norte,Rio de Janeiro,4,4808.84
HD Externo,Armazenamento,2023-10-22,Loja Nova Iguaçu,Nova Iguaçu,3,3643.97
Webcam,Periféricos,2023-08-28,Loja Petrópolis,Petrópolis,5,11345.73
HD Externo,Armazenamento,2025-07-11,Loja Centro,Rio de Janeiro,3,4132.78
HD Externo,Armazenamento,2025-04-11,Loja Nova Iguaçu,Nova Iguaçu,1,357.48
Mouse,Acessórios,2025-03-23,Loja Nova Iguaçu,Nova Iguaçu,4,2016.69
Teclado,Acessórios,2023-08-01,Loja Nova Iguaçu,Nova Iguaçu,2,6608.76
Tablet,Eletrônicos,2024-03-13,Loja São Gonçalo,São Gonçalo,5,23664.58
Cadeira Gamer,Móveis,2024-04-23,Loja Duque,Duque de Caxias,3,3865.72
Mesa Escritório,Móveis,2025-07-04,Loja Niterói,Niterói,5,16807.72
Teclado,Acessórios,2025-01-28,Loja Nova Iguaçu,Nova Iguaçu,2,3560.89
Teclado,Acessórios,2023-05-22,Loja Petrópolis,Petrópolis,4,19982.91
Headset,Acessórios,2024-04-07,Loja Teresópolis,Teresópolis,4,17986.9
Cadeira Gamer,Móveis,2023-01-01,Loja Norte,Rio de Janeiro,4,15078.08
Smartphone,Eletrônicos,2023-12-04,Loja Barra,Rio de Janeiro,4,13870.2
Mesa Escritório,Móveis,2023-12-11,Loja Niterói,Niterói,2,7634.14
Monitor,Eletrônicos,2025-05-21,Loja Niterói,Niterói,2,2376.17
HD Externo,Armazenamento,2024-01-01,Loja Barra,Rio de Janeiro,1,429.36
HD Externo,Armazenamento,2023-11-05,Loja São Gonçalo,São Gonçalo,4,7753.6
Monitor,Eletrônicos,2025-08-03,Loja São Gonçalo,São Gonçalo,2,6717.55
Webcam,Periféricos,2023-08-21,Loja Centro,Rio de Janeiro,1,1693.39
HD Externo,Armazenamento,2025-07-01,Loja Barra,Rio de Janeiro,1,3263.08
Pendrive,Armazenamento,2023-09-13,Loja Barra,Rio de Janeiro,2,5978.87
Roteador,Redes,2025-08-03,Loja Barra,Rio de Janeiro,3,10548.62
HD Externo,Armazenamento,2023-05-09,Loja Norte,Rio de Janeiro,5,7261.75
Notebook,Eletrônicos,2023-12-08,Loja Centro,Rio de Janeiro,3,8942.08
Headset,Acessórios,2024-12-10,Loja Petrópolis,Petrópolis,1,4563.54
Headset,Acessórios,2023-12-23,Loja Norte,Rio de Janeiro,3,5117.42
Impressora,Periféricos,2023-01-10,Loja Norte,Rio de Janeiro,2,9522.0
Headset,Acessórios,2023-04-05,Loja Duque,Duque de Caxias,1,1937.75
Mesa Escritório,Móveis,2024-10-30,Loja Centro,Rio de Janeiro,2,7362.45
Impressora,Periféricos,2025-06-02,Loja Norte,Rio de Janeiro,3,3555.71
Cadeira Gamer,Móveis,2025-01-18,Loja Norte,Rio de Janeiro,5,16425.99
Teclado,Acessórios,2024-08-22,Loja Teresópolis,Teresópolis,3,496.58
Cadeira Gamer,Móveis,2023-12-14,Loja Niterói,Niterói,3,13041.52
Webcam,Periféricos,2024-07-22,Loja Duque,Duque de Caxias,5,17250.49
Tablet,Eletrônicos,2023-10-09,Loja Petrópolis,Petrópolis,2,3323.08
Headset,Acessórios,2025-12-27,Loja Nova Iguaçu,Nova Iguaçu,4,924.73
Tablet,Eletrônicos,2025-11-19,Loja São Gonçalo,São Gonçalo,4,3751.93
Mesa Escritório,Móveis,2023-11-21,Loja Centro,Rio de Janeiro,2,5732.16
Smartphone,Eletrônicos,2023-05-04,Loja Teresópolis,Teresópolis,5,18944.59
Headset,Acessórios,2025-06-12,Loja Norte,Rio de Janeiro,3,10462.97
HD Externo,Armazenamento,2023-04-26,Loja Barra,Rio de Janeiro,4,17881.7
Tablet,Eletrônicos,2025-11-24,Loja Duque,Duque de Caxias,1,3657.8
Smartphone,Eletrônicos,2024-03-10,Loja Teresópolis,Teresópolis,3,5492.15
Monitor,Eletrônicos,2023-08-16,Loja Barra,Rio de Janeiro,1,4823.55
Webcam,Periféricos,2025-12-12,Loja Nova Iguaçu,Nova Iguaçu,2,5902.8
Teclado,Acessórios,2023-03-25,Loja Barra,Rio de Janeiro,4,1688.32
Monitor,Eletrônicos,2024-12-15,Loja São Gonçalo,São Gonçalo,3,10172.59
Webcam,Periféricos,2025-11-27,Loja Teresópolis,Teresópolis,3,3767.5
Mesa Escritório,Móveis,2024-06-09,Loja Barra,Rio de Janeiro,4,16698.82
Impressora,Periféricos,2024-06-05,Loja Niterói,Niterói,3,7411.53
Smartphone,Eletrônicos,2025-10-27,Loja Petrópolis,Petrópolis,5,7458.42
Smartphone,Eletrônicos,2024-10-04,Loja Norte,Rio de Janeiro,1,1629.46
Mesa Escritório,Móveis,2025-10-10,Loja Nova Iguaçu,Nova Iguaçu,1,3607.6
Cadeira Gamer,Móveis,2025-04-02,Loja Niterói,Niterói,4,19218.92
Mesa Escritório,Móveis,2024-09-12,Loja Teresópolis,Teresópolis,4,3793.05
Notebook,Eletrônicos,2023-11-15,Loja Norte,Rio de Janeiro,2,6753.17
Smartwatch,Eletrônicos,2023-09-06,Loja Teresópolis,Teresópolis,3,11173.11
Headset,Acessórios,2023-12-29,Loja Petrópolis,Petrópolis,4,14880.39
Teclado,Acessórios,2023-10-23,Loja Niterói,Niterói,4,13212.09
Mouse,Acessórios,2023-11-01,Loja Barra,Rio de Janeiro,1,2510.15
Smartphone,Eletrônicos,2023-08-18,Loja Petrópolis,Petrópolis,5,3342.97
Monitor,Eletrônicos,2023-09-28,Loja Sul,Rio de Janeiro,5,4955.7
Cadeira Gamer,Móveis,2024-06-23,Loja Niterói,Niterói,2,7842.36
Notebook,Eletrônicos,2024-05-09,Loja Barra,Rio de Janeiro,2,6621.63
Cadeira Gamer,Móveis,2025-10-26,Loja Nova Iguaçu,Nova Iguaçu,2,4055.11
Notebook,Eletrônicos,2024-07-11,Loja Niterói,Niterói,1,4032.83
Teclado,Acessórios,2023-03-28,Loja Duque,Duque de Caxias,1,4223.24
Mouse,Acessórios,2023-06-09,Loja São Gonçalo,São Gonçalo,4,1742.96
Monitor,Eletrônicos,2025-08-23,Loja São Gonçalo,São Gonçalo,2,2047.42
HD Externo,Armazenamento,2023-03-14,Loja Petrópolis,Petrópolis,2,5821.2
Mesa Escritório,Móveis,2023-11-29,Loja Duque,Duque de Caxias,3,8182.99
Headset,Acessórios,2025-10-28,Loja Barra,Rio de Janeiro,5,18945.69
HD Externo,Armazenamento,2024-10-03,Loja Teresópolis,Teresópolis,3,6406.63
Monitor,Eletrônicos,2025-08-26,Loja Sul,Rio de Janeiro,1,3147.25
Mesa Escritório,Móveis,2025-06-20,Loja São Gonçalo,São Gonçalo,4,9509.31
Webcam,Periféricos,2025-04-11,Loja Nova Iguaçu,Nova Iguaçu,5,1662.88
HD Externo,Armazenamento,2024-01-29,Loja Nova Iguaçu,Nova Iguaçu,5,9392.05
HD Externo,Armazenamento,2024-06-13,Loja Sul,Rio de Janeiro,3,14562.59
Headset,Acessórios,2023-02-26,Loja Sul,Rio de Janeiro,5,11409.37
Mouse,Acessórios,2023-12-27,Loja Centro,Rio de Janeiro,5,2530.03
Pendrive,Armazenamento,2023-11-23,Loja Nova Iguaçu,Nova Iguaçu,2,3556.03
Teclado,Acessórios,2024-04-22,Loja Petrópolis,Petrópolis,1,1916.77
Tablet,Eletrônicos,2024-01-17,Loja Niterói,Niterói,4,19421.22
Teclado,Acessórios,2023-08-02,Loja Norte,Rio de Janeiro,5,8757.6
Headset,Acessórios,2024-09-20,Loja Niterói,Niterói,3,14293.01
Impressora,Periféricos,2023-09-05,Loja Petrópolis,Petrópolis,5,23459.06
Notebook,Eletrônicos,2025-02-11,Loja Barra,Rio de Janeiro,5,14596.81
Monitor,Eletrônicos,2025-09-07,Loja Sul,Rio de Janeiro,3,5352.0
Notebook,Eletrônicos,2023-03-28,Loja Sul,Rio de Janeiro,3,7937.72
Roteador,Redes,2025-07-28,Loja Norte,Rio de Janeiro,1,1610.28
Teclado,Acessórios,2024-07-15,Loja Petrópolis,Petrópolis,2,7059.76
Teclado,Acessórios,2024-12-28,Loja Nova Iguaçu,Nova Iguaçu,1,1298.74
Mouse,Acessórios,2023-01-02,Loja Barra,Rio de Janeiro,5,11835.94
Cadeira Gamer,Móveis,2024-02-18,Loja Duque,Duque de Caxias,2,6211.29
Tablet,Eletrônicos,2024-09-29,Loja Teresópolis,Teresópolis,5,12116.04
Mouse,Acessórios,2023-07-21,Loja São Gonçalo,São Gonçalo,3,3181.28
HD Externo,Armazenamento,2023-12-23,Loja Barra,Rio de Janeiro,3,12122.48
Teclado,Acessórios,2025-12-25,Loja Teresópolis,Teresópolis,3,6353.14
Mesa Escritório,Móveis,2024-06-20,Loja Centro,Rio de Janeiro,2,9160.96
Headset,Acessórios,2025-03-18,Loja Niterói,Niterói,4,7127.66
Webcam,Periféricos,2023-08-07,Loja Duque,Duque de Caxias,5,10084.68
Monitor,Eletrônicos,2023-03-17,Loja Petrópolis,Petrópolis,2,7724.28
Tablet,Eletrônicos,2023-10-21,Loja São Gonçalo,São Gonçalo,1,4816.27
Webcam,Periféricos,2023-06-20,Loja São Gonçalo,São Gonçalo,5,22914.54
Tablet,Eletrônicos,2025-09-15,Loja Barra,Rio de Janeiro,5,3161.74
Teclado,Acessórios,2024-07-30,Loja Duque,Duque de Caxias,4,9717.55
Cadeira Gamer,Móveis,2024-10-03,Loja Duque,Duque de Caxias,2,7230.97
Smartwatch,Eletrônicos,2025-10-11,Loja Teresópolis,Teresópolis,1,3236.62
Mouse,Acessórios,2025-06-07,Loja Niterói,Niterói,3,10836.04
Smartphone,Eletrônicos,2025-04-26,Loja Petrópolis,Petrópolis,2,8048.21
Tablet,Eletrônicos,2025-07-02,Loja Niterói,Niterói,2,8062.5
Smartphone,Eletrônicos,2025-03-01,Loja Teresópolis,Teresópolis,5,14793.78
Cadeira Gamer,Móveis,2023-01-27,Loja Teresópolis,Teresópolis,1,516.04
HD Externo,Armazenamento,2025-06-26,Loja Niterói,Niterói,5,15876.54
Impressora,Periféricos,2025-12-04,Loja Petrópolis,Petrópolis,4,550.32
Smartphone,Eletrônicos,2023-05-25,Loja Norte,Rio de Janeiro,4,9143.21
Teclado,Acessórios,2024-05-02,Loja Duque,Duque de Caxias,2,449.97
Notebook,Eletrônicos,2025-03-07,Loja Duque,Duque de Caxias,1,3902.29
Smartphone,Eletrônicos,2024-03-04,Loja Barra,Rio de Janeiro,1,891.3
Smartphone,Eletrônicos,2025-11-23,Loja Barra,Rio de Janeiro,1,2999.45
Smartphone,Eletrônicos,2025-03-05,Loja Barra,Rio de Janeiro,3,13285.29
Headset,Acessórios,2025-03-27,Loja Barra,Rio de Janeiro,1,2897.04
Headset,Acessórios,2025-01-26,Loja Petrópolis,Petrópolis,2,7876.01
Notebook,Eletrônicos,2023-03-29,Loja Petrópolis,Petrópolis,3,4183.51
Smartwatch,Eletrônicos,2023-09-01,Loja Sul,Rio de Janeiro,5,1925.19
Tablet,Eletrônicos,2024-05-11,Loja Petrópolis,Petrópolis,3,5682.29
Smartwatch,Eletrônicos,2025-07-24,Loja Sul,Rio de Janeiro,5,24484.35
Monitor,Eletrônicos,2024-01-27,Loja Barra,Rio de Janeiro,4,9589.98
Impressora,Periféricos,2024-06-24,Loja Petrópolis,Petrópolis,1,1286.1
Teclado,Acessórios,2023-07-19,Loja Barra,Rio de Janeiro,3,12623.75
Headset,Acessórios,2023-02-13,Loja Petrópolis,Petrópolis,5,255.96
Mesa Escritório,Móveis,2023-01-16,Loja Duque,Duque de Caxias,4,14660.16
Mesa Escritório,Móveis,2023-11-02,Loja Petrópolis,Petrópolis,4,9164.56
Mouse,Acessórios,2023-12-27,Loja Centro,Rio de Janeiro,1,2849.96
Teclado,Acessórios,2025-09-10,Loja Barra,Rio de Janeiro,2,6309.5
Headset,Acessórios,2023-03-21,Loja Barra,Rio de Janeiro,3,5379.4
Roteador,Redes,2023-10-19,Loja Barra,Rio de Janeiro,5,20628.5
Monitor,Eletrônicos,2025-08-05,Loja Norte,Rio de Janeiro,5,13196.06
Monitor,Eletrônicos,2025-12-15,Loja Duque,Duque de Caxias,1,290.85
Webcam,Periféricos,2023-01-25,Loja Norte,Rio de Janeiro,2,7954.5
Smartwatch,Eletrônicos,2024-10-05,Loja Niterói,Niterói,2,5856.69
Tablet,Eletrônicos,2023-12-04,Loja Niterói,Niterói,3,5770.0
Mouse,Acessórios,2023-12-11,Loja Sul,Rio de Janeiro,3,8006.91
Mesa Escritório,Móveis,2023-11-21,Loja Duque,Duque de Caxias,3,8174.4
Roteador,Redes,2025-04-29,Loja Sul,Rio de Janeiro,5,1894.59
HD Externo,Armazenamento,2023-12-10,Loja Teresópolis,Teresópolis,5,4821.17
Teclado,Acessórios,2025-08-07,Loja Petrópolis,Petrópolis,5,15279.64
Roteador,Redes,2023-11-05,Loja Nova Iguaçu,Nova Iguaçu,4,19227.98
HD Externo,Armazenamento,2023-09-16,Loja Nova Iguaçu,Nova Iguaçu,5,23118.58
Tablet,Eletrônicos,2024-09-30,Loja Niterói,Niterói,3,14458.25
Pendrive,Armazenamento,2024-03-13,Loja Centro,Rio de Janeiro,2,6733.08
Tablet,Eletrônicos,2024-10-04,Loja Barra,Rio de Janeiro,3,10094.32
Impressora,Periféricos,2025-07-09,Loja Centro,Rio de Janeiro,2,2238.8
Pendrive,Armazenamento,2023-03-14,Loja Duque,Duque de Caxias,5,16920.49
Webcam,Periféricos,2025-01-01,Loja Petrópolis,Petrópolis,5,8360.31
Pendrive,Armazenamento,2025-01-01,Loja São Gonçalo,São Gonçalo,4,5736.83
Webcam,Periféricos,2025-08-29,Loja Sul,Rio de Janeiro,5,2087.12
Cadeira Gamer,Móveis,2023-01-24,Loja Centro,Rio de Janeiro,5,19956.24
Mouse,Acessórios,2024-03-16,Loja Centro,Rio de Janeiro,4,14322.14
HD Externo,Armazenamento,2025-07-14,Loja Norte,Rio de Janeiro,3,14248.23
Mesa Escritório,Móveis,2023-01-31,Loja Sul,Rio de Janeiro,2,5649.33
Mesa Escritório,Móveis,2025-04-30,Loja São Gonçalo,São Gonçalo,5,20795.91
Notebook,Eletrônicos,2023-10-28,Loja Sul,Rio de Janeiro,1,3094.28
Tablet,Eletrônicos,2024-12-02,Loja Barra,Rio de Janeiro,5,24192.54
Teclado,Acessórios,2023-01-21,Loja Sul,Rio de Janeiro,5,14179.69
Teclado,Acessórios,2023-12-08,Loja Niterói,Niterói,1,3863.19
Mesa Escritório,Móveis,2025-08-28,Loja Centro,Rio de Janeiro,3,1940.71
Headset,Acessórios,2023-02-03,Loja São Gonçalo,São Gonçalo,4,16714.0
Impressora,Periféricos,2024-05-23,Loja Centro,Rio de Janeiro,2,2822.16
Impressora,Periféricos,2023-09-02,Loja Norte,Rio de Janeiro,4,13019.27
Mesa Escritório,Móveis,2025-09-07,Loja Nova Iguaçu,Nova Iguaçu,2,5048.19
Tablet,Eletrônicos,2023-10-26,Loja Sul,Rio de Janeiro,2,6409.47
Webcam,Periféricos,2025-08-05,Loja Sul,Rio de Janeiro,3,2143.96
Monitor,Eletrônicos,2024-05-03,Loja Centro,Rio de Janeiro,3,3025.78
Cadeira Gamer,Móveis,2024-09-29,Loja Norte,Rio de Janeiro,2,2226.79
Smartwatch,Eletrônicos,2024-01-25,Loja Sul,Rio de Janeiro,2,6648.78
Roteador,Redes,2024-11-08,Loja Centro,Rio de Janeiro,1,1355.13
Roteador,Redes,2024-06-01,Loja Petrópolis,Petrópolis,1,3198.87
Cadeira Gamer,Móveis,2025-03-24,Loja Niterói,Niterói,4,11202.69
Pendrive,Armazenamento,2025-12-01,Loja Centro,Rio de Janeiro,3,10052.3
Monitor,Eletrônicos,2025-07-30,Loja Duque,Duque de Caxias,4,12613.17
Webcam,Periféricos,2024-08-15,Loja Barra,Rio de Janeiro,1,4014.88
Notebook,Eletrônicos,2023-10-10,Loja Petrópolis,Petrópolis,3,4092.38
Roteador,Redes,2025-11-03,Loja Teresópolis,Teresópolis,2,1286.66
Mouse,Acessórios,2025-03-29,Loja Petrópolis,Petrópolis,3,11934.85
Smartwatch,Eletrônicos,2025-09-14,Loja Duque,Duque de Caxias,2,1745.19
Smartwatch,Eletrônicos,2024-09-06,Loja São Gonçalo,São Gonçalo,4,15139.79
Impressora,Periféricos,2023-04-19,Loja Petrópolis,Petrópolis,1,1457.75
Pendrive,Armazenamento,2025-12-30,Loja Centro,Rio de Janeiro,5,11577.12
Notebook,Eletrônicos,2024-09-01,Loja Centro,Rio de Janeiro,3,4960.57
Smartwatch,Eletrônicos,2023-11-25,Loja Sul,Rio de Janeiro,5,8270.58
Impressora,Periféricos,2025-03-05,Loja Teresópolis,Teresópolis,3,3139.52
Webcam,Periféricos,2023-10-13,Loja São Gonçalo,São Gonçalo,3,2782.37
Tablet,Eletrônicos,2025-02-09,Loja Nova Iguaçu,Nova Iguaçu,2,211.96
Mouse,Acessórios,2024-08-11,Loja Niterói,Niterói,1,2973.82
Smartwatch,Eletrônicos,2023-10-21,Loja Niterói,Niterói,5,10458.78
Monitor,Eletrônicos,2023-04-15,Loja São Gonçalo,São Gonçalo,1,3601.34
Mesa Escritório,Móveis,2023-01-12,Loja Teresópolis,Teresópolis,2,7300.36
Mesa Escritório,Móveis,2025-06-02,Loja Norte,Rio de Janeiro,3,7733.66
Impressora,Periféricos,2025-05-14,Loja Duque,Duque de Caxias,5,10959.98
Notebook,Eletrônicos,2024-05-28,Loja Sul,Rio de Janeiro,3,4945.4
HD Externo,Armazenamento,2023-12-09,Loja Duque,Duque de Caxias,5,12532.87
Webcam,Periféricos,2025-06-03,Loja Nova Iguaçu,Nova Iguaçu,2,9003.41
HD Externo,Armazenamento,2025-02-13,Loja Petrópolis,Petrópolis,3,6125.88
Tablet,Eletrônicos,2025-05-14,Loja Petrópolis,Petrópolis,5,16632.87
Notebook,Eletrônicos,2024-07-10,Loja Teresópolis,Teresópolis,4,16108.89
Monitor,Eletrônicos,2025-04-22,Loja São Gonçalo,São Gonçalo,1,2667.44
Mesa Escritório,Móveis,2024-08-07,Loja Duque,Duque de Caxias,3,2673.77
Mesa Escritório,Móveis,2024-12-27,Loja Petrópolis,Petrópolis,3,2697.89
Cadeira Gamer,Móveis,2023-11-29,Loja Sul,Rio de Janeiro,2,9245.22
Impressora,Periféricos,2025-06-27,Loja Duque,Duque de Caxias,2,232.42
Mouse,Acessórios,2025-12-26,Loja Barra,Rio de Janeiro,2,4118.55
Webcam,Periféricos,2024-05-03,Loja Duque,Duque de Caxias,3,6023.69
Cadeira Gamer,Móveis,2024-01-15,Loja Petrópolis,Petrópolis,4,294.45
HD Externo,Armazenamento,2023-10-29,Loja Nova Iguaçu,Nova Iguaçu,2,8788.91
Cadeira Gamer,Móveis,2023-12-05,Loja Sul,Rio de Janeiro,3,14796.92
Tablet,Eletrônicos,2024-10-27,Loja Duque,Duque de Caxias,4,14174.18
Impressora,Periféricos,2024-07-12,Loja Niterói,Niterói,2,1173.36
Smartwatch,Eletrônicos,2025-06-04,Loja Norte,Rio de Janeiro,5,24023.93
Impressora,Periféricos,2023-06-24,Loja Barra,Rio de Janeiro,5,11639.55
HD Externo,Armazenamento,2025-08-21,Loja Niterói,Niterói,3,5852.19
Notebook,Eletrônicos,2025-10-29,Loja Centro,Rio de Janeiro,5,16324.63
HD Externo,Armazenamento,2024-07-08,Loja Norte,Rio de Janeiro,2,9639.7
Tablet,Eletrônicos,2023-03-25,Loja São Gonçalo,São Gonçalo,2,2976.88
Smartwatch,Eletrônicos,2023-01-20,Loja Niterói,Niterói,3,2478.14
Tablet,Eletrônicos,2025-07-29,Loja Niterói,Niterói,4,19949.28
Roteador,Redes,2025-10-05,Loja Barra,Rio de Janeiro,2,543.27
Roteador,Redes,2025-06-27,Loja Petrópolis,Petrópolis,1,1861.93
Mouse,Acessórios,2025-02-04,Loja Niterói,Niterói,4,12183.29
Webcam,Periféricos,2023-09-23,Loja Centro,Rio de Janeiro,3,3946.29
Tablet,Eletrônicos,2024-06-26,Loja Sul,Rio de Janeiro,3,10660.71
Smartwatch,Eletrônicos,2025-01-03,Loja Barra,Rio de Janeiro,5,18778.67
Monitor,Eletrônicos,2025-06-07,Loja Petrópolis,Petrópolis,3,5848.0
Notebook,Eletrônicos,2024-11-21,Loja Duque,Duque de Caxias,2,1678.04
Cadeira Gamer,Móveis,2024-02-10,Loja Duque,Duque de Caxias,2,6545.74
Monitor,Eletrônicos,2025-11-26,Loja Petrópolis,Petrópolis,5,12752.79
HD Externo,Armazenamento,2023-01-27,Loja São Gonçalo,São Gonçalo,1,1969.51
Mesa Escritório,Móveis,2024-09-07,Loja Petrópolis,Petrópolis,1,3395.64
Headset,Acessórios,2024-11-03,Loja Teresópolis,Teresópolis,3,6365.32
Roteador,Redes,2023-08-14,Loja Niterói,Niterói,1,1239.59
Headset,Acessórios,2023-05-25,Loja Barra,Rio de Janeiro,2,8383.98
Teclado,Acessórios,2024-06-17,Loja Centro,Rio de Janeiro,2,285.39
Roteador,Redes,2023-01-29,Loja Niterói,Niterói,4,8444.56
Smartphone,Eletrônicos,2023-09-19,Loja Norte,Rio de Janeiro,3,13785.4
Roteador,Redes,2023-09-16,Loja Centro,Rio de Janeiro,4,11537.3
Mesa Escritório,Móveis,2023-08-12,Loja Nova Iguaçu,Nova Iguaçu,1,3928.01
Pendrive,Armazenamento,2024-12-01,Loja Norte,Rio de Janeiro,3,3165.27
Smartwatch,Eletrônicos,2023-04-16,Loja Niterói,Niterói,1,2661.06
Smartphone,Eletrônicos,2025-08-17,Loja Centro,Rio de Janeiro,2,6381.37
Roteador,Redes,2024-11-05,Loja Barra,Rio de Janeiro,3,11940.82
Smartphone,Eletrônicos,2025-07-01,Loja Barra,Rio de Janeiro,2,274.54
Mesa Escritório,Móveis,2024-04-10,Loja Petrópolis,Petrópolis,1,4035.48
Cadeira Gamer,Móveis,2023-03-15,Loja Teresópolis,Teresópolis,4,10483.63
HD Externo,Armazenamento,2025-06-30,Loja Nova Iguaçu,Nova Iguaçu,2,1739.59
Monitor,Eletrônicos,2023-08-30,Loja Duque,Duque de Caxias,2,9614.27
Mouse,Acessórios,2023-02-25,Loja Nova Iguaçu,Nova Iguaçu,5,16375.36
Notebook,Eletrônicos,2023-04-08,Loja Petrópolis,Petrópolis,1,2545.89
Tablet,Eletrônicos,2023-11-23,Loja Centro,Rio de Janeiro,3,4877.16
Monitor,Eletrônicos,2023-08-22,Loja Barra,Rio de Janeiro,4,13220.12
Headset,Acessórios,2023-04-05,Loja Centro,Rio de Janeiro,5,9312.2
Teclado,Acessórios,2023-07-27,Loja Norte,Rio de Janeiro,1,2906.49
Webcam,Periféricos,2025-06-29,Loja Norte,Rio de Janeiro,5,10503.48
Cadeira Gamer,Móveis,2023-08-20,Loja Petrópolis,Petrópolis,5,5634.2
Tablet,Eletrônicos,2023-12-02,Loja Nova Iguaçu,Nova Iguaçu,4,11012.04
Notebook,Eletrônicos,2024-07-20,Loja Sul,Rio de Janeiro,3,8003.32
Impressora,Periféricos,2024-04-20,Loja Niterói,Niterói,2,8816.54
Impressora,Periféricos,2025-04-23,Loja Sul,Rio de Janeiro,4,7749.25
Impressora,Periféricos,2025-07-02,Loja Teresópolis,Teresópolis,4,6907.68
Smartphone,Eletrônicos,2023-12-07,Loja Duque,Duque de Caxias,1,1986.93
Mouse,Acessórios,2024-11-03,Loja Norte,Rio de Janeiro,5,15067.24
Webcam,Periféricos,2025-12-18,Loja Duque,Duque de Caxias,5,6584.22
Notebook,Eletrônicos,2024-07-25,Loja Centro,Rio de Janeiro,2,1050.92
Mouse,Acessórios,2023-10-13,Loja Petrópolis,Petrópolis,2,2233.39
Webcam,Periféricos,2023-06-09,Loja Petrópolis,Petrópolis,5,14927.12
Smartphone,Eletrônicos,2025-06-29,Loja São Gonçalo,São Gonçalo,5,5513.74
HD Externo,Armazenamento,2023-05-09,Loja Niterói,Niterói,4,7323.86
Headset,Acessórios,2023-01-29,Loja Barra,Rio de Janeiro,5,9648.25
Roteador,Redes,2023-12-02,Loja Duque,Duque de Caxias,2,5279.21
Tablet,Eletrônicos,2024-01-06,Loja Centro,Rio de Janeiro,5,13922.88
Tablet,Eletrônicos,2025-10-26,Loja São Gonçalo,São Gonçalo,1,3081.25
Notebook,Eletrônicos,2023-03-30,Loja Centro,Rio de Janeiro,1,208.96
Monitor,Eletrônicos,2025-11-07,Loja Petrópolis,Petrópolis,4,8857.64
Monitor,Eletrônicos,2023-11-23,Loja Centro,Rio de Janeiro,4,16974.87
Mouse,Acessórios,2023-10-04,Loja Norte,Rio de Janeiro,4,10470.98
Mesa Escritório,Móveis,2025-10-06,Loja Centro,Rio de Janeiro,2,5282.04
Mouse,Acessórios,2024-10-14,Loja Petrópolis,Petrópolis,4,17717.92
Cadeira Gamer,Móveis,2025-06-06,Loja Petrópolis,Petrópolis,4,17720.84
HD Externo,Armazenamento,2023-11-16,Loja São Gonçalo,São Gonçalo,1,4669.52
Cadeira Gamer,Móveis,2024-06-16,Loja Barra,Rio de Janeiro,2,5291.56
Smartwatch,Eletrônicos,2024-06-10,Loja Petrópolis,Petrópolis,1,1558.57
Impressora,Periféricos,2025-01-19,Loja Petrópolis,Petrópolis,4,10785.18
Teclado,Acessórios,2023-09-12,Loja Petrópolis,Petrópolis,3,14418.98
HD Externo,Armazenamento,2023-11-03,Loja Nova Iguaçu,Nova Iguaçu,3,10543.79
HD Externo,Armazenamento,2023-08-18,Loja Sul,Rio de Janeiro,3,8365.9
HD Externo,Armazenamento,2024-09-20,Loja Norte,Rio de Janeiro,2,8984.23
Roteador,Redes,2025-03-30,Loja Centro,Rio de Janeiro,3,6438.36
Roteador,Redes,2025-03-17,Loja Norte,Rio de Janeiro,2,6514.4
Notebook,Eletrônicos,2025-03-21,Loja Duque,Duque de Caxias,4,14417.52
Notebook,Eletrônicos,2024-09-15,Loja Sul,Rio de Janeiro,5,479.35
Smartwatch,Eletrônicos,2024-05-11,Loja Centro,Rio de Janeiro,4,7655.89
Mesa Escritório,Móveis,2025-09-20,Loja Norte,Rio de Janeiro,4,5646.05
Webcam,Periféricos,2025-06-05,Loja Duque,Duque de Caxias,3,9922.22
Mesa Escritório,Móveis,2023-08-29,Loja Duque,Duque de Caxias,4,2518.46
Notebook,Eletrônicos,2023-03-31,Loja Sul,Rio de Janeiro,3,7258.4
Webcam,Periféricos,2025-08-12,Loja Barra,Rio de Janeiro,3,6686.22
Notebook,Eletrônicos,2025-10-23,Loja Norte,Rio de Janeiro,2,692.49
Smartwatch,Eletrônicos,2023-06-02,Loja Centro,Rio de Janeiro,2,9354.33
Tablet,Eletrônicos,2023-03-30,Loja Sul,Rio de Janeiro,2,3811.8
Headset,Acessórios,2023-03-20,Loja Sul,Rio de Janeiro,5,16158.0
Mouse,Acessórios,2025-07-25,Loja Petrópolis,Petrópolis,3,10289.02
Mesa Escritório,Móveis,2023-06-18,Loja Nova Iguaçu,Nova Iguaçu,2,9172.87
Pendrive,Armazenamento,2023-11-24,Loja Norte,Rio de Janeiro,2,3787.27
Tablet,Eletrônicos,2024-10-04,Loja Petrópolis,Petrópolis,5,3950.21
HD Externo,Armazenamento,2024-05-15,Loja Norte,Rio de Janeiro,5,17129.19
Notebook,Eletrônicos,2024-05-11,Loja Barra,Rio de Janeiro,2,2526.44
Tablet,Eletrônicos,2025-08-24,Loja Petrópolis,Petrópolis,5,7547.56
Smartwatch,Eletrônicos,2024-09-14,Loja Duque,Duque de Caxias,1,1209.02
Cadeira Gamer,Móveis,2023-10-31,Loja Teresópolis,Teresópolis,1,3108.68
Smartphone,Eletrônicos,2023-12-31,Loja Teresópolis,Teresópolis,2,7229.1
Roteador,Redes,2023-09-16,Loja Nova Iguaçu,Nova Iguaçu,3,8278.71
Mesa Escritório,Móveis,2024-03-14,Loja São Gonçalo,São Gonçalo,1,763.22
Tablet,Eletrônicos,2024-02-03,Loja São Gonçalo,São Gonçalo,4,17083.92
Smartwatch,Eletrônicos,2024-07-05,Loja Teresópolis,Teresópolis,5,24703.02
Tablet,Eletrônicos,2024-07-11,Loja Barra,Rio de Janeiro,5,19025.07
Mesa Escritório,Móveis,2024-12-19,Loja Centro,Rio de Janeiro,5,19508.84
Tablet,Eletrônicos,2023-11-19,Loja Sul,Rio de Janeiro,3,8242.31
Roteador,Redes,2025-04-25,Loja Sul,Rio de Janeiro,2,2355.14
Mesa Escritório,Móveis,2024-10-23,Loja Petrópolis,Petrópolis,2,7883.71
Mesa Escritório,Móveis,2023-07-09,Loja Petrópolis,Petrópolis,4,17628.75
Headset,Acessórios,2024-05-20,Loja Centro,Rio de Janeiro,2,1538.09
Smartphone,Eletrônicos,2025-11-12,Loja São Gonçalo,São Gonçalo,4,4606.74
Cadeira Gamer,Móveis,2024-06-01,Loja Barra,Rio de Janeiro,2,3376.43
Smartwatch,Eletrônicos,2023-09-18,Loja Centro,Rio de Janeiro,1,947.97
Cadeira Gamer,Móveis,2025-10-22,Loja São Gonçalo,São Gonçalo,1,2505.9
Smartwatch,Eletrônicos,2025-04-25,Loja São Gonçalo,São Gonçalo,2,5092.21
HD Externo,Armazenamento,2025-04-25,Loja Duque,Duque de Caxias,5,20730.68
Cadeira Gamer,Móveis,2025-09-16,Loja Niterói,Niterói,5,4241.09
Pendrive,Armazenamento,2023-12-03,Loja Norte,Rio de Janeiro,4,8616.4
Pendrive,Armazenamento,2023-06-10,Loja Sul,Rio de Janeiro,5,18357.42
Mouse,Acessórios,2025-09-14,Loja Barra,Rio de Janeiro,1,343.77
Mesa Escritório,Móveis,2024-12-11,Loja Nova Iguaçu,Nova Iguaçu,3,8859.66
Smartphone,Eletrônicos,2024-01-13,Loja Nova Iguaçu,Nova Iguaçu,2,7852.74
Mesa Escritório,Móveis,2024-12-20,Loja Duque,Duque de Caxias,4,18929.74
Monitor,Eletrônicos,2025-11-22,Loja Teresópolis,Teresópolis,5,736.65
Smartphone,Eletrônicos,2023-05-13,Loja Duque,Duque de Caxias,5,21815.54
Mouse,Acessórios,2025-01-02,Loja Sul,Rio de Janeiro,2,2950.12
Roteador,Redes,2023-03-10,Loja Teresópolis,Teresópolis,2,1654.7
Notebook,Eletrônicos,2023-09-13,Loja Sul,Rio de Janeiro,3,13158.94
Headset,Acessórios,2024-07-30,Loja Nova Iguaçu,Nova Iguaçu,1,419.04
Notebook,Eletrônicos,2025-06-13,Loja Sul,Rio de Janeiro,4,12638.84
HD Externo,Armazenamento,2023-04-04,Loja Sul,Rio de Janeiro,3,1861.14
Monitor,Eletrônicos,2024-03-05,Loja São Gonçalo,São Gonçalo,2,1659.65
Webcam,Periféricos,2024-02-08,Loja São Gonçalo,São Gonçalo,1,3469.54
Pendrive,Armazenamento,2023-12-12,Loja São Gonçalo,São Gonçalo,3,13710.56
Impressora,Periféricos,2024-11-01,Loja Nova Iguaçu,Nova Iguaçu,3,11948.83
Webcam,Periféricos,2023-04-01,Loja Niterói,Niterói,2,2092.88
Mouse,Acessórios,2023-03-21,Loja Barra,Rio de Janeiro,5,894.31
Notebook,Eletrônicos,2023-07-13,Loja Centro,Rio de Janeiro,4,19803.94
Impressora,Periféricos,2024-07-27,Loja Niterói,Niterói,2,9898.11
Mouse,Acessórios,2025-06-14,Loja Norte,Rio de Janeiro,3,6221.32
Impressora,Periféricos,2024-04-09,Loja Norte,Rio de Janeiro,5,5100.61
Roteador,Redes,2024-09-12,Loja Duque,Duque de Caxias,3,11305.04
Cadeira Gamer,Móveis,2025-11-28,Loja Centro,Rio de Janeiro,2,3872.16
Mesa Escritório,Móveis,2024-06-30,Loja Barra,Rio de Janeiro,2,3814.61
Monitor,Eletrônicos,2025-02-09,Loja Teresópolis,Teresópolis,2,1610.69
Teclado,Acessórios,2023-07-20,Loja Barra,Rio de Janeiro,2,887.65
Teclado,Acessórios,2024-12-25,Loja Norte,Rio de Janeiro,2,7390.87
Monitor,Eletrônicos,2025-12-01,Loja Nova Iguaçu,Nova Iguaçu,5,18711.46
Monitor,Eletrônicos,2024-08-16,Loja Barra,Rio de Janeiro,2,7426.56
HD Externo,Armazenamento,2023-03-14,Loja São Gonçalo,São Gonçalo,5,22259.76
Teclado,Acessórios,2024-06-30,Loja Nova Iguaçu,Nova Iguaçu,2,5623.07
Teclado,Acessórios,2024-02-25,Loja Nova Iguaçu,Nova Iguaçu,4,18243.97
Roteador,Redes,2024-04-06,Loja São Gonçalo,São Gonçalo,1,1313.95
Tablet,Eletrônicos,2023-02-07,Loja Barra,Rio de Janeiro,4,617.23
Mouse,Acessórios,2025-11-20,Loja Norte,Rio de Janeiro,5,18335.99
Mouse,Acessórios,2023-02-09,Loja Niterói,Niterói,1,187.57
Roteador,Redes,2024-10-03,Loja Nova Iguaçu,Nova Iguaçu,2,4939.61
Webcam,Periféricos,2025-01-29,Loja São Gonçalo,São Gonçalo,1,3115.91
Tablet,Eletrônicos,2024-08-30,Loja São Gonçalo,São Gonçalo,2,7227.46
HD Externo,Armazenamento,2023-02-24,Loja Centro,Rio de Janeiro,1,2382.11
Notebook,Eletrônicos,2023-07-15,Loja Centro,Rio de Janeiro,5,10352.75
Smartwatch,Eletrônicos,2023-10-13,Loja Barra,Rio de Janeiro,2,6202.18
Smartwatch,Eletrônicos,2023-05-20,Loja Teresópolis,Teresópolis,3,5078.38
Mesa Escritório,Móveis,2024-07-26,Loja São Gonçalo,São Gonçalo,3,14287.73
HD Externo,Armazenamento,2023-06-19,Loja São Gonçalo,São Gonçalo,1,1557.15
Mesa Escritório,Móveis,2023-01-10,Loja Niterói,Niterói,4,4835.88
Pendrive,Armazenamento,2024-05-28,Loja Duque,Duque de Caxias,4,11917.43
Smartphone,Eletrônicos,2023-08-06,Loja Niterói,Niterói,4,18276.05
Mouse,Acessórios,2024-10-20,Loja Sul,Rio de Janeiro,3,1782.53
HD Externo,Armazenamento,2024-05-20,Loja Sul,Rio de Janeiro,5,4502.99
Impressora,Periféricos,2023-04-07,Loja Niterói,Niterói,4,10538.56
Webcam,Periféricos,2024-08-21,Loja Sul,Rio de Janeiro,2,7463.83
Pendrive,Armazenamento,2024-06-26,Loja São Gonçalo,São Gonçalo,5,7385.93
Roteador,Redes,2024-07-17,Loja Barra,Rio de Janeiro,4,8999.94
HD Externo,Armazenamento,2023-11-19,Loja Teresópolis,Teresópolis,1,1441.69
Headset,Acessórios,2023-08-07,Loja Barra,Rio de Janeiro,2,1704.84
Webcam,Periféricos,2023-09-03,Loja Centro,Rio de Janeiro,3,4066.14
Mouse,Acessórios,2025-11-14,Loja Teresópolis,Teresópolis,2,8759.13
Pendrive,Armazenamento,2025-10-01,Loja Norte,Rio de Janeiro,3,10749.79
Pendrive,Armazenamento,2024-01-22,Loja Petrópolis,Petrópolis,5,4382.91
Roteador,Redes,2025-09-26,Loja Sul,Rio de Janeiro,2,889.37
Smartphone,Eletrônicos,2025-02-24,Loja Duque,Duque de Caxias,1,1688.82
Impressora,Periféricos,2025-12-08,Loja Barra,Rio de Janeiro,4,3362.42
Pendrive,Armazenamento,2024-08-19,Loja Sul,Rio de Janeiro,2,4298.84
Smartphone,Eletrônicos,2023-06-04,Loja Sul,Rio de Janeiro,4,10515.72
Tablet,Eletrônicos,2024-07-21,Loja Duque,Duque de Caxias,3,13598.68
Pendrive,Armazenamento,2024-07-18,Loja Barra,Rio de Janeiro,3,11443.89
Webcam,Periféricos,2025-06-23,Loja São Gonçalo,São Gonçalo,2,966.12
Mesa Escritório,Móveis,2023-10-19,Loja Teresópolis,Teresópolis,2,6395.41
Tablet,Eletrônicos,2025-05-24,Loja Sul,Rio de Janeiro,4,15748.35
Notebook,Eletrônicos,2025-06-27,Loja Nova Iguaçu,Nova Iguaçu,4,16840.35
Monitor,Eletrônicos,2024-06-04,Loja Duque,Duque de Caxias,2,9050.7
Notebook,Eletrônicos,2024-03-02,Loja Norte,Rio de Janeiro,1,4457.9
Pendrive,Armazenamento,2025-01-31,Loja Duque,Duque de Caxias,3,14886.24
Impressora,Periféricos,2025-01-08,Loja São Gonçalo,São Gonçalo,1,89.13
Headset,Acessórios,2023-01-26,Loja Teresópolis,Teresópolis,3,12738.18
Smartphone,Eletrônicos,2025-06-01,Loja Niterói,Niterói,2,9481.12
Cadeira Gamer,Móveis,2025-05-04,Loja Petrópolis,Petrópolis,2,2755.91
Impressora,Periféricos,2024-03-17,Loja Norte,Rio de Janeiro,2,4318.97
Mesa Escritório,Móveis,2023-04-28,Loja Nova Iguaçu,Nova Iguaçu,2,3525.94
Monitor,Eletrônicos,2023-07-27,Loja São Gonçalo,São Gonçalo,5,3290.05
Pendrive,Armazenamento,2025-05-16,Loja Sul,Rio de Janeiro,5,12064.78
HD Externo,Armazenamento,2024-05-31,Loja Petrópolis,Petrópolis,4,3810.12
Notebook,Eletrônicos,2024-05-14,Loja Teresópolis,Teresópolis,4,2289.87
Cadeira Gamer,Móveis,2023-01-07,Loja Barra,Rio de Janeiro,2,7861.79
Webcam,Periféricos,2024-07-23,Loja Centro,Rio de Janeiro,3,8875.5
Webcam,Periféricos,2024-05-02,Loja Niterói,Niterói,2,7341.17
Notebook,Eletrônicos,2025-01-24,Loja Niterói,Niterói,3,11428.8
Impressora,Periféricos,2025-10-19,Loja Nova Iguaçu,Nova Iguaçu,4,4894.21
Webcam,Periféricos,2024-06-13,Loja Centro,Rio de Janeiro,3,11386.89
Teclado,Acessórios,2023-06-05,Loja Niterói,Niterói,1,191.77
Teclado,Acessórios,2024-03-20,Loja Petrópolis,Petrópolis,3,3620.51
Webcam,Periféricos,2024-11-01,Loja Barra,Rio de Janeiro,1,1213.22
Mesa Escritório,Móveis,2023-05-21,Loja Petrópolis,Petrópolis,2,1958.04
Impressora,Periféricos,2023-05-23,Loja Norte,Rio de Janeiro,3,13559.25
Mesa Escritório,Móveis,2024-07-17,Loja São Gonçalo,São Gonçalo,1,3914.09
Tablet,Eletrônicos,2023-09-15,Loja Nova Iguaçu,Nova Iguaçu,1,1715.38
Monitor,Eletrônicos,2023-01-04,Loja Petrópolis,Petrópolis,3,7860.81
Mesa Escritório,Móveis,2024-06-22,Loja Centro,Rio de Janeiro,2,2629.52
Smartwatch,Eletrônicos,2024-07-17,Loja Barra,Rio de Janeiro,1,2482.29
Tablet,Eletrônicos,2024-09-24,Loja Barra,Rio de Janeiro,5,13315.92
Cadeira Gamer,Móveis,2025-12-23,Loja Teresópolis,Teresópolis,3,2449.25
Notebook,Eletrônicos,2024-06-25,Loja Barra,Rio de Janeiro,2,1275.71
Mesa Escritório,Móveis,2024-07-23,Loja Centro,Rio de Janeiro,5,1676.01
Notebook,Eletrônicos,2024-08-15,Loja São Gonçalo,São Gonçalo,2,4047.62
Pendrive,Armazenamento,2023-01-14,Loja Centro,Rio de Janeiro,2,1704.21
Smartphone,Eletrônicos,2024-07-25,Loja São Gonçalo,São Gonçalo,4,16804.67
Impressora,Periféricos,2025-12-19,Loja São Gonçalo,São Gonçalo,3,14627.22
Impressora,Periféricos,2023-01-26,Loja São Gonçalo,São Gonçalo,2,3745.48
Headset,Acessórios,2025-02-12,Loja Barra,Rio de Janeiro,1,1710.44
Monitor,Eletrônicos,2025-12-08,Loja São Gonçalo,São Gonçalo,3,2442.45
Webcam,Periféricos,2025-09-22,Loja Teresópolis,Teresópolis,3,3339.63
Mouse,Acessórios,2025-08-31,Loja São Gonçalo,São Gonçalo,2,4604.62
Pendrive,Armazenamento,2025-07-05,Loja Duque,Duque de Caxias,5,8053.14
Pendrive,Armazenamento,2024-04-19,Loja Teresópolis,Teresópolis,5,8105.41
Smartwatch,Eletrônicos,2024-03-14,Loja Centro,Rio de Janeiro,5,19799.72
Headset,Acessórios,2025-09-14,Loja Teresópolis,Teresópolis,2,6279.54
Impressora,Periféricos,2023-01-28,Loja São Gonçalo,São Gonçalo,1,584.94
Cadeira Gamer,Móveis,2023-07-13,Loja Duque,Duque de Caxias,2,4971.81
Smartphone,Eletrônicos,2023-01-14,Loja Centro,Rio de Janeiro,3,1672.64
Smartwatch,Eletrônicos,2024-11-27,Loja Sul,Rio de Janeiro,4,12637.01
Roteador,Redes,2025-08-15,Loja Norte,Rio de Janeiro,2,6329.37
Pendrive,Armazenamento,2024-01-16,Loja Petrópolis,Petrópolis,2,6739.98
Webcam,Periféricos,2023-05-13,Loja Centro,Rio de Janeiro,2,7483.76
Tablet,Eletrônicos,2025-07-29,Loja Barra,Rio de Janeiro,3,549.53
Webcam,Periféricos,2023-10-23,Loja Teresópolis,Teresópolis,2,5924.85
Mesa Escritório,Móveis,2025-03-01,Loja Teresópolis,Teresópolis,4,13524.11
Webcam,Periféricos,2023-03-17,Loja Duque,Duque de Caxias,2,6104.36
Teclado,Acessórios,2024-03-28,Loja Centro,Rio de Janeiro,4,1476.56
Mouse,Acessórios,2025-08-28,Loja Duque,Duque de Caxias,2,1127.89
HD Externo,Armazenamento,2024-04-19,Loja Centro,Rio de Janeiro,1,3361.22
Mouse,Acessórios,2023-08-14,Loja Norte,Rio de Janeiro,4,15227.17
Teclado,Acessórios,2025-04-24,Loja Petrópolis,Petrópolis,2,6140.42
Headset,Acessórios,2024-05-14,Loja Sul,Rio de Janeiro,1,3710.38
Cadeira Gamer,Móveis,2023-10-06,Loja Nova Iguaçu,Nova Iguaçu,5,652.56
Pendrive,Armazenamento,2023-05-07,Loja Petrópolis,Petrópolis,4,10747.84
Impressora,Periféricos,2025-09-12,Loja Barra,Rio de Janeiro,1,1278.85
Headset,Acessórios,2025-07-24,Loja Petrópolis,Petrópolis,2,9537.79
Teclado,Acessórios,2025-04-23,Loja Sul,Rio de Janeiro,4,19095.64
Roteador,Redes,2023-03-07,Loja Barra,Rio de Janeiro,2,712.61
Mouse,Acessórios,2023-08-23,Loja Barra,Rio de Janeiro,3,4227.29
Tablet,Eletrônicos,2025-10-29,Loja Norte,Rio de Janeiro,1,1578.44
Tablet,Eletrônicos,2023-01-17,Loja Sul,Rio de Janeiro,3,14718.66
Webcam,Periféricos,2024-10-30,Loja Sul,Rio de Janeiro,4,13488.67
Roteador,Redes,2023-02-19,Loja São Gonçalo,São Gonçalo,4,6829.86
Impressora,Periféricos,2025-08-01,Loja Duque,Duque de Caxias,2,4924.7
Monitor,Eletrônicos,2024-10-10,Loja Barra,Rio de Janeiro,3,1129.5
Headset,Acessórios,2024-07-25,Loja Teresópolis,Teresópolis,5,23426.44
Smartwatch,Eletrônicos,2023-08-04,Loja Nova Iguaçu,Nova Iguaçu,2,9161.78
Cadeira Gamer,Móveis,2024-07-28,Loja Petrópolis,Petrópolis,2,8356.19
Teclado,Acessórios,2025-10-12,Loja Norte,Rio de Janeiro,2,6547.27
Smartwatch,Eletrônicos,2023-05-05,Loja Niterói,Niterói,1,2648.3
Smartphone,Eletrônicos,2024-02-11,Loja Teresópolis,Teresópolis,5,12467.12
Mouse,Acessórios,2023-05-29,Loja Duque,Duque de Caxias,1,276.27
Smartwatch,Eletrônicos,2025-02-13,Loja Nova Iguaçu,Nova Iguaçu,5,17336.78
Smartphone,Eletrônicos,2023-01-26,Loja Duque,Duque de Caxias,3,8663.89
Webcam,Periféricos,2023-01-11,Loja São Gonçalo,São Gonçalo,4,8497.75
Impressora,Periféricos,2024-02-11,Loja Centro,Rio de Janeiro,5,21075.84
Mesa Escritório,Móveis,2024-07-07,Loja Duque,Duque de Caxias,5,23738.48
Teclado,Acessórios,2025-02-22,Loja Barra,Rio de Janeiro,1,2483.12
Cadeira Gamer,Móveis,2025-07-07,Loja Barra,Rio de Janeiro,5,14765.97
Pendrive,Armazenamento,2023-03-05,Loja Petrópolis,Petrópolis,2,7044.6
Headset,Acessórios,2025-05-27,Loja São Gonçalo,São Gonçalo,2,135.31
HD Externo,Armazenamento,2025-05-30,Loja Centro,Rio de Janeiro,2,8284.95
Smartwatch,Eletrônicos,2023-03-06,Loja Nova Iguaçu,Nova Iguaçu,1,4278.22
Notebook,Eletrônicos,2023-08-25,Loja Nova Iguaçu,Nova Iguaçu,5,14709.18
Teclado,Acessórios,2023-09-23,Loja Centro,Rio de Janeiro,1,4828.03
Teclado,Acessórios,2024-01-23,Loja Petrópolis,Petrópolis,2,4155.8
Tablet,Eletrônicos,2024-10-10,Loja Barra,Rio de Janeiro,3,8598.91
Cadeira Gamer,Móveis,2024-01-07,Loja Nova Iguaçu,Nova Iguaçu,1,359.08
Roteador,Redes,2025-09-14,Loja Nova Iguaçu,Nova Iguaçu,5,5814.22
Teclado,Acessórios,2023-04-16,Loja Niterói,Niterói,4,13565.22
Headset,Acessórios,2024-09-03,Loja Teresópolis,Teresópolis,1,1167.57
Teclado,Acessórios,2024-03-04,Loja São Gonçalo,São Gonçalo,2,997.68
HD Externo,Armazenamento,2024-10-07,Loja Duque,Duque de Caxias,5,23778.04
Pendrive,Armazenamento,2024-01-03,Loja Teresópolis,Teresópolis,1,1406.51
Pendrive,Armazenamento,2024-07-04,Loja Nova Iguaçu,Nova Iguaçu,4,5971.8
HD Externo,Armazenamento,2025-08-03,Loja Sul,Rio de Janeiro,1,4619.88
Mesa Escritório,Móveis,2025-06-08,Loja Duque,Duque de Caxias,1,3457.42
Notebook,Eletrônicos,2023-07-02,Loja Barra,Rio de Janeiro,2,7585.88
Monitor,Eletrônicos,2024-09-03,Loja Petrópolis,Petrópolis,4,1224.72
Monitor,Eletrônicos,2024-06-07,Loja Sul,Rio de Janeiro,3,6020.92
Impressora,Periféricos,2025-03-10,Loja São Gonçalo,São Gonçalo,4,1455.74
Impressora,Periféricos,2025-12-30,Loja Nova Iguaçu,Nova Iguaçu,4,1235.97
Mouse,Acessórios,2024-03-25,Loja Petrópolis,Petrópolis,5,21513.65
Headset,Acessórios,2025-06-22,Loja Teresópolis,Teresópolis,2,8120.43
Smartphone,Eletrônicos,2023-02-22,Loja Barra,Rio de Janeiro,4,1446.76
Roteador,Redes,2024-01-03,Loja Niterói,Niterói,3,9835.15
Roteador,Redes,2024-04-25,Loja Sul,Rio de Janeiro,4,626.25
Impressora,Periféricos,2024-04-16,Loja Sul,Rio de Janeiro,5,18413.72
Mesa Escritório,Móveis,2023-01-30,Loja Niterói,Niterói,4,3695.28
Tablet,Eletrônicos,2025-01-01,Loja Sul,Rio de Janeiro,4,12309.86
Pendrive,Armazenamento,2023-06-23,Loja São Gonçalo,São Gonçalo,5,20494.87
Smartphone,Eletrônicos,2023-06-29,Loja Sul,Rio de Janeiro,5,11789.64
Webcam,Periféricos,2023-09-13,Loja Norte,Rio de Janeiro,1,2635.88
Roteador,Redes,2023-07-31,Loja Nova Iguaçu,Nova Iguaçu,5,6409.87
Tablet,Eletrônicos,2025-06-07,Loja Nova Iguaçu,Nova Iguaçu,5,23604.33
Cadeira Gamer,Móveis,2023-06-24,Loja Barra,Rio de Janeiro,5,24052.97
Webcam,Periféricos,2025-07-19,Loja São Gonçalo,São Gonçalo,5,1037.23
Smartwatch,Eletrônicos,2023-08-26,Loja Nova Iguaçu,Nova Iguaçu,3,11003.38
Mesa Escritório,Móveis,2025-09-13,Loja Duque,Duque de Caxias,2,9005.81
Monitor,Eletrônicos,2023-07-09,Loja Sul,Rio de Janeiro,4,19277.42
Monitor,Eletrônicos,2025-09-19,Loja São Gonçalo,São Gonçalo,4,12163.55
Notebook,Eletrônicos,2024-11-03,Loja Teresópolis,Teresópolis,1,578.23
Notebook,Eletrônicos,2023-02-24,Loja Niterói,Niterói,5,18806.4
Roteador,Redes,2024-08-14,Loja Petrópolis,Petrópolis,4,1799.17
Roteador,Redes,2023-11-13,Loja Centro,Rio de Janeiro,4,16809.51
Smartwatch,Eletrônicos,2025-06-28,Loja Nova Iguaçu,Nova Iguaçu,3,12626.05
Pendrive,Armazenamento,2023-10-30,Loja Barra,Rio de Janeiro,4,11095.63
Impressora,Periféricos,2024-02-04,Loja Sul,Rio de Janeiro,4,18378.56
HD Externo,Armazenamento,2024-06-08,Loja São Gonçalo,São Gonçalo,5,20690.93
Tablet,Eletrônicos,2023-01-10,Loja Norte,Rio de Janeiro,4,17678.53
Pendrive,Armazenamento,2023-08-29,Loja Duque,Duque de Caxias,1,802.87
Smartphone,Eletrônicos,2025-06-18,Loja Centro,Rio de Janeiro,2,1905.74
Pendrive,Armazenamento,2023-11-06,Loja Norte,Rio de Janeiro,2,667.25
Roteador,Redes,2025-07-24,Loja Norte,Rio de Janeiro,5,16720.09
Webcam,Periféricos,2024-08-12,Loja Nova Iguaçu,Nova Iguaçu,1,3551.58
Roteador,Redes,2024-03-20,Loja Petrópolis,Petrópolis,4,15851.45
Impressora,Periféricos,2024-08-07,Loja Petrópolis,Petrópolis,4,9735.6
Monitor,Eletrônicos,2025-12-17,Loja Sul,Rio de Janeiro,2,6077.85
Headset,Acessórios,2025-12-23,Loja Nova Iguaçu,Nova Iguaçu,4,17461.16
Pendrive,Armazenamento,2023-04-03,Loja Teresópolis,Teresópolis,1,4702.09
Teclado,Acessórios,2025-06-06,Loja São Gonçalo,São Gonçalo,3,2213.48
HD Externo,Armazenamento,2025-12-02,Loja Duque,Duque de Caxias,4,16359.33
Tablet,Eletrônicos,2023-07-20,Loja Niterói,Niterói,3,1312.65
Teclado,Acessórios,2024-09-24,Loja Norte,Rio de Janeiro,1,4861.93
Mouse,Acessórios,2025-08-03,Loja Niterói,Niterói,2,192.79
Roteador,Redes,2024-03-05,Loja Centro,Rio de Janeiro,3,12044.04
Pendrive,Armazenamento,2024-07-31,Loja Centro,Rio de Janeiro,3,11390.36
Teclado,Acessórios,2025-05-27,Loja Sul,Rio de Janeiro,3,14634.42
HD Externo,Armazenamento,2024-10-27,Loja Duque,Duque de Caxias,2,8298.54
Monitor,Eletrônicos,2025-06-03,Loja Duque,Duque de Caxias,5,6718.42
Teclado,Acessórios,2025-11-12,Loja Nova Iguaçu,Nova Iguaçu,2,9869.68
Smartphone,Eletrônicos,2025-07-12,Loja São Gonçalo,São Gonçalo,3,996.06
Impressora,Periféricos,2024-07-07,Loja Nova Iguaçu,Nova Iguaçu,3,14961.78
Notebook,Eletrônicos,2023-04-03,Loja Sul,Rio de Janeiro,1,2495.73
HD Externo,Armazenamento,2025-09-27,Loja Niterói,Niterói,4,9042.69
Mouse,Acessórios,2024-10-12,Loja Teresópolis,Teresópolis,4,17519.6
Impressora,Periféricos,2025-11-08,Loja Nova Iguaçu,Nova Iguaçu,2,559.04
Headset,Acessórios,2024-01-19,Loja Duque,Duque de Caxias,4,5729.61
Cadeira Gamer,Móveis,2025-07-31,Loja Centro,Rio de Janeiro,1,3095.12
Tablet,Eletrônicos,2023-10-28,Loja Nova Iguaçu,Nova Iguaçu,1,4013.52
Tablet,Eletrônicos,2023-04-22,Loja Niterói,Niterói,5,10380.47
Mesa Escritório,Móveis,2025-03-06,Loja Duque,Duque de Caxias,1,2164.97
HD Externo,Armazenamento,2023-08-10,Loja Petrópolis,Petrópolis,4,18408.22
Impressora,Periféricos,2023-04-28,Loja Centro,Rio de Janeiro,3,10105.94
Pendrive,Armazenamento,2024-03-16,Loja Nova Iguaçu,Nova Iguaçu,1,274.21
Teclado,Acessórios,2023-03-24,Loja São Gonçalo,São Gonçalo,1,1832.09
Monitor,Eletrônicos,2023-12-13,Loja Centro,Rio de Janeiro,1,2007.66
Headset,Acessórios,2025-10-22,Loja Centro,Rio de Janeiro,1,445.44
Monitor,Eletrônicos,2024-01-08,Loja Barra,Rio de Janeiro,5,22532.35
Impressora,Periféricos,2023-10-16,Loja Barra,Rio de Janeiro,2,4546.46
Roteador,Redes,2025-11-21,Loja Teresópolis,Teresópolis,3,13717.56
Mouse,Acessórios,2024-09-06,Loja Barra,Rio de Janeiro,4,13602.43
Webcam,Periféricos,2023-04-07,Loja Duque,Duque de Caxias,5,3678.57
Roteador,Redes,2025-09-30,Loja Duque,Duque de Caxias,1,677.94
Headset,Acessórios,2023-11-03,Loja Duque,Duque de Caxias,4,14602.28
HD Externo,Armazenamento,2023-09-06,Loja Norte,Rio de Janeiro,5,16068.73
Pendrive,Armazenamento,2025-12-07,Loja São Gonçalo,São Gonçalo,4,18329.35
Pendrive,Armazenamento,2025-03-01,Loja Niterói,Niterói,2,9498.41
Headset,Acessórios,2024-07-30,Loja Petrópolis,Petrópolis,5,1741.33
Cadeira Gamer,Móveis,2023-05-09,Loja Norte,Rio de Janeiro,2,871.71
Smartwatch,Eletrônicos,2023-12-16,Loja Petrópolis,Petrópolis,5,2370.99
Teclado,Acessórios,2024-07-30,Loja Nova Iguaçu,Nova Iguaçu,1,3222.77
Pendrive,Armazenamento,2024-07-31,Loja Norte,Rio de Janeiro,5,13940.66
Cadeira Gamer,Móveis,2023-04-06,Loja Norte,Rio de Janeiro,5,3455.77
HD Externo,Armazenamento,2023-01-31,Loja Teresópolis,Teresópolis,4,8992.15
Mesa Escritório,Móveis,2025-05-25,Loja Petrópolis,Petrópolis,2,8087.44
Impressora,Periféricos,2024-09-24,Loja Duque,Duque de Caxias,4,7690.44
Impressora,Periféricos,2023-07-18,Loja Nova Iguaçu,Nova Iguaçu,3,2344.03
Smartphone,Eletrônicos,2024-01-17,Loja Sul,Rio de Janeiro,3,9658.14
Cadeira Gamer,Móveis,2023-06-25,Loja Norte,Rio de Janeiro,4,17619.68
Monitor,Eletrônicos,2025-02-02,Loja Norte,Rio de Janeiro,5,18687.15
Roteador,Redes,2025-12-08,Loja Centro,Rio de Janeiro,2,8347.34
Tablet,Eletrônicos,2025-05-08,Loja Petrópolis,Petrópolis,3,5973.34
Notebook,Eletrônicos,2024-09-28,Loja Duque,Duque de Caxias,5,22252.93
Smartwatch,Eletrônicos,2023-05-24,Loja Duque,Duque de Caxias,3,1068.8
Cadeira Gamer,Móveis,2025-04-16,Loja Norte,Rio de Janeiro,4,15070.04
Mouse,Acessórios,2023-06-17,Loja Centro,Rio de Janeiro,3,5405.14
Smartphone,Eletrônicos,2023-06-23,Loja Duque,Duque de Caxias,1,4122.92
Pendrive,Armazenamento,2024-08-20,Loja Norte,Rio de Janeiro,2,5631.39
HD Externo,Armazenamento,2025-08-09,Loja Barra,Rio de Janeiro,4,3403.36
Cadeira Gamer,Móveis,2025-03-25,Loja Barra,Rio de Janeiro,2,5924.05
Impressora,Periféricos,2023-06-17,Loja Centro,Rio de Janeiro,5,7849.29
Pendrive,Armazenamento,2023-08-31,Loja Petrópolis,Petrópolis,1,3371.42
Smartphone,Eletrônicos,2025-10-24,Loja Norte,Rio de Janeiro,2,7954.99
Notebook,Eletrônicos,2024-01-15,Loja São Gonçalo,São Gonçalo,5,21476.72
Roteador,Redes,2025-04-08,Loja Sul,Rio de Janeiro,5,15445.98
Teclado,Acessórios,2024-07-03,Loja São Gonçalo,São Gonçalo,4,15237.52
Mouse,Acessórios,2024-07-16,Loja Nova Iguaçu,Nova Iguaçu,5,15514.53
Headset,Acessórios,2023-01-31,Loja Duque,Duque de Caxias,1,965.55
Webcam,Periféricos,2023-05-20,Loja Niterói,Niterói,2,5831.27
Cadeira Gamer,Móveis,2025-03-07,Loja São Gonçalo,São Gonçalo,5,6065.6
Monitor,Eletrônicos,2025-06-05,Loja Petrópolis,Petrópolis,2,1094.88
Mesa Escritório,Móveis,2024-11-29,Loja Teresópolis,Teresópolis,5,21236.54
HD Externo,Armazenamento,2023-05-12,Loja São Gonçalo,São Gonçalo,5,1006.44
HD Externo,Armazenamento,2024-05-16,Loja Nova Iguaçu,Nova Iguaçu,1,646.3
Webcam,Periféricos,2025-06-26,Loja São Gonçalo,São Gonçalo,3,927.25
Tablet,Eletrônicos,2024-10-18,Loja São Gonçalo,São Gonçalo,1,3320.01
Headset,Acessórios,2024-04-06,Loja Sul,Rio de Janeiro,1,3415.06
Mesa Escritório,Móveis,2025-07-27,Loja Nova Iguaçu,Nova Iguaçu,3,2980.32
Cadeira Gamer,Móveis,2025-05-23,Loja Nova Iguaçu,Nova Iguaçu,1,4412.92
Teclado,Acessórios,2025-06-26,Loja Petrópolis,Petrópolis,3,951.93
Monitor,Eletrônicos,2025-10-14,Loja Petrópolis,Petrópolis,2,3523.07
Roteador,Redes,2025-08-04,Loja Petrópolis,Petrópolis,4,9481.46
Mesa Escritório,Móveis,2025-08-11,Loja Duque,Duque de Caxias,5,13768.76
Smartwatch,Eletrônicos,2024-03-26,Loja Nova Iguaçu,Nova Iguaçu,2,5366.31
Cadeira Gamer,Móveis,2024-08-12,Loja Norte,Rio de Janeiro,2,4537.46
Pendrive,Armazenamento,2024-05-25,Loja Norte,Rio de Janeiro,2,3478.99
Pendrive,Armazenamento,2024-04-05,Loja Niterói,Niterói,4,838.65
Webcam,Periféricos,2025-08-29,Loja Norte,Rio de Janeiro,1,1388.12
Monitor,Eletrônicos,2023-04-19,Loja Sul,Rio de Janeiro,1,2269.12
Webcam,Periféricos,2025-11-17,Loja Niterói,Niterói,4,9507.56
Mesa Escritório,Móveis,2025-10-05,Loja Teresópolis,Teresópolis,2,9375.99
Impressora,Periféricos,2024-10-28,Loja Barra,Rio de Janeiro,4,4368.71
Mesa Escritório,Móveis,2025-01-11,Loja Duque,Duque de Caxias,3,4906.87
Pendrive,Armazenamento,2023-11-27,Loja São Gonçalo,São Gonçalo,2,4501.8
Smartwatch,Eletrônicos,2025-10-21,Loja Norte,Rio de Janeiro,3,5705.46
Monitor,Eletrônicos,2023-03-14,Loja Sul,Rio de Janeiro,4,4388.14
Impressora,Periféricos,2025-07-06,Loja Duque,Duque de Caxias,1,4072.22
Tablet,Eletrônicos,2024-08-04,Loja Barra,Rio de Janeiro,1,4389.88
Impressora,Periféricos,2023-05-12,Loja São Gonçalo,São Gonçalo,4,5716.39
Webcam,Periféricos,2025-11-07,Loja Nova Iguaçu,Nova Iguaçu,5,17310.43
Cadeira Gamer,Móveis,2025-09-06,Loja Petrópolis,Petrópolis,2,828.46
Headset,Acessórios,2025-07-27,Loja Sul,Rio de Janeiro,5,16928.2
Notebook,Eletrônicos,2024-09-07,Loja Duque,Duque de Caxias,5,12864.75
Pendrive,Armazenamento,2023-02-05,Loja Norte,Rio de Janeiro,1,3953.47
Teclado,Acessórios,2025-11-10,Loja Teresópolis,Teresópolis,2,8292.25
Roteador,Redes,2025-03-02,Loja Niterói,Niterói,2,5721.42
Roteador,Redes,2024-03-21,Loja Norte,Rio de Janeiro,1,4774.82
Impressora,Periféricos,2025-07-22,Loja Sul,Rio de Janeiro,3,6346.02
Tablet,Eletrônicos,2025-03-27,Loja Sul,Rio de Janeiro,5,16110.7
Webcam,Periféricos,2023-12-26,Loja Sul,Rio de Janeiro,3,10801.96
Notebook,Eletrônicos,2024-07-09,Loja Nova Iguaçu,Nova Iguaçu,2,2757.66
Mesa Escritório,Móveis,2023-05-19,Loja Barra,Rio de Janeiro,3,2113.35
Mesa Escritório,Móveis,2023-09-30,Loja Barra,Rio de Janeiro,2,9286.75
Mesa Escritório,Móveis,2025-09-11,Loja Petrópolis,Petrópolis,4,3771.25
Tablet,Eletrônicos,2025-07-09,Loja Barra,Rio de Janeiro,3,5599.31
Mesa Escritório,Móveis,2025-03-08,Loja Sul,Rio de Janeiro,1,2108.89
Teclado,Acessórios,2025-11-19,Loja Duque,Duque de Caxias,2,5594.52
Roteador,Redes,2023-02-09,Loja Petrópolis,Petrópolis,2,4047.78
Roteador,Redes,2024-08-03,Loja Nova Iguaçu,Nova Iguaçu,1,3043.14
Impressora,Periféricos,2025-09-04,Loja Niterói,Niterói,4,2573.23
Roteador,Redes,2024-04-22,Loja São Gonçalo,São Gonçalo,5,12851.93
Cadeira Gamer,Móveis,2023-06-22,Loja Duque,Duque de Caxias,4,6783.49
Headset,Acessórios,2024-02-01,Loja Centro,Rio de Janeiro,5,23319.76
Pendrive,Armazenamento,2025-10-23,Loja São Gonçalo,São Gonçalo,1,4357.16
HD Externo,Armazenamento,2024-11-30,Loja Duque,Duque de Caxias,3,4494.67
Headset,Acessórios,2024-02-05,Loja Norte,Rio de Janeiro,5,1727.15
Notebook,Eletrônicos,2023-02-27,Loja Teresópolis,Teresópolis,1,2113.31
Webcam,Periféricos,2024-02-04,Loja Niterói,Niterói,4,2876.24
Monitor,Eletrônicos,2023-06-01,Loja Centro,Rio de Janeiro,2,2168.31
Cadeira Gamer,Móveis,2024-12-23,Loja Duque,Duque de Caxias,4,15861.41
Cadeira Gamer,Móveis,2023-10-31,Loja Teresópolis,Teresópolis,1,1871.66
Impressora,Periféricos,2024-04-02,Loja Barra,Rio de Janeiro,5,17904.85
Notebook,Eletrônicos,2025-10-11,Loja Barra,Rio de Janeiro,5,5128.15
Cadeira Gamer,Móveis,2024-01-23,Loja Sul,Rio de Janeiro,4,14932.05
Pendrive,Armazenamento,2025-10-28,Loja Barra,Rio de Janeiro,2,8907.18
Smartwatch,Eletrônicos,2025-05-09,Loja São Gonçalo,São Gonçalo,1,866.87
Teclado,Acessórios,2025-05-30,Loja Barra,Rio de Janeiro,2,9291.72
Mesa Escritório,Móveis,2023-02-20,Loja Sul,Rio de Janeiro,3,11963.16
Headset,Acessórios,2025-01-22,Loja São Gonçalo,São Gonçalo,5,17609.47
Impressora,Periféricos,2025-08-03,Loja Petrópolis,Petrópolis,1,169.18
Teclado,Acessórios,2025-11-10,Loja Nova Iguaçu,Nova Iguaçu,1,1526.55
Cadeira Gamer,Móveis,2023-07-02,Loja Barra,Rio de Janeiro,3,5971.48
Roteador,Redes,2024-03-13,Loja Barra,Rio de Janeiro,5,17831.0
Tablet,Eletrônicos,2025-09-08,Loja São Gonçalo,São Gonçalo,1,1371.41
Headset,Acessórios,2023-06-07,Loja Barra,Rio de Janeiro,5,23438.36
Cadeira Gamer,Móveis,2025-08-24,Loja Barra,Rio de Janeiro,4,1477.89
Notebook,Eletrônicos,2024-01-02,Loja Barra,Rio de Janeiro,3,10663.84
Notebook,Eletrônicos,2024-08-11,Loja Norte,Rio de Janeiro,4,2624.06
Mesa Escritório,Móveis,2025-12-09,Loja Barra,Rio de Janeiro,3,5484.26
Smartwatch,Eletrônicos,2024-01-22,Loja Centro,Rio de Janeiro,5,5795.66
Monitor,Eletrônicos,2023-07-03,Loja Sul,Rio de Janeiro,4,11379.6
Mesa Escritório,Móveis,2023-08-10,Loja Petrópolis,Petrópolis,4,7524.14
Pendrive,Armazenamento,2023-06-16,Loja Duque,Duque de Caxias,5,6631.24
Impressora,Periféricos,2025-08-09,Loja Sul,Rio de Janeiro,1,3050.53
Mesa Escritório,Móveis,2025-01-30,Loja Sul,Rio de Janeiro,2,1619.43
Headset,Acessórios,2025-07-16,Loja Niterói,Niterói,2,3641.19
Tablet,Eletrônicos,2023-12-24,Loja Sul,Rio de Janeiro,4,8966.35
Pendrive,Armazenamento,2025-11-25,Loja Niterói,Niterói,5,24511.23
Teclado,Acessórios,2025-04-24,Loja Norte,Rio de Janeiro,2,592.56
Teclado,Acessórios,2025-06-19,Loja Nova Iguaçu,Nova Iguaçu,3,9766.94
Webcam,Periféricos,2025-08-13,Loja São Gonçalo,São Gonçalo,2,5062.34
Mesa Escritório,Móveis,2025-11-19,Loja Petrópolis,Petrópolis,5,6001.1
Pendrive,Armazenamento,2023-05-20,Loja São Gonçalo,São Gonçalo,3,6581.35
Cadeira Gamer,Móveis,2025-03-06,Loja Nova Iguaçu,Nova Iguaçu,3,12654.63
Mouse,Acessórios,2025-12-14,Loja Sul,Rio de Janeiro,5,15030.28
Cadeira Gamer,Móveis,2023-09-25,Loja Norte,Rio de Janeiro,3,3544.99
Cadeira Gamer,Móveis,2024-12-19,Loja São Gonçalo,São Gonçalo,3,12707.64
Webcam,Periféricos,2023-11-16,Loja Petrópolis,Petrópolis,5,13903.4
Impressora,Periféricos,2024-02-21,Loja Niterói,Niterói,1,3592.08
Smartwatch,Eletrônicos,2023-03-31,Loja Nova Iguaçu,Nova Iguaçu,1,3491.3
HD Externo,Armazenamento,2025-07-24,Loja Sul,Rio de Janeiro,1,312.79
Mouse,Acessórios,2025-11-17,Loja Sul,Rio de Janeiro,2,744.54
Smartphone,Eletrônicos,2023-10-12,Loja Duque,Duque de Caxias,4,10727.26
Mesa Escritório,Móveis,2023-02-15,Loja Nova Iguaçu,Nova Iguaçu,1,4985.72
Cadeira Gamer,Móveis,2023-12-02,Loja São Gonçalo,São Gonçalo,3,5336.1
Tablet,Eletrônicos,2024-01-12,Loja São Gonçalo,São Gonçalo,2,2682.32
Impressora,Periféricos,2025-02-25,Loja Duque,Duque de Caxias,5,16572.56
Smartphone,Eletrônicos,2024-10-13,Loja Niterói,Niterói,2,5456.89
Notebook,Eletrônicos,2025-06-14,Loja Duque,Duque de Caxias,2,1906.41
Webcam,Periféricos,2025-05-21,Loja Barra,Rio de Janeiro,5,20346.92
Headset,Acessórios,2024-11-09,Loja Sul,Rio de Janeiro,2,5216.21
Monitor,Eletrônicos,2025-07-07,Loja Teresópolis,Teresópolis,2,4602.15
Impressora,Periféricos,2024-08-24,Loja Nova Iguaçu,Nova Iguaçu,5,8397.15
Webcam,Periféricos,2025-11-07,Loja Barra,Rio de Janeiro,5,887.39
Smartphone,Eletrônicos,2025-10-14,Loja Teresópolis,Teresópolis,5,6670.49
Mouse,Acessórios,2023-12-29,Loja Sul,Rio de Janeiro,2,3689.5
Cadeira Gamer,Móveis,2025-11-03,Loja Petrópolis,Petrópolis,2,1707.91
Webcam,Periféricos,2023-12-19,Loja Norte,Rio de Janeiro,2,1592.28
Smartwatch,Eletrônicos,2025-01-28,Loja Barra,Rio de Janeiro,2,6944.3
Smartphone,Eletrônicos,2025-04-22,Loja Niterói,Niterói,5,11627.81
Teclado,Acessórios,2024-06-22,Loja Niterói,Niterói,2,6597.63
Monitor,Eletrônicos,2025-01-07,Loja Nova Iguaçu,Nova Iguaçu,4,11033.13
Roteador,Redes,2025-09-17,Loja Duque,Duque de Caxias,1,800.4
HD Externo,Armazenamento,2024-09-23,Loja Centro,Rio de Janeiro,3,7599.46
Monitor,Eletrônicos,2023-07-16,Loja Nova Iguaçu,Nova Iguaçu,5,14594.96
Teclado,Acessórios,2024-06-17,Loja Duque,Duque de Caxias,3,7344.63
Tablet,Eletrônicos,2024-11-09,Loja Teresópolis,Teresópolis,2,7233.69
Mouse,Acessórios,2025-09-19,Loja São Gonçalo,São Gonçalo,3,7063.14
Headset,Acessórios,2023-06-28,Loja Centro,Rio de Janeiro,4,2466.76
Webcam,Periféricos,2025-07-20,Loja Petrópolis,Petrópolis,5,8439.15
Notebook,Eletrônicos,2025-11-25,Loja Petrópolis,Petrópolis,1,1366.49
Pendrive,Armazenamento,2025-12-24,Loja Niterói,Niterói,3,9013.03
Pendrive,Armazenamento,2025-05-10,Loja São Gonçalo,São Gonçalo,1,437.86
Notebook,Eletrônicos,2024-01-16,Loja Niterói,Niterói,3,13238.47
Monitor,Eletrônicos,2025-06-27,Loja Niterói,Niterói,2,6693.63
Impressora,Periféricos,2023-05-02,Loja Nova Iguaçu,Nova Iguaçu,3,12011.49
Smartwatch,Eletrônicos,2023-05-19,Loja Petrópolis,Petrópolis,2,6661.27
Headset,Acessórios,2023-02-16,Loja Nova Iguaçu,Nova Iguaçu,1,1920.05
Mesa Escritório,Móveis,2024-02-29,Loja Centro,Rio de Janeiro,5,22397.38
Pendrive,Armazenamento,2025-11-28,Loja Sul,Rio de Janeiro,2,251.95
Smartwatch,Eletrônicos,2025-12-27,Loja Niterói,Niterói,3,11564.42
Notebook,Eletrônicos,2025-07-04,Loja Petrópolis,Petrópolis,5,17042.81
HD Externo,Armazenamento,2024-04-02,Loja Centro,Rio de Janeiro,3,13537.12
Headset,Acessórios,2024-02-07,Loja Centro,Rio de Janeiro,4,2142.9
Pendrive,Armazenamento,2024-02-29,Loja Sul,Rio de Janeiro,5,23706.66
Teclado,Acessórios,2023-06-29,Loja Centro,Rio de Janeiro,5,8822.97
Tablet,Eletrônicos,2023-04-12,Loja Sul,Rio de Janeiro,4,7342.96
Smartphone,Eletrônicos,2025-01-25,Loja Niterói,Niterói,5,7809.92
Teclado,Acessórios,2024-03-08,Loja São Gonçalo,São Gonçalo,2,8205.76
Cadeira Gamer,Móveis,2025-10-07,Loja Barra,Rio de Janeiro,4,351.75
Smartwatch,Eletrônicos,2023-08-09,Loja Centro,Rio de Janeiro,2,5286.57
HD Externo,Armazenamento,2025-01-05,Loja Petrópolis,Petrópolis,2,3003.55
Headset,Acessórios,2024-03-05,Loja Teresópolis,Teresópolis,3,12923.17
Smartwatch,Eletrônicos,2023-02-20,Loja Niterói,Niterói,2,9280.2
Monitor,Eletrônicos,2024-11-27,Loja Norte,Rio de Janeiro,4,7064.47
Smartphone,Eletrônicos,2025-09-22,Loja Nova Iguaçu,Nova Iguaçu,2,5533.58
Smartwatch,Eletrônicos,2023-04-27,Loja Nova Iguaçu,Nova Iguaçu,5,21829.56
Mouse,Acessórios,2025-08-05,Loja Niterói,Niterói,5,24669.65
HD Externo,Armazenamento,2024-09-22,Loja Niterói,Niterói,3,5484.93
Monitor,Eletrônicos,2023-10-17,Loja Nova Iguaçu,Nova Iguaçu,5,16352.83
Impressora,Periféricos,2025-06-09,Loja Niterói,Niterói,2,2815.01
Impressora,Periféricos,2024-02-18,Loja Norte,Rio de Janeiro,2,4169.14
Tablet,Eletrônicos,2023-06-30,Loja Niterói,Niterói,5,6629.75
Notebook,Eletrônicos,2025-10-05,Loja São Gonçalo,São Gonçalo,4,11449.57
Roteador,Redes,2023-05-04,Loja Duque,Duque de Caxias,4,630.24
Mesa Escritório,Móveis,2025-05-09,Loja São Gonçalo,São Gonçalo,5,3022.7
Smartwatch,Eletrônicos,2025-11-27,Loja Sul,Rio de Janeiro,2,2914.35
Notebook,Eletrônicos,2024-03-13,Loja Teresópolis,Teresópolis,3,13851.46
Pendrive,Armazenamento,2025-07-23,Loja Petrópolis,Petrópolis,2,6614.11
Tablet,Eletrônicos,2023-08-10,Loja Niterói,Niterói,3,6169.87
Webcam,Periféricos,2024-12-13,Loja Petrópolis,Petrópolis,3,2409.25
Webcam,Periféricos,2024-04-30,Loja São Gonçalo,São Gonçalo,2,862.33
HD Externo,Armazenamento,2024-07-07,Loja Petrópolis,Petrópolis,5,22871.88
Mesa Escritório,Móveis,2025-01-13,Loja São Gonçalo,São Gonçalo,1,1339.49
Tablet,Eletrônicos,2024-04-17,Loja São Gonçalo,São Gonçalo,2,8981.99
Monitor,Eletrônicos,2025-03-15,Loja Teresópolis,Teresópolis,1,2342.71
Webcam,Periféricos,2024-04-01,Loja Sul,Rio de Janeiro,5,18484.05
Pendrive,Armazenamento,2024-07-22,Loja Barra,Rio de Janeiro,1,3002.44
Cadeira Gamer,Móveis,2023-03-18,Loja Petrópolis,Petrópolis,5,3648.24
HD Externo,Armazenamento,2023-01-12,Loja Duque,Duque de Caxias,3,10759.65
Mesa Escritório,Móveis,2024-03-24,Loja Centro,Rio de Janeiro,2,8054.79
Smartwatch,Eletrônicos,2024-09-22,Loja Barra,Rio de Janeiro,2,5543.41
Webcam,Periféricos,2024-11-05,Loja Nova Iguaçu,Nova Iguaçu,1,714.68
Mesa Escritório,Móveis,2025-11-09,Loja Teresópolis,Teresópolis,4,4350.04
Webcam,Periféricos,2025-01-05,Loja Barra,Rio de Janeiro,1,4028.96
Webcam,Periféricos,2024-10-03,Loja Sul,Rio de Janeiro,1,4507.91
Monitor,Eletrônicos,2024-12-11,Loja Nova Iguaçu,Nova Iguaçu,2,2546.51
Webcam,Periféricos,2025-12-10,Loja Niterói,Niterói,4,18441.17
Mouse,Acessórios,2025-12-03,Loja Sul,Rio de Janeiro,5,5881.9
Mouse,Acessórios,2023-03-19,Loja Niterói,Niterói,5,21013.88
Cadeira Gamer,Móveis,2024-11-01,Loja Duque,Duque de Caxias,3,7177.54
Impressora,Periféricos,2025-06-21,Loja Barra,Rio de Janeiro,5,2102.51
Webcam,Periféricos,2024-02-15,Loja Teresópolis,Teresópolis,2,6194.93
Mouse,Acessórios,2024-11-08,Loja Centro,Rio de Janeiro,4,15265.31
HD Externo,Armazenamento,2023-01-17,Loja Nova Iguaçu,Nova Iguaçu,1,4837.52
Webcam,Periféricos,2024-10-01,Loja Niterói,Niterói,2,495.04
Cadeira Gamer,Móveis,2025-07-19,Loja São Gonçalo,São Gonçalo,4,1639.25
Notebook,Eletrônicos,2024-11-02,Loja Petrópolis,Petrópolis,4,6193.75
Tablet,Eletrônicos,2024-09-07,Loja Sul,Rio de Janeiro,3,10072.03
Cadeira Gamer,Móveis,2023-04-18,Loja Barra,Rio de Janeiro,2,2688.16
Headset,Acessórios,2024-08-25,Loja Duque,Duque de Caxias,3,12637.15
Webcam,Periféricos,2023-10-05,Loja Niterói,Niterói,3,6303.24
Headset,Acessórios,2023-08-06,Loja Norte,Rio de Janeiro,3,3759.02
Webcam,Periféricos,2023-08-30,Loja Centro,Rio de Janeiro,2,3833.37
Impressora,Periféricos,2023-07-12,Loja Duque,Duque de Caxias,2,2857.12
Mesa Escritório,Móveis,2023-12-15,Loja Duque,Duque de Caxias,1,1765.58
Smartwatch,Eletrônicos,2023-04-16,Loja Barra,Rio de Janeiro,5,7401.82
Impressora,Periféricos,2025-02-26,Loja São Gonçalo,São Gonçalo,4,8085.5
HD Externo,Armazenamento,2025-04-02,Loja Barra,Rio de Janeiro,5,22777.48
Mouse,Acessórios,2025-05-03,Loja Petrópolis,Petrópolis,3,10262.84
Impressora,Periféricos,2024-09-24,Loja Barra,Rio de Janeiro,4,6754.6
Mesa Escritório,Móveis,2023-12-03,Loja São Gonçalo,São Gonçalo,4,5407.9
Webcam,Periféricos,2023-09-21,Loja Duque,Duque de Caxias,1,633.54
Headset,Acessórios,2023-04-25,Loja Norte,Rio de Janeiro,3,1154.38
Smartphone,Eletrônicos,2024-12-29,Loja São Gonçalo,São Gonçalo,2,4515.01
Mouse,Acessórios,2025-04-08,Loja Centro,Rio de Janeiro,5,11079.97
HD Externo,Armazenamento,2025-01-02,Loja Barra,Rio de Janeiro,3,9310.02
Notebook,Eletrônicos,2024-08-15,Loja São Gonçalo,São Gonçalo,4,1848.78
Monitor,Eletrônicos,2025-07-13,Loja Duque,Duque de Caxias,3,8384.25
Webcam,Periféricos,2023-04-07,Loja Sul,Rio de Janeiro,3,14650.74
Webcam,Periféricos,2024-09-22,Loja Barra,Rio de Janeiro,4,8095.6
HD Externo,Armazenamento,2023-03-06,Loja Centro,Rio de Janeiro,2,8336.75
Tablet,Eletrônicos,2024-10-23,Loja Teresópolis,Teresópolis,2,4804.24
Roteador,Redes,2024-02-10,Loja Duque,Duque de Caxias,5,11769.25
Teclado,Acessórios,2025-05-15,Loja Niterói,Niterói,1,3880.07
Headset,Acessórios,2025-01-11,Loja Barra,Rio de Janeiro,2,6610.79
Pendrive,Armazenamento,2023-02-12,Loja Nova Iguaçu,Nova Iguaçu,2,8289.61
Roteador,Redes,2024-12-19,Loja Duque,Duque de Caxias,4,8991.11
Webcam,Periféricos,2023-05-12,Loja São Gonçalo,São Gonçalo,1,2920.96
Pendrive,Armazenamento,2023-11-01,Loja Sul,Rio de Janeiro,3,6969.08
Notebook,Eletrônicos,2023-07-09,Loja Centro,Rio de Janeiro,3,5452.68
Headset,Acessórios,2024-04-15,Loja Norte,Rio de Janeiro,2,6598.37
Notebook,Eletrônicos,2023-05-25,Loja Norte,Rio de Janeiro,2,3985.27
Roteador,Redes,2025-02-03,Loja Niterói,Niterói,3,13681.84
Smartwatch,Eletrônicos,2025-01-12,Loja Niterói,Niterói,1,4185.77
Mesa Escritório,Móveis,2024-08-09,Loja Centro,Rio de Janeiro,1,4542.04
Roteador,Redes,2023-08-22,Loja Teresópolis,Teresópolis,5,23397.9
Roteador,Redes,2025-07-26,Loja Nova Iguaçu,Nova Iguaçu,3,14992.52
Headset,Acessórios,2024-01-25,Loja São Gonçalo,São Gonçalo,3,474.67
Tablet,Eletrônicos,2023-12-13,Loja Nova Iguaçu,Nova Iguaçu,5,15819.27
Impressora,Periféricos,2025-01-02,Loja Nova Iguaçu,Nova Iguaçu,3,8554.03
Roteador,Redes,2023-08-22,Loja Centro,Rio de Janeiro,5,7439.5
Notebook,Eletrônicos,2023-03-19,Loja São Gonçalo,São Gonçalo,4,15730.0
HD Externo,Armazenamento,2023-03-04,Loja São Gonçalo,São Gonçalo,5,3272.13
Cadeira Gamer,Móveis,2023-07-18,Loja Petrópolis,Petrópolis,1,4290.53
Monitor,Eletrônicos,2023-09-05,Loja Niterói,Niterói,3,11166.44
Monitor,Eletrônicos,2023-01-31,Loja Teresópolis,Teresópolis,1,2238.05
Headset,Acessórios,2025-06-04,Loja Niterói,Niterói,5,8340.09
Smartwatch,Eletrônicos,2023-03-20,Loja Duque,Duque de Caxias,3,438.92
Roteador,Redes,2023-11-29,Loja Sul,Rio de Janeiro,3,6970.49
Monitor,Eletrônicos,2023-02-14,Loja Barra,Rio de Janeiro,1,433.22
Pendrive,Armazenamento,2024-04-15,Loja Barra,Rio de Janeiro,1,4752.04
Smartphone,Eletrônicos,2024-02-19,Loja Centro,Rio de Janeiro,2,2983.36
Tablet,Eletrônicos,2025-02-13,Loja Petrópolis,Petrópolis,1,3395.03
Smartphone,Eletrônicos,2024-12-25,Loja Centro,Rio de Janeiro,1,1413.44
Monitor,Eletrônicos,2023-06-29,Loja Sul,Rio de Janeiro,5,15901.83
HD Externo,Armazenamento,2023-02-26,Loja Norte,Rio de Janeiro,2,1809.82
Tablet,Eletrônicos,2023-09-23,Loja Teresópolis,Teresópolis,4,19135.66
Cadeira Gamer,Móveis,2023-01-24,Loja Teresópolis,Teresópolis,5,15981.32
Headset,Acessórios,2024-09-04,Loja Teresópolis,Teresópolis,5,8410.48
Notebook,Eletrônicos,2023-07-22,Loja Petrópolis,Petrópolis,2,9736.68
Headset,Acessórios,2024-12-27,Loja Norte,Rio de Janeiro,2,7307.31
Headset,Acessórios,2025-10-11,Loja São Gonçalo,São Gonçalo,5,4240.69
Monitor,Eletrônicos,2024-04-04,Loja Sul,Rio de Janeiro,4,2920.47
Monitor,Eletrônicos,2024-05-25,Loja Sul,Rio de Janeiro,3,8839.13
Teclado,Acessórios,2024-10-30,Loja Norte,Rio de Janeiro,2,3283.94
Pendrive,Armazenamento,2023-11-09,Loja Barra,Rio de Janeiro,5,8481.98
Pendrive,Armazenamento,2024-11-04,Loja Barra,Rio de Janeiro,5,24427.28
Pendrive,Armazenamento,2023-11-24,Loja Barra,Rio de Janeiro,5,22585.39
Smartphone,Eletrônicos,2023-10-27,Loja Sul,Rio de Janeiro,2,8633.15
Mouse,Acessórios,2025-09-11,Loja Barra,Rio de Janeiro,1,4596.26
Pendrive,Armazenamento,2024-10-25,Loja Niterói,Niterói,4,3351.25
Webcam,Periféricos,2023-12-07,Loja Teresópolis,Teresópolis,3,896.02
Webcam,Periféricos,2023-06-19,Loja Norte,Rio de Janeiro,4,9755.62
HD Externo,Armazenamento,2025-11-26,Loja Sul,Rio de Janeiro,1,457.11
Mesa Escritório,Móveis,2024-02-06,Loja Sul,Rio de Janeiro,4,4074.65
Pendrive,Armazenamento,2023-04-18,Loja Nova Iguaçu,Nova Iguaçu,5,4536.79
HD Externo,Armazenamento,2023-01-05,Loja Nova Iguaçu,Nova Iguaçu,5,18794.47
Pendrive,Armazenamento,2024-07-13,Loja Nova Iguaçu,Nova Iguaçu,3,4744.18
Roteador,Redes,2023-01-21,Loja Centro,Rio de Janeiro,5,23519.19
Mouse,Acessórios,2023-11-26,Loja Petrópolis,Petrópolis,2,591.58
Smartphone,Eletrônicos,2023-12-20,Loja Teresópolis,Teresópolis,5,12529.8
Monitor,Eletrônicos,2025-08-08,Loja Petrópolis,Petrópolis,5,10440.75
Cadeira Gamer,Móveis,2025-05-15,Loja Petrópolis,Petrópolis,2,7562.71
Smartphone,Eletrônicos,2025-09-18,Loja Teresópolis,Teresópolis,4,6007.8
Headset,Acessórios,2023-07-29,Loja Barra,Rio de Janeiro,5,20259.09
Monitor,Eletrônicos,2024-03-16,Loja Norte,Rio de Janeiro,4,4692.55
Mouse,Acessórios,2023-01-23,Loja Teresópolis,Teresópolis,3,14298.78
Teclado,Acessórios,2023-06-24,Loja Barra,Rio de Janeiro,2,8619.17
Cadeira Gamer,Móveis,2025-08-31,Loja Niterói,Niterói,2,8917.11
Webcam,Periféricos,2025-02-11,Loja Sul,Rio de Janeiro,4,7056.63
Webcam,Periféricos,2024-06-15,Loja Sul,Rio de Janeiro,1,4266.02
Smartwatch,Eletrônicos,2024-07-14,Loja Barra,Rio de Janeiro,5,3085.41
Mouse,Acessórios,2025-08-24,Loja Duque,Duque de Caxias,1,3400.82
Impressora,Periféricos,2023-07-15,Loja Barra,Rio de Janeiro,2,3691.58
Smartwatch,Eletrônicos,2025-07-03,Loja Teresópolis,Teresópolis,1,4838.51
Tablet,Eletrônicos,2025-01-26,Loja Niterói,Niterói,4,11674.47
HD Externo,Armazenamento,2023-03-19,Loja Nova Iguaçu,Nova Iguaçu,2,2621.87
Webcam,Periféricos,2023-12-17,Loja Duque,Duque de Caxias,1,346.12
Smartwatch,Eletrônicos,2025-06-06,Loja Barra,Rio de Janeiro,4,5901.4
Smartphone,Eletrônicos,2024-04-22,Loja Nova Iguaçu,Nova Iguaçu,1,243.99
Cadeira Gamer,Móveis,2025-04-03,Loja Norte,Rio de Janeiro,4,8187.68
Mouse,Acessórios,2023-03-28,Loja Teresópolis,Teresópolis,1,3831.68
Headset,Acessórios,2025-11-12,Loja Barra,Rio de Janeiro,5,15863.99
Smartphone,Eletrônicos,2023-09-30,Loja Niterói,Niterói,2,559.63
Notebook,Eletrônicos,2025-07-24,Loja Teresópolis,Teresópolis,2,5448.07
Mouse,Acessórios,2023-06-01,Loja Barra,Rio de Janeiro,5,7010.21
Smartphone,Eletrônicos,2025-05-31,Loja Duque,Duque de Caxias,3,5289.25
Impressora,Periféricos,2025-02-16,Loja Centro,Rio de Janeiro,4,10633.2
Roteador,Redes,2024-01-02,Loja São Gonçalo,São Gonçalo,1,1192.07
Monitor,Eletrônicos,2024-06-21,Loja Nova Iguaçu,Nova Iguaçu,3,9767.49
Cadeira Gamer,Móveis,2024-12-20,Loja Duque,Duque de Caxias,5,11703.98
Notebook,Eletrônicos,2025-03-11,Loja Barra,Rio de Janeiro,2,4386.81
Monitor,Eletrônicos,2023-06-11,Loja Teresópolis,Teresópolis,1,1206.6
Tablet,Eletrônicos,2025-10-02,Loja Teresópolis,Teresópolis,3,4221.49
Headset,Acessórios,2024-04-24,Loja Teresópolis,Teresópolis,5,11696.61
Roteador,Redes,2024-05-26,Loja Petrópolis,Petrópolis,4,5002.43
Impressora,Periféricos,2024-11-18,Loja Niterói,Niterói,2,3184.58
Impressora,Periféricos,2025-06-19,Loja Petrópolis,Petrópolis,5,14119.54
Mouse,Acessórios,2024-01-15,Loja Teresópolis,Teresópolis,4,15491.15
Notebook,Eletrônicos,2025-03-24,Loja São Gonçalo,São Gonçalo,1,877.33
Tablet,Eletrônicos,2024-12-03,Loja Barra,Rio de Janeiro,3,1488.78
Tablet,Eletrônicos,2023-07-03,Loja São Gonçalo,São Gonçalo,5,5702.7
Smartwatch,Eletrônicos,2024-04-13,Loja Norte,Rio de Janeiro,4,7578.5
Impressora,Periféricos,2025-09-06,Loja Petrópolis,Petrópolis,1,4735.94
Smartphone,Eletrônicos,2025-09-21,Loja Teresópolis,Teresópolis,1,744.27
Pendrive,Armazenamento,2025-01-10,Loja São Gonçalo,São Gonçalo,1,266.24
Teclado,Acessórios,2023-12-24,Loja Centro,Rio de Janeiro,5,16584.28
Webcam,Periféricos,2023-09-10,Loja Centro,Rio de Janeiro,3,13753.6
Webcam,Periféricos,2023-05-16,Loja Norte,Rio de Janeiro,5,23724.89
HD Externo,Armazenamento,2024-05-19,Loja Nova Iguaçu,Nova Iguaçu,1,444.51
Headset,Acessórios,2025-10-19,Loja Norte,Rio de Janeiro,3,11964.79
Notebook,Eletrônicos,2024-01-31,Loja Barra,Rio de Janeiro,3,13860.66
Headset,Acessórios,2023-09-27,Loja Teresópolis,Teresópolis,1,2634.54
Roteador,Redes,2024-02-02,Loja Nova Iguaçu,Nova Iguaçu,5,17390.36
Notebook,Eletrônicos,2023-05-08,Loja Duque,Duque de Caxias,2,4107.65
HD Externo,Armazenamento,2024-03-23,Loja São Gonçalo,São Gonçalo,5,4679.66
Cadeira Gamer,Móveis,2025-01-29,Loja Teresópolis,Teresópolis,4,6854.55
Roteador,Redes,2025-05-26,Loja Barra,Rio de Janeiro,1,3811.49
Roteador,Redes,2025-03-01,Loja Barra,Rio de Janeiro,2,8688.74
Cadeira Gamer,Móveis,2024-07-10,Loja Teresópolis,Teresópolis,4,7670.46
Notebook,Eletrônicos,2024-03-04,Loja Norte,Rio de Janeiro,1,866.29
Roteador,Redes,2024-05-13,Loja Centro,Rio de Janeiro,3,5451.06
Mesa Escritório,Móveis,2025-01-10,Loja Norte,Rio de Janeiro,2,9711.53
Mesa Escritório,Móveis,2024-06-13,Loja Sul,Rio de Janeiro,4,18485.23
Mouse,Acessórios,2025-02-12,Loja Nova Iguaçu,Nova Iguaçu,1,4164.42
Cadeira Gamer,Móveis,2025-07-08,Loja Barra,Rio de Janeiro,2,5516.56
Impressora,Periféricos,2024-01-02,Loja Petrópolis,Petrópolis,2,317.74
Impressora,Periféricos,2023-11-21,Loja Sul,Rio de Janeiro,5,8635.01
Notebook,Eletrônicos,2025-12-27,Loja São Gonçalo,São Gonçalo,4,2541.06
Impressora,Periféricos,2023-02-01,Loja Barra,Rio de Janeiro,1,3448.84
Pendrive,Armazenamento,2025-05-27,Loja Sul,Rio de Janeiro,3,14249.33
Mouse,Acessórios,2025-11-30,Loja Teresópolis,Teresópolis,3,1044.82
Tablet,Eletrônicos,2023-04-15,Loja Sul,Rio de Janeiro,3,578.2
Notebook,Eletrônicos,2024-07-06,Loja Centro,Rio de Janeiro,3,13451.97
Mesa Escritório,Móveis,2023-06-20,Loja Niterói,Niterói,5,11510.97
Smartwatch,Eletrônicos,2023-03-14,Loja Sul,Rio de Janeiro,4,4444.04
Smartwatch,Eletrônicos,2023-01-14,Loja Duque,Duque de Caxias,3,5423.77
Tablet,Eletrônicos,2025-02-09,Loja Petrópolis,Petrópolis,3,10770.77
Mesa Escritório,Móveis,2025-07-24,Loja Teresópolis,Teresópolis,3,4544.76
Cadeira Gamer,Móveis,2023-10-02,Loja Norte,Rio de Janeiro,1,4791.63
Headset,Acessórios,2025-12-18,Loja Niterói,Niterói,2,2336.55
Impressora,Periféricos,2023-09-14,Loja Barra,Rio de Janeiro,1,4594.95
Headset,Acessórios,2023-08-09,Loja São Gonçalo,São Gonçalo,4,2815.32
HD Externo,Armazenamento,2025-12-13,Loja Teresópolis,Teresópolis,1,877.71
Smartwatch,Eletrônicos,2025-09-13,Loja Petrópolis,Petrópolis,3,1214.74
Teclado,Acessórios,2025-05-04,Loja Duque,Duque de Caxias,5,14120.46
HD Externo,Armazenamento,2025-07-24,Loja Nova Iguaçu,Nova Iguaçu,2,7581.19
Smartphone,Eletrônicos,2023-01-06,Loja Sul,Rio de Janeiro,4,15028.03
Monitor,Eletrônicos,2025-11-09,Loja Nova Iguaçu,Nova Iguaçu,2,2925.91
Impressora,Periféricos,2023-08-15,Loja São Gonçalo,São Gonçalo,5,6415.2
Teclado,Acessórios,2025-03-21,Loja Niterói,Niterói,2,6203.81
Monitor,Eletrônicos,2024-01-20,Loja Duque,Duque de Caxias,1,2609.0
Headset,Acessórios,2023-10-18,Loja Petrópolis,Petrópolis,5,9094.35
Smartwatch,Eletrônicos,2023-04-16,Loja Nova Iguaçu,Nova Iguaçu,1,2340.41
Impressora,Periféricos,2025-06-18,Loja Duque,Duque de Caxias,5,20078.62
Pendrive,Armazenamento,2023-11-02,Loja Norte,Rio de Janeiro,2,6155.19
Mesa Escritório,Móveis,2025-09-05,Loja Duque,Duque de Caxias,5,6911.62
Monitor,Eletrônicos,2024-01-11,Loja Nova Iguaçu,Nova Iguaçu,2,4902.63
HD Externo,Armazenamento,2025-12-29,Loja Barra,Rio de Janeiro,4,18460.36
Pendrive,Armazenamento,2024-01-13,Loja Niterói,Niterói,4,13338.17
Smartphone,Eletrônicos,2024-01-17,Loja Teresópolis,Teresópolis,1,1301.12
Mouse,Acessórios,2023-11-18,Loja Sul,Rio de Janeiro,2,9637.12
HD Externo,Armazenamento,2023-01-29,Loja Centro,Rio de Janeiro,2,7500.62
Tablet,Eletrônicos,2025-05-27,Loja Duque,Duque de Caxias,2,454.75
Notebook,Eletrônicos,2025-12-17,Loja Nova Iguaçu,Nova Iguaçu,2,4485.26
Mesa Escritório,Móveis,2025-12-05,Loja Centro,Rio de Janeiro,2,9613.49
Smartphone,Eletrônicos,2024-11-18,Loja São Gonçalo,São Gonçalo,4,15265.47
Monitor,Eletrônicos,2023-07-19,Loja Petrópolis,Petrópolis,2,684.23
Mesa Escritório,Móveis,2023-05-25,Loja Duque,Duque de Caxias,3,3199.32
Pendrive,Armazenamento,2025-11-15,Loja Barra,Rio de Janeiro,2,7689.32
Impressora,Periféricos,2024-01-31,Loja Duque,Duque de Caxias,1,2102.96
Smartwatch,Eletrônicos,2025-05-08,Loja Nova Iguaçu,Nova Iguaçu,4,14497.15
Mouse,Acessórios,2025-02-07,Loja Barra,Rio de Janeiro,1,2755.82
Roteador,Redes,2023-02-05,Loja Norte,Rio de Janeiro,4,17313.21
Headset,Acessórios,2024-08-25,Loja Nova Iguaçu,Nova Iguaçu,2,4372.18
Teclado,Acessórios,2023-07-17,Loja Petrópolis,Petrópolis,3,5594.27
Webcam,Periféricos,2023-01-06,Loja Niterói,Niterói,1,4180.73
Headset,Acessórios,2024-07-03,Loja Norte,Rio de Janeiro,5,11583.97
Headset,Acessórios,2023-07-07,Loja Sul,Rio de Janeiro,1,1631.18
Monitor,Eletrônicos,2025-08-17,Loja Teresópolis,Teresópolis,2,1598.03
Cadeira Gamer,Móveis,2023-01-20,Loja Norte,Rio de Janeiro,1,2634.42
Tablet,Eletrônicos,2023-01-18,Loja Centro,Rio de Janeiro,4,17495.98
Webcam,Periféricos,2023-09-09,Loja Nova Iguaçu,Nova Iguaçu,4,12528.26
HD Externo,Armazenamento,2024-02-05,Loja Duque,Duque de Caxias,3,2391.68
Notebook,Eletrônicos,2023-09-30,Loja Barra,Rio de Janeiro,5,783.95
Monitor,Eletrônicos,2023-01-06,Loja Norte,Rio de Janeiro,2,2344.5
Impressora,Periféricos,2023-08-26,Loja São Gonçalo,São Gonçalo,2,3993.78
Cadeira Gamer,Móveis,2023-09-15,Loja Teresópolis,Teresópolis,3,4510.21
Impressora,Periféricos,2024-05-23,Loja Teresópolis,Teresópolis,1,3505.33
HD Externo,Armazenamento,2025-11-28,Loja São Gonçalo,São Gonçalo,3,12524.43
Cadeira Gamer,Móveis,2024-05-10,Loja Teresópolis,Teresópolis,3,2217.4
Notebook,Eletrônicos,2024-10-16,Loja São Gonçalo,São Gonçalo,5,6309.09
Smartwatch,Eletrônicos,2025-10-18,Loja Petrópolis,Petrópolis,4,757.82
Webcam,Periféricos,2025-12-29,Loja Sul,Rio de Janeiro,4,8628.57
HD Externo,Armazenamento,2023-04-27,Loja Teresópolis,Teresópolis,1,782.0
Smartphone,Eletrônicos,2025-08-19,Loja Niterói,Niterói,2,6455.15
Tablet,Eletrônicos,2024-05-30,Loja Petrópolis,Petrópolis,3,6276.73
Tablet,Eletrônicos,2025-05-07,Loja Barra,Rio de Janeiro,3,1134.0
Notebook,Eletrônicos,2025-09-04,Loja Norte,Rio de Janeiro,5,19237.48
Smartwatch,Eletrônicos,2023-07-29,Loja Petrópolis,Petrópolis,1,1645.29
Webcam,Periféricos,2025-08-30,Loja Duque,Duque de Caxias,5,12167.66
Cadeira Gamer,Móveis,2023-04-30,Loja Nova Iguaçu,Nova Iguaçu,2,2542.6
Notebook,Eletrônicos,2024-09-26,Loja Teresópolis,Teresópolis,3,9031.83
Teclado,Acessórios,2023-07-06,Loja Norte,Rio de Janeiro,1,4111.69
Mouse,Acessórios,2025-11-23,Loja Norte,Rio de Janeiro,4,659.6
Pendrive,Armazenamento,2023-05-26,Loja Norte,Rio de Janeiro,4,10994.65
Headset,Acessórios,2024-06-14,Loja Sul,Rio de Janeiro,3,4059.65
HD Externo,Armazenamento,2023-01-05,Loja Duque,Duque de Caxias,5,13192.27
Smartphone,Eletrônicos,2023-09-09,Loja Barra,Rio de Janeiro,1,591.26
Monitor,Eletrônicos,2023-10-12,Loja São Gonçalo,São Gonçalo,1,494.4
Smartwatch,Eletrônicos,2023-07-11,Loja Barra,Rio de Janeiro,3,456.53
Tablet,Eletrônicos,2024-12-12,Loja Teresópolis,Teresópolis,1,204.85
Impressora,Periféricos,2025-07-18,Loja Sul,Rio de Janeiro,1,1170.08
Headset,Acessórios,2023-06-25,Loja São Gonçalo,São Gonçalo,2,8264.11
HD Externo,Armazenamento,2024-04-03,Loja Duque,Duque de Caxias,5,3762.77
Monitor,Eletrônicos,2024-07-28,Loja Petrópolis,Petrópolis,1,1426.04
Teclado,Acessórios,2025-09-13,Loja Petrópolis,Petrópolis,5,4792.66
Roteador,Redes,2023-11-17,Loja Barra,Rio de Janeiro,3,3710.31
Notebook,Eletrônicos,2023-10-21,Loja Niterói,Niterói,1,1494.73
Roteador,Redes,2025-12-19,Loja Teresópolis,Teresópolis,5,13953.77
Teclado,Acessórios,2025-12-21,Loja Barra,Rio de Janeiro,1,859.53
Mesa Escritório,Móveis,2024-02-06,Loja Niterói,Niterói,3,14267.47
Notebook,Eletrônicos,2024-12-07,Loja Niterói,Niterói,1,2510.25
Monitor,Eletrônicos,2025-07-21,Loja Teresópolis,Teresópolis,4,12636.0
Tablet,Eletrônicos,2025-07-09,Loja Norte,Rio de Janeiro,3,10710.23
Smartwatch,Eletrônicos,2025-01-10,Loja Niterói,Niterói,1,501.91
Cadeira Gamer,Móveis,2023-04-13,Loja Teresópolis,Teresópolis,1,3617.1
Roteador,Redes,2023-06-04,Loja Petrópolis,Petrópolis,2,1943.88
Mesa Escritório,Móveis,2025-11-06,Loja Teresópolis,Teresópolis,2,9481.01
HD Externo,Armazenamento,2023-01-16,Loja Teresópolis,Teresópolis,3,14656.01
Pendrive,Armazenamento,2024-04-04,Loja Petrópolis,Petrópolis,3,12722.6
Headset,Acessórios,2025-12-22,Loja Niterói,Niterói,4,13922.19
Impressora,Periféricos,2025-07-17,Loja Norte,Rio de Janeiro,2,1080.65
Webcam,Periféricos,2023-08-30,Loja Teresópolis,Teresópolis,3,4253.64
Tablet,Eletrônicos,2023-08-08,Loja Duque,Duque de Caxias,3,6148.73
HD Externo,Armazenamento,2024-03-10,Loja Nova Iguaçu,Nova Iguaçu,4,10136.14
Mesa Escritório,Móveis,2024-12-14,Loja São Gonçalo,São Gonçalo,4,13799.55
Mesa Escritório,Móveis,2025-10-18,Loja Nova Iguaçu,Nova Iguaçu,3,5417.61
HD Externo,Armazenamento,2024-07-09,Loja Duque,Duque de Caxias,1,290.93
Tablet,Eletrônicos,2025-12-25,Loja Centro,Rio de Janeiro,5,8718.06
Roteador,Redes,2025-11-14,Loja São Gonçalo,São Gonçalo,5,6485.29
Webcam,Periféricos,2025-05-04,Loja Nova Iguaçu,Nova Iguaçu,1,1231.77
Smartwatch,Eletrônicos,2024-07-01,Loja Sul,Rio de Janeiro,3,3281.41
Pendrive,Armazenamento,2023-03-11,Loja Teresópolis,Teresópolis,1,1997.52
Roteador,Redes,2023-12-17,Loja Petrópolis,Petrópolis,5,8909.27
Pendrive,Armazenamento,2024-02-25,Loja Sul,Rio de Janeiro,5,1150.64
Pendrive,Armazenamento,2025-07-19,Loja Centro,Rio de Janeiro,2,8354.85
Teclado,Acessórios,2023-09-11,Loja Nova Iguaçu,Nova Iguaçu,1,1087.47
Teclado,Acessórios,2024-10-07,Loja Norte,Rio de Janeiro,4,15989.14
Mesa Escritório,Móveis,2023-12-17,Loja Duque,Duque de Caxias,3,10631.82
Teclado,Acessórios,2024-11-08,Loja Centro,Rio de Janeiro,2,9917.57
Pendrive,Armazenamento,2024-01-06,Loja Niterói,Niterói,1,3772.76
Smartwatch,Eletrônicos,2025-05-10,Loja Centro,Rio de Janeiro,4,10487.35
Webcam,Periféricos,2025-12-06,Loja Petrópolis,Petrópolis,5,13786.15
Notebook,Eletrônicos,2025-10-01,Loja Nova Iguaçu,Nova Iguaçu,5,22503.4
Mouse,Acessórios,2024-12-25,Loja Barra,Rio de Janeiro,4,3353.42
Impressora,Periféricos,2025-03-20,Loja São Gonçalo,São Gonçalo,2,7841.31
HD Externo,Armazenamento,2025-04-05,Loja Petrópolis,Petrópolis,2,455.88
Notebook,Eletrônicos,2024-12-24,Loja Nova Iguaçu,Nova Iguaçu,4,16291.18
Roteador,Redes,2023-12-24,Loja Duque,Duque de Caxias,1,3145.86
Cadeira Gamer,Móveis,2025-07-10,Loja Sul,Rio de Janeiro,1,3453.12
Mesa Escritório,Móveis,2024-11-10,Loja Centro,Rio de Janeiro,4,4812.43
Smartphone,Eletrônicos,2025-02-14,Loja Barra,Rio de Janeiro,4,16769.69
HD Externo,Armazenamento,2025-02-22,Loja Barra,Rio de Janeiro,4,2074.1
Tablet,Eletrônicos,2023-02-13,Loja Norte,Rio de Janeiro,3,9635.06
Impressora,Periféricos,2023-08-27,Loja São Gonçalo,São Gonçalo,3,4056.08
Webcam,Periféricos,2025-12-13,Loja Petrópolis,Petrópolis,2,2036.6
Webcam,Periféricos,2024-10-28,Loja São Gonçalo,São Gonçalo,3,11335.63
HD Externo,Armazenamento,2025-12-11,Loja Petrópolis,Petrópolis,5,18943.98
Tablet,Eletrônicos,2025-02-26,Loja São Gonçalo,São Gonçalo,4,12881.11
HD Externo,Armazenamento,2023-10-24,Loja Niterói,Niterói,4,6587.05
Mouse,Acessórios,2025-04-24,Loja Petrópolis,Petrópolis,4,1953.37
Webcam,Periféricos,2024-12-30,Loja Teresópolis,Teresópolis,3,5095.71
Headset,Acessórios,2025-11-06,Loja Teresópolis,Teresópolis,5,2056.38
Webcam,Periféricos,2024-12-14,Loja São Gonçalo,São Gonçalo,5,13449.62
HD Externo,Armazenamento,2025-05-09,Loja Sul,Rio de Janeiro,3,8703.24
Mouse,Acessórios,2023-05-25,Loja São Gonçalo,São Gonçalo,2,433.53
Impressora,Periféricos,2025-06-08,Loja Norte,Rio de Janeiro,5,13779.27
Smartwatch,Eletrônicos,2023-07-08,Loja Petrópolis,Petrópolis,3,14548.19
Cadeira Gamer,Móveis,2023-08-15,Loja Teresópolis,Teresópolis,5,1818.78
Mesa Escritório,Móveis,2025-07-07,Loja Sul,Rio de Janeiro,5,9801.82
Smartphone,Eletrônicos,2024-06-18,Loja Nova Iguaçu,Nova Iguaçu,5,11964.7
Tablet,Eletrônicos,2023-03-26,Loja Barra,Rio de Janeiro,4,19239.27
Tablet,Eletrônicos,2025-08-06,Loja Barra,Rio de Janeiro,4,2212.84
Webcam,Periféricos,2025-04-08,Loja Niterói,Niterói,1,2505.68
Webcam,Periféricos,2025-03-22,Loja Sul,Rio de Janeiro,1,2885.19
Smartwatch,Eletrônicos,2023-01-08,Loja Niterói,Niterói,4,8390.59
HD Externo,Armazenamento,2025-02-04,Loja Sul,Rio de Janeiro,2,8177.65
Mesa Escritório,Móveis,2025-11-01,Loja Teresópolis,Teresópolis,3,9398.89
Tablet,Eletrônicos,2023-12-03,Loja Duque,Duque de Caxias,3,4386.7
Impressora,Periféricos,2023-03-14,Loja Duque,Duque de Caxias,2,4417.89
HD Externo,Armazenamento,2025-11-30,Loja Teresópolis,Teresópolis,2,3198.33
HD Externo,Armazenamento,2023-01-28,Loja Duque,Duque de Caxias,3,12673.02
Notebook,Eletrônicos,2023-09-03,Loja Norte,Rio de Janeiro,2,5695.05
Teclado,Acessórios,2025-03-02,Loja Sul,Rio de Janeiro,4,8097.79
Roteador,Redes,2025-07-06,Loja Norte,Rio de Janeiro,1,1588.4
Webcam,Periféricos,2023-01-14,Loja Duque,Duque de Caxias,2,9532.32
Pendrive,Armazenamento,2025-12-12,Loja Niterói,Niterói,3,2926.23
Webcam,Periféricos,2024-03-18,Loja Norte,Rio de Janeiro,3,2217.63
Teclado,Acessórios,2025-05-29,Loja Niterói,Niterói,2,9974.5
Cadeira Gamer,Móveis,2025-06-13,Loja Nova Iguaçu,Nova Iguaçu,1,1411.03
Tablet,Eletrônicos,2025-06-16,Loja Teresópolis,Teresópolis,4,10834.29
Notebook,Eletrônicos,2024-05-23,Loja São Gonçalo,São Gonçalo,1,850.6
Smartphone,Eletrônicos,2024-04-15,Loja Duque,Duque de Caxias,4,16772.71
Smartwatch,Eletrônicos,2023-05-09,Loja Duque,Duque de Caxias,4,5581.23
Smartphone,Eletrônicos,2024-04-17,Loja Norte,Rio de Janeiro,3,13962.21
Impressora,Periféricos,2023-11-16,Loja Sul,Rio de Janeiro,2,1105.4
Pendrive,Armazenamento,2023-02-10,Loja São Gonçalo,São Gonçalo,2,233.21
Impressora,Periféricos,2023-08-24,Loja Niterói,Niterói,2,7343.82
Pendrive,Armazenamento,2025-04-07,Loja Teresópolis,Teresópolis,2,3790.86
Roteador,Redes,2023-05-26,Loja Barra,Rio de Janeiro,3,10690.12
Tablet,Eletrônicos,2023-06-18,Loja Barra,Rio de Janeiro,2,8129.04
Mesa Escritório,Móveis,2024-06-05,Loja Teresópolis,Teresópolis,1,1252.75
Notebook,Eletrônicos,2024-05-20,Loja São Gonçalo,São Gonçalo,5,20829.39
HD Externo,Armazenamento,2023-11-15,Loja Nova Iguaçu,Nova Iguaçu,2,2262.63
Tablet,Eletrônicos,2025-08-18,Loja Barra,Rio de Janeiro,4,12672.81
Tablet,Eletrônicos,2025-08-21,Loja Duque,Duque de Caxias,1,2422.71
Cadeira Gamer,Móveis,2025-11-27,Loja Nova Iguaçu,Nova Iguaçu,4,10361.47
Cadeira Gamer,Móveis,2024-09-01,Loja Norte,Rio de Janeiro,5,12526.04
Tablet,Eletrônicos,2025-04-28,Loja Barra,Rio de Janeiro,4,2532.25
Impressora,Periféricos,2024-09-24,Loja Sul,Rio de Janeiro,4,6681.0
Cadeira Gamer,Móveis,2024-10-05,Loja Centro,Rio de Janeiro,1,534.98
Cadeira Gamer,Móveis,2024-11-25,Loja Niterói,Niterói,2,3928.35
Cadeira Gamer,Móveis,2023-06-21,Loja Petrópolis,Petrópolis,5,23503.63
Roteador,Redes,2023-05-22,Loja Duque,Duque de Caxias,2,3422.77
Smartwatch,Eletrônicos,2024-05-11,Loja Nova Iguaçu,Nova Iguaçu,5,11830.95
Mesa Escritório,Móveis,2023-05-11,Loja Norte,Rio de Janeiro,5,5959.84
Roteador,Redes,2025-12-10,Loja Norte,Rio de Janeiro,5,1092.25
Mouse,Acessórios,2025-01-07,Loja Nova Iguaçu,Nova Iguaçu,1,2381.82
Teclado,Acessórios,2023-07-08,Loja Duque,Duque de Caxias,4,1580.75
Pendrive,Armazenamento,2024-05-04,Loja Norte,Rio de Janeiro,5,2989.18
Mesa Escritório,Móveis,2025-10-16,Loja Norte,Rio de Janeiro,4,10242.11
Smartwatch,Eletrônicos,2023-11-15,Loja Nova Iguaçu,Nova Iguaçu,4,4794.28
Smartwatch,Eletrônicos,2023-03-20,Loja Duque,Duque de Caxias,4,14761.61
Teclado,Acessórios,2023-02-25,Loja Teresópolis,Teresópolis,3,13113.84
Mouse,Acessórios,2024-03-10,Loja Barra,Rio de Janeiro,4,4730.42
Roteador,Redes,2023-01-29,Loja Duque,Duque de Caxias,3,7958.83
Tablet,Eletrônicos,2024-06-30,Loja Norte,Rio de Janeiro,1,2735.53
Mesa Escritório,Móveis,2024-12-29,Loja Nova Iguaçu,Nova Iguaçu,4,18102.06
Smartphone,Eletrônicos,2023-11-15,Loja São Gonçalo,São Gonçalo,1,551.01
Cadeira Gamer,Móveis,2023-12-28,Loja Sul,Rio de Janeiro,5,19962.47
Monitor,Eletrônicos,2024-08-10,Loja Petrópolis,Petrópolis,3,4866.67
Cadeira Gamer,Móveis,2025-04-10,Loja Teresópolis,Teresópolis,2,8249.44
Headset,Acessórios,2023-12-24,Loja Petrópolis,Petrópolis,2,7376.88
Cadeira Gamer,Móveis,2025-01-05,Loja Petrópolis,Petrópolis,4,1160.54
Mesa Escritório,Móveis,2024-08-02,Loja Duque,Duque de Caxias,2,8559.8
Smartwatch,Eletrônicos,2023-09-10,Loja Teresópolis,Teresópolis,4,2507.35
Impressora,Periféricos,2023-08-10,Loja Norte,Rio de Janeiro,2,380.54
Notebook,Eletrônicos,2025-09-11,Loja Centro,Rio de Janeiro,1,1301.38
Smartwatch,Eletrônicos,2024-08-04,Loja Duque,Duque de Caxias,2,3234.54
Smartwatch,Eletrônicos,2024-05-02,Loja Duque,Duque de Caxias,4,14779.49
Notebook,Eletrônicos,2025-06-30,Loja Duque,Duque de Caxias,2,7611.66
Mesa Escritório,Móveis,2023-03-03,Loja Sul,Rio de Janeiro,1,1182.09
HD Externo,Armazenamento,2023-11-07,Loja Norte,Rio de Janeiro,2,3558.97
Smartwatch,Eletrônicos,2024-05-22,Loja Barra,Rio de Janeiro,3,1837.46
Impressora,Periféricos,2024-07-25,Loja Petrópolis,Petrópolis,2,2709.09
Smartphone,Eletrônicos,2023-07-01,Loja Sul,Rio de Janeiro,4,17717.08
Cadeira Gamer,Móveis,2025-12-16,Loja Barra,Rio de Janeiro,1,3481.62
HD Externo,Armazenamento,2025-04-08,Loja Sul,Rio de Janeiro,3,2077.53
Notebook,Eletrônicos,2024-05-16,Loja São Gonçalo,São Gonçalo,1,4944.99
HD Externo,Armazenamento,2023-10-06,Loja Nova Iguaçu,Nova Iguaçu,2,9517.71
Smartphone,Eletrônicos,2025-02-21,Loja Sul,Rio de Janeiro,2,2277.24
Teclado,Acessórios,2025-10-28,Loja Centro,Rio de Janeiro,4,8570.43
Mesa Escritório,Móveis,2025-09-11,Loja Nova Iguaçu,Nova Iguaçu,4,6195.63
Impressora,Periféricos,2023-07-09,Loja Barra,Rio de Janeiro,2,1106.85
Teclado,Acessórios,2025-04-27,Loja São Gonçalo,São Gonçalo,3,9565.68
Smartwatch,Eletrônicos,2024-12-03,Loja Sul,Rio de Janeiro,3,7641.62
Mouse,Acessórios,2023-03-07,Loja Norte,Rio de Janeiro,3,472.08
Smartwatch,Eletrônicos,2025-11-15,Loja Centro,Rio de Janeiro,3,6264.8
Roteador,Redes,2025-06-05,Loja Teresópolis,Teresópolis,1,105.96
Monitor,Eletrônicos,2024-11-30,Loja Petrópolis,Petrópolis,1,4836.29
HD Externo,Armazenamento,2024-09-01,Loja Sul,Rio de Janeiro,1,2373.97
Cadeira Gamer,Móveis,2024-12-20,Loja Niterói,Niterói,3,7238.91
Tablet,Eletrônicos,2023-04-20,Loja Niterói,Niterói,3,8758.17
Headset,Acessórios,2024-09-28,Loja Petrópolis,Petrópolis,1,1999.12
Monitor,Eletrônicos,2023-04-07,Loja Norte,Rio de Janeiro,3,13648.22
Pendrive,Armazenamento,2024-10-02,Loja Petrópolis,Petrópolis,3,4535.98
Impressora,Periféricos,2025-11-27,Loja Teresópolis,Teresópolis,1,3581.85
Mouse,Acessórios,2024-07-09,Loja Nova Iguaçu,Nova Iguaçu,1,2571.58
Cadeira Gamer,Móveis,2023-02-26,Loja Barra,Rio de Janeiro,5,23604.15
Pendrive,Armazenamento,2023-01-26,Loja Sul,Rio de Janeiro,1,3028.26
HD Externo,Armazenamento,2025-02-11,Loja Nova Iguaçu,Nova Iguaçu,4,3829.9
Mouse,Acessórios,2024-06-21,Loja Centro,Rio de Janeiro,3,4667.03
Monitor,Eletrônicos,2024-07-22,Loja Centro,Rio de Janeiro,3,10878.25
Mesa Escritório,Móveis,2025-07-26,Loja Duque,Duque de Caxias,5,3769.66
Monitor,Eletrônicos,2025-05-17,Loja Norte,Rio de Janeiro,5,24967.15
Roteador,Redes,2024-07-21,Loja Petrópolis,Petrópolis,5,15691.11
HD Externo,Armazenamento,2024-09-05,Loja Barra,Rio de Janeiro,5,24628.42
Notebook,Eletrônicos,2024-08-17,Loja Barra,Rio de Janeiro,2,3931.07
Roteador,Redes,2025-10-22,Loja Petrópolis,Petrópolis,4,19162.96
Webcam,Periféricos,2023-06-29,Loja Teresópolis,Teresópolis,1,4853.12
Impressora,Periféricos,2025-02-01,Loja Centro,Rio de Janeiro,2,4148.03
HD Externo,Armazenamento,2024-04-04,Loja Teresópolis,Teresópolis,5,9559.52
Notebook,Eletrônicos,2024-08-13,Loja Sul,Rio de Janeiro,5,10894.62
Headset,Acessórios,2024-06-15,Loja São Gonçalo,São Gonçalo,4,14763.86
Tablet,Eletrônicos,2025-03-12,Loja Teresópolis,Teresópolis,4,8486.49
HD Externo,Armazenamento,2025-10-09,Loja São Gonçalo,São Gonçalo,1,2959.32
Smartwatch,Eletrônicos,2023-02-21,Loja Norte,Rio de Janeiro,1,3029.3
Impressora,Periféricos,2024-05-20,Loja Centro,Rio de Janeiro,2,5663.42
Smartphone,Eletrônicos,2023-03-20,Loja Centro,Rio de Janeiro,3,6178.98
Mesa Escritório,Móveis,2023-09-01,Loja Sul,Rio de Janeiro,3,12989.35
Mesa Escritório,Móveis,2024-04-22,Loja Duque,Duque de Caxias,4,2089.71
Headset,Acessórios,2024-04-07,Loja Teresópolis,Teresópolis,1,3078.53
Teclado,Acessórios,2024-11-17,Loja Niterói,Niterói,3,6994.46
Monitor,Eletrônicos,2025-05-18,Loja Barra,Rio de Janeiro,3,1437.15
Impressora,Periféricos,2025-01-09,Loja Petrópolis,Petrópolis,4,4008.66
Headset,Acessórios,2023-08-31,Loja Teresópolis,Teresópolis,4,19139.86
Smartphone,Eletrônicos,2023-02-04,Loja Petrópolis,Petrópolis,1,2232.84
Pendrive,Armazenamento,2025-11-26,Loja Petrópolis,Petrópolis,2,9283.87
Monitor,Eletrônicos,2023-09-15,Loja Niterói,Niterói,1,4336.61
HD Externo,Armazenamento,2025-06-04,Loja Duque,Duque de Caxias,2,7819.85
Headset,Acessórios,2023-01-11,Loja Petrópolis,Petrópolis,3,12258.36
Teclado,Acessórios,2025-08-30,Loja Niterói,Niterói,1,3194.37
HD Externo,Armazenamento,2024-08-04,Loja São Gonçalo,São Gonçalo,3,11599.78
Mouse,Acessórios,2023-01-03,Loja Teresópolis,Teresópolis,3,5682.2
Impressora,Periféricos,2024-12-30,Loja Teresópolis,Teresópolis,4,8892.69
Pendrive,Armazenamento,2024-05-24,Loja Centro,Rio de Janeiro,5,419.2
Headset,Acessórios,2025-04-16,Loja Nova Iguaçu,Nova Iguaçu,5,23576.54
Pendrive,Armazenamento,2025-08-16,Loja Teresópolis,Teresópolis,3,3384.69
Notebook,Eletrônicos,2024-08-23,Loja Barra,Rio de Janeiro,2,7946.75
Mesa Escritório,Móveis,2024-11-01,Loja Sul,Rio de Janeiro,5,2133.33
Mouse,Acessórios,2025-10-24,Loja Niterói,Niterói,1,2585.3
Monitor,Eletrônicos,2023-09-14,Loja São Gonçalo,São Gonçalo,3,13472.35
Smartphone,Eletrônicos,2024-08-10,Loja São Gonçalo,São Gonçalo,1,2373.56
Smartphone,Eletrônicos,2025-03-02,Loja Teresópolis,Teresópolis,4,3923.14
Mesa Escritório,Móveis,2025-07-10,Loja Niterói,Niterói,4,17624.44
Mouse,Acessórios,2023-03-24,Loja Teresópolis,Teresópolis,5,673.59
Impressora,Periféricos,2023-03-19,Loja São Gonçalo,São Gonçalo,4,6995.91
Roteador,Redes,2025-02-28,Loja Barra,Rio de Janeiro,1,934.28
HD Externo,Armazenamento,2023-04-19,Loja Barra,Rio de Janeiro,5,23849.03
Roteador,Redes,2024-09-18,Loja Barra,Rio de Janeiro,2,8636.04
Roteador,Redes,2024-08-13,Loja Barra,Rio de Janeiro,4,19307.95
Teclado,Acessórios,2023-11-28,Loja Norte,Rio de Janeiro,4,13666.18
Monitor,Eletrônicos,2024-09-09,Loja Nova Iguaçu,Nova Iguaçu,3,2625.14
Teclado,Acessórios,2024-08-23,Loja Niterói,Niterói,5,3859.36
Webcam,Periféricos,2025-09-14,Loja Niterói,Niterói,2,8438.31
Notebook,Eletrônicos,2024-02-15,Loja Nova Iguaçu,Nova Iguaçu,2,7516.36
HD Externo,Armazenamento,2024-06-27,Loja Niterói,Niterói,5,13815.48
Smartphone,Eletrônicos,2025-12-24,Loja Teresópolis,Teresópolis,1,1731.7
Pendrive,Armazenamento,2024-05-30,Loja Sul,Rio de Janeiro,4,7368.56
Smartphone,Eletrônicos,2025-06-06,Loja Petrópolis,Petrópolis,4,17921.25
Notebook,Eletrônicos,2023-11-04,Loja Petrópolis,Petrópolis,1,2996.0
Impressora,Periféricos,2024-09-16,Loja São Gonçalo,São Gonçalo,3,13066.72
Tablet,Eletrônicos,2024-06-16,Loja Sul,Rio de Janeiro,1,4039.59
Impressora,Periféricos,2025-05-26,Loja Centro,Rio de Janeiro,5,19395.64
HD Externo,Armazenamento,2025-10-30,Loja Niterói,Niterói,3,14616.16
Smartwatch,Eletrônicos,2024-12-04,Loja Niterói,Niterói,2,2060.29
Smartphone,Eletrônicos,2023-09-22,Loja Duque,Duque de Caxias,3,13896.93
Mesa Escritório,Móveis,2025-05-10,Loja Nova Iguaçu,Nova Iguaçu,1,554.67
HD Externo,Armazenamento,2024-05-01,Loja Sul,Rio de Janeiro,3,10727.79
Mouse,Acessórios,2023-09-09,Loja São Gonçalo,São Gonçalo,2,203.13
Notebook,Eletrônicos,2024-02-02,Loja Barra,Rio de Janeiro,4,8740.45
Notebook,Eletrônicos,2023-09-04,Loja Sul,Rio de Janeiro,4,11671.36
Tablet,Eletrônicos,2023-05-05,Loja Centro,Rio de Janeiro,1,3697.98
Roteador,Redes,2023-09-04,Loja Barra,Rio de Janeiro,3,9541.07
Cadeira Gamer,Móveis,2024-06-14,Loja Barra,Rio de Janeiro,5,4676.7
Mesa Escritório,Móveis,2023-02-06,Loja Duque,Duque de Caxias,1,521.86
Notebook,Eletrônicos,2024-11-07,Loja Teresópolis,Teresópolis,1,4995.92
Notebook,Eletrônicos,2023-07-03,Loja Centro,Rio de Janeiro,2,1851.91
HD Externo,Armazenamento,2024-01-28,Loja Sul,Rio de Janeiro,4,14004.25
Headset,Acessórios,2025-10-01,Loja Niterói,Niterói,4,7430.36
Smartwatch,Eletrônicos,2023-07-26,Loja Petrópolis,Petrópolis,5,4638.43
Roteador,Redes,2025-11-14,Loja Niterói,Niterói,5,11762.35
HD Externo,Armazenamento,2025-10-03,Loja Norte,Rio de Janeiro,4,8265.67
Monitor,Eletrônicos,2024-06-22,Loja Niterói,Niterói,3,13784.62
Impressora,Periféricos,2025-10-22,Loja Norte,Rio de Janeiro,1,3381.99
Roteador,Redes,2025-09-12,Loja Teresópolis,Teresópolis,1,4558.42
Cadeira Gamer,Móveis,2024-10-10,Loja Petrópolis,Petrópolis,3,2932.84
Webcam,Periféricos,2024-09-17,Loja Nova Iguaçu,Nova Iguaçu,1,3966.31
Smartphone,Eletrônicos,2025-11-07,Loja Niterói,Niterói,5,8093.35
Mouse,Acessórios,2023-10-06,Loja Petrópolis,Petrópolis,1,3277.58
Impressora,Periféricos,2024-11-02,Loja Norte,Rio de Janeiro,1,3605.93
Teclado,Acessórios,2023-07-04,Loja Petrópolis,Petrópolis,3,14701.2
Smartphone,Eletrônicos,2024-01-04,Loja Petrópolis,Petrópolis,2,869.57
Webcam,Periféricos,2025-04-16,Loja Niterói,Niterói,4,1213.71
Webcam,Periféricos,2024-11-12,Loja Petrópolis,Petrópolis,1,395.42
Mesa Escritório,Móveis,2023-06-19,Loja São Gonçalo,São Gonçalo,4,10638.4
Notebook,Eletrônicos,2023-09-08,Loja Sul,Rio de Janeiro,5,8324.96
Cadeira Gamer,Móveis,2024-03-12,Loja Centro,Rio de Janeiro,2,2378.21
Cadeira Gamer,Móveis,2024-09-11,Loja Centro,Rio de Janeiro,5,9916.24
Smartphone,Eletrônicos,2024-09-26,Loja Norte,Rio de Janeiro,5,8099.1
Monitor,Eletrônicos,2025-04-08,Loja Niterói,Niterói,2,1161.79
Cadeira Gamer,Móveis,2025-03-15,Loja São Gonçalo,São Gonçalo,5,5254.37
Teclado,Acessórios,2024-07-09,Loja Norte,Rio de Janeiro,4,9237.74
Teclado,Acessórios,2023-08-16,Loja Duque,Duque de Caxias,1,1421.93
HD Externo,Armazenamento,2023-01-06,Loja Sul,Rio de Janeiro,3,6621.19
Notebook,Eletrônicos,2024-07-13,Loja Petrópolis,Petrópolis,1,4163.53
Pendrive,Armazenamento,2024-03-12,Loja São Gonçalo,São Gonçalo,4,11490.16
HD Externo,Armazenamento,2024-06-30,Loja Centro,Rio de Janeiro,4,12441.91
Tablet,Eletrônicos,2023-06-17,Loja Petrópolis,Petrópolis,2,8926.69
Smartwatch,Eletrônicos,2023-08-18,Loja Sul,Rio de Janeiro,4,17513.4
Teclado,Acessórios,2023-03-09,Loja Sul,Rio de Janeiro,2,3991.63
Pendrive,Armazenamento,2023-10-26,Loja Centro,Rio de Janeiro,1,2036.78
Impressora,Periféricos,2025-03-30,Loja Centro,Rio de Janeiro,5,19384.26
Teclado,Acessórios,2025-09-16,Loja Nova Iguaçu,Nova Iguaçu,1,488.18
Notebook,Eletrônicos,2025-10-05,Loja Barra,Rio de Janeiro,5,8670.87
Monitor,Eletrônicos,2023-04-14,Loja Duque,Duque de Caxias,2,6233.5
Impressora,Periféricos,2025-10-23,Loja Petrópolis,Petrópolis,4,5736.52
Cadeira Gamer,Móveis,2024-03-07,Loja Duque,Duque de Caxias,5,3023.76
Cadeira Gamer,Móveis,2025-07-27,Loja Duque,Duque de Caxias,5,14077.29
HD Externo,Armazenamento,2024-02-10,Loja Nova Iguaçu,Nova Iguaçu,4,8915.58
Teclado,Acessórios,2023-09-19,Loja Duque,Duque de Caxias,3,7483.4
Roteador,Redes,2023-06-07,Loja Centro,Rio de Janeiro,5,19438.92
Monitor,Eletrônicos,2024-11-16,Loja Barra,Rio de Janeiro,2,4839.55
Roteador,Redes,2024-06-26,Loja Nova Iguaçu,Nova Iguaçu,4,5065.8
Mouse,Acessórios,2024-06-30,Loja Sul,Rio de Janeiro,3,14198.84
Teclado,Acessórios,2024-03-29,Loja Petrópolis,Petrópolis,4,16451.81
Impressora,Periféricos,2023-03-01,Loja Norte,Rio de Janeiro,2,7402.63
Impressora,Periféricos,2024-04-11,Loja Barra,Rio de Janeiro,2,3594.88
Headset,Acessórios,2024-12-20,Loja Nova Iguaçu,Nova Iguaçu,4,16462.92
Impressora,Periféricos,2024-07-07,Loja Petrópolis,Petrópolis,3,3032.79
Monitor,Eletrônicos,2025-09-26,Loja Petrópolis,Petrópolis,3,4403.11
Impressora,Periféricos,2025-03-11,Loja Teresópolis,Teresópolis,5,13574.08
Mesa Escritório,Móveis,2025-08-17,Loja Petrópolis,Petrópolis,4,16026.55
Notebook,Eletrônicos,2023-06-04,Loja Barra,Rio de Janeiro,3,10634.88
Cadeira Gamer,Móveis,2025-09-24,Loja Duque,Duque de Caxias,4,1173.06
Roteador,Redes,2024-01-17,Loja Sul,Rio de Janeiro,4,3330.47
Tablet,Eletrônicos,2023-06-07,Loja Duque,Duque de Caxias,5,2959.87
Tablet,Eletrônicos,2024-03-10,Loja Norte,Rio de Janeiro,2,5469.56
Smartwatch,Eletrônicos,2023-04-12,Loja Teresópolis,Teresópolis,5,6818.32
Impressora,Periféricos,2023-08-10,Loja Nova Iguaçu,Nova Iguaçu,3,1467.25
Notebook,Eletrônicos,2023-12-17,Loja Niterói,Niterói,4,13199.64
Webcam,Periféricos,2025-06-27,Loja Sul,Rio de Janeiro,4,15799.28
Monitor,Eletrônicos,2024-01-13,Loja Petrópolis,Petrópolis,3,14457.56
Monitor,Eletrônicos,2024-06-10,Loja Duque,Duque de Caxias,1,3655.67
Cadeira Gamer,Móveis,2023-01-04,Loja Norte,Rio de Janeiro,3,10599.99
Mouse,Acessórios,2024-08-27,Loja Duque,Duque de Caxias,4,4349.01
HD Externo,Armazenamento,2025-12-10,Loja Duque,Duque de Caxias,1,4328.93
Tablet,Eletrônicos,2023-02-28,Loja Teresópolis,Teresópolis,1,330.64
Pendrive,Armazenamento,2025-02-25,Loja Duque,Duque de Caxias,4,17223.99
Monitor,Eletrônicos,2025-01-16,Loja Nova Iguaçu,Nova Iguaçu,3,4953.51
Monitor,Eletrônicos,2025-03-19,Loja Petrópolis,Petrópolis,5,12316.3
Pendrive,Armazenamento,2024-04-04,Loja Sul,Rio de Janeiro,4,1623.42
Tablet,Eletrônicos,2024-06-09,Loja Nova Iguaçu,Nova Iguaçu,5,10442.65
Pendrive,Armazenamento,2025-04-20,Loja Sul,Rio de Janeiro,2,7420.12
Headset,Acessórios,2023-05-24,Loja Petrópolis,Petrópolis,5,17988.54
Webcam,Periféricos,2025-03-14,Loja São Gonçalo,São Gonçalo,4,5694.83
Smartwatch,Eletrônicos,2023-10-05,Loja Petrópolis,Petrópolis,1,476.34
Teclado,Acessórios,2025-02-16,Loja Sul,Rio de Janeiro,4,6149.95
Notebook,Eletrônicos,2024-01-06,Loja Nova Iguaçu,Nova Iguaçu,1,1519.05
Webcam,Periféricos,2025-01-30,Loja Nova Iguaçu,Nova Iguaçu,4,5981.07
Smartwatch,Eletrônicos,2025-05-25,Loja Niterói,Niterói,2,4088.28
Smartwatch,Eletrônicos,2023-01-06,Loja Sul,Rio de Janeiro,5,2790.84
Mesa Escritório,Móveis,2024-09-08,Loja Norte,Rio de Janeiro,3,12291.88
Smartwatch,Eletrônicos,2024-11-22,Loja Petrópolis,Petrópolis,2,7096.74
Smartwatch,Eletrônicos,2024-08-09,Loja Teresópolis,Teresópolis,3,9324.46
HD Externo,Armazenamento,2024-07-09,Loja Nova Iguaçu,Nova Iguaçu,4,2334.0
Smartwatch,Eletrônicos,2023-10-16,Loja Duque,Duque de Caxias,2,2863.14
Tablet,Eletrônicos,2023-05-04,Loja Centro,Rio de Janeiro,1,4962.85
Impressora,Periféricos,2023-08-29,Loja Barra,Rio de Janeiro,1,630.61
Roteador,Redes,2024-05-15,Loja Petrópolis,Petrópolis,5,24284.95
Smartwatch,Eletrônicos,2024-05-02,Loja Sul,Rio de Janeiro,1,3266.63
Teclado,Acessórios,2025-04-01,Loja Norte,Rio de Janeiro,1,520.59
Smartwatch,Eletrônicos,2023-09-19,Loja Teresópolis,Teresópolis,2,6802.77
Pendrive,Armazenamento,2023-04-08,Loja Petrópolis,Petrópolis,4,1090.11
Pendrive,Armazenamento,2023-05-15,Loja Centro,Rio de Janeiro,3,1416.97
Headset,Acessórios,2023-05-31,Loja São Gonçalo,São Gonçalo,1,1511.95
Mouse,Acessórios,2025-06-25,Loja Teresópolis,Teresópolis,4,3506.87
HD Externo,Armazenamento,2023-12-22,Loja Petrópolis,Petrópolis,4,9370.23
Smartphone,Eletrônicos,2024-12-02,Loja Nova Iguaçu,Nova Iguaçu,4,7396.94
Webcam,Periféricos,2024-12-27,Loja Barra,Rio de Janeiro,3,5951.39
Tablet,Eletrônicos,2024-10-14,Loja Sul,Rio de Janeiro,1,1513.15
Mesa Escritório,Móveis,2024-07-16,Loja Nova Iguaçu,Nova Iguaçu,5,24536.11
Notebook,Eletrônicos,2025-10-28,Loja Teresópolis,Teresópolis,5,21068.45
Cadeira Gamer,Móveis,2025-06-19,Loja Centro,Rio de Janeiro,1,1343.84
Pendrive,Armazenamento,2025-03-03,Loja Teresópolis,Teresópolis,3,6915.49
Roteador,Redes,2024-06-25,Loja Barra,Rio de Janeiro,3,14972.73
Smartwatch,Eletrônicos,2023-10-29,Loja Duque,Duque de Caxias,2,7010.44
Teclado,Acessórios,2023-02-26,Loja Centro,Rio de Janeiro,1,609.05
Impressora,Periféricos,2024-02-14,Loja Centro,Rio de Janeiro,1,1876.13
Headset,Acessórios,2023-03-03,Loja Teresópolis,Teresópolis,4,19335.01
Notebook,Eletrônicos,2024-04-03,Loja Nova Iguaçu,Nova Iguaçu,1,4602.73
Monitor,Eletrônicos,2024-07-10,Loja Niterói,Niterói,4,2386.92
Notebook,Eletrônicos,2025-03-02,Loja Nova Iguaçu,Nova Iguaçu,4,9565.52
Teclado,Acessórios,2024-08-17,Loja Duque,Duque de Caxias,5,4553.32
Cadeira Gamer,Móveis,2024-01-18,Loja São Gonçalo,São Gonçalo,2,7413.24
Mouse,Acessórios,2023-06-03,Loja Barra,Rio de Janeiro,3,7512.58
Smartwatch,Eletrônicos,2025-12-22,Loja Duque,Duque de Caxias,4,15672.83
Smartwatch,Eletrônicos,2023-10-04,Loja Duque,Duque de Caxias,5,944.07
Roteador,Redes,2023-03-16,Loja Duque,Duque de Caxias,1,3028.76
Mouse,Acessórios,2023-01-17,Loja Norte,Rio de Janeiro,3,6378.14
Headset,Acessórios,2025-12-18,Loja Teresópolis,Teresópolis,1,1854.47
Monitor,Eletrônicos,2024-04-16,Loja Norte,Rio de Janeiro,2,5485.12
Smartphone,Eletrônicos,2024-05-15,Loja Duque,Duque de Caxias,3,10894.02
Notebook,Eletrônicos,2023-12-16,Loja Norte,Rio de Janeiro,4,16133.17
Impressora,Periféricos,2024-05-11,Loja Petrópolis,Petrópolis,1,2802.19
Notebook,Eletrônicos,2023-12-16,Loja São Gonçalo,São Gonçalo,2,6228.46
Mouse,Acessórios,2023-12-10,Loja Duque,Duque de Caxias,5,8022.74
Roteador,Redes,2023-10-10,Loja Petrópolis,Petrópolis,3,6580.27
Smartwatch,Eletrônicos,2023-08-26,Loja Duque,Duque de Caxias,2,6274.12
Pendrive,Armazenamento,2024-08-14,Loja Teresópolis,Teresópolis,4,6104.19
Notebook,Eletrônicos,2023-05-30,Loja Barra,Rio de Janeiro,2,3850.39
Monitor,Eletrônicos,2023-08-08,Loja São Gonçalo,São Gonçalo,4,7116.69
Mesa Escritório,Móveis,2023-12-02,Loja Centro,Rio de Janeiro,4,16758.7
Monitor,Eletrônicos,2024-05-12,Loja Petrópolis,Petrópolis,4,11316.03
Notebook,Eletrônicos,2025-09-16,Loja Niterói,Niterói,3,13675.1
Mouse,Acessórios,2025-05-05,Loja Petrópolis,Petrópolis,1,575.81
Impressora,Periféricos,2025-08-29,Loja Norte,Rio de Janeiro,5,7223.26
Mesa Escritório,Móveis,2025-11-28,Loja Nova Iguaçu,Nova Iguaçu,4,1813.35
Mesa Escritório,Móveis,2023-07-26,Loja Barra,Rio de Janeiro,4,12136.68
HD Externo,Armazenamento,2025-03-29,Loja São Gonçalo,São Gonçalo,1,2280.81
Smartphone,Eletrônicos,2025-01-08,Loja Norte,Rio de Janeiro,1,4357.88
Mouse,Acessórios,2024-11-10,Loja Duque,Duque de Caxias,3,3698.61
Monitor,Eletrônicos,2024-01-03,Loja Petrópolis,Petrópolis,2,8904.62
Notebook,Eletrônicos,2023-10-05,Loja Norte,Rio de Janeiro,4,12637.25
Smartphone,Eletrônicos,2024-08-25,Loja Petrópolis,Petrópolis,3,9358.56
Notebook,Eletrônicos,2024-07-24,Loja Nova Iguaçu,Nova Iguaçu,4,13098.88
Mouse,Acessórios,2025-12-16,Loja Duque,Duque de Caxias,1,3460.59
Smartwatch,Eletrônicos,2024-03-09,Loja Norte,Rio de Janeiro,3,3101.4
Tablet,Eletrônicos,2025-01-27,Loja Niterói,Niterói,5,23728.67
Mesa Escritório,Móveis,2025-02-24,Loja Duque,Duque de Caxias,5,2594.78
Smartphone,Eletrônicos,2025-04-19,Loja São Gonçalo,São Gonçalo,5,5639.03
Notebook,Eletrônicos,2024-10-18,Loja Barra,Rio de Janeiro,2,2264.46
Pendrive,Armazenamento,2023-11-03,Loja Nova Iguaçu,Nova Iguaçu,1,3854.6
Mesa Escritório,Móveis,2023-07-30,Loja Centro,Rio de Janeiro,5,13717.2
Headset,Acessórios,2024-03-24,Loja Petrópolis,Petrópolis,5,8586.43
Smartphone,Eletrônicos,2024-04-06,Loja Nova Iguaçu,Nova Iguaçu,4,7631.85
Cadeira Gamer,Móveis,2025-12-10,Loja São Gonçalo,São Gonçalo,1,4961.77
Impressora,Periféricos,2024-04-21,Loja São Gonçalo,São Gonçalo,5,20242.27
Notebook,Eletrônicos,2025-02-24,Loja Niterói,Niterói,3,12519.94
Pendrive,Armazenamento,2025-10-26,Loja Teresópolis,Teresópolis,2,1769.46
Headset,Acessórios,2023-06-01,Loja Norte,Rio de Janeiro,5,15148.17
Impressora,Periféricos,2023-02-26,Loja Teresópolis,Teresópolis,2,3117.97
Webcam,Periféricos,2025-12-12,Loja Nova Iguaçu,Nova Iguaçu,1,879.66
Tablet,Eletrônicos,2023-09-12,Loja Duque,Duque de Caxias,4,8210.18
Headset,Acessórios,2024-12-01,Loja São Gonçalo,São Gonçalo,1,1178.57
HD Externo,Armazenamento,2024-06-26,Loja Sul,Rio de Janeiro,3,14763.29
Pendrive,Armazenamento,2024-09-09,Loja Niterói,Niterói,3,5669.25
Smartphone,Eletrônicos,2024-01-09,Loja Barra,Rio de Janeiro,4,3235.74
Mouse,Acessórios,2024-08-02,Loja Nova Iguaçu,Nova Iguaçu,4,2648.72
Webcam,Periféricos,2023-07-05,Loja Petrópolis,Petrópolis,4,16740.12
Tablet,Eletrônicos,2024-10-04,Loja Niterói,Niterói,2,7124.02
Webcam,Periféricos,2025-07-30,Loja São Gonçalo,São Gonçalo,1,2920.95
Smartwatch,Eletrônicos,2023-08-13,Loja Teresópolis,Teresópolis,3,8089.92
Tablet,Eletrônicos,2023-07-12,Loja Centro,Rio de Janeiro,1,4301.51
Roteador,Redes,2024-06-21,Loja Barra,Rio de Janeiro,4,4423.09
HD Externo,Armazenamento,2023-05-08,Loja Sul,Rio de Janeiro,4,5713.24
Mesa Escritório,Móveis,2024-05-17,Loja Nova Iguaçu,Nova Iguaçu,2,5594.12
Smartphone,Eletrônicos,2025-07-24,Loja Petrópolis,Petrópolis,4,2083.83
HD Externo,Armazenamento,2024-09-03,Loja Teresópolis,Teresópolis,2,9105.12
Notebook,Eletrônicos,2024-04-01,Loja Duque,Duque de Caxias,3,1473.39
Tablet,Eletrônicos,2024-09-21,Loja Barra,Rio de Janeiro,3,222.87
Impressora,Periféricos,2025-10-26,Loja Barra,Rio de Janeiro,3,4434.32
Pendrive,Armazenamento,2024-10-25,Loja São Gonçalo,São Gonçalo,2,8157.86
Monitor,Eletrônicos,2025-06-30,Loja Norte,Rio de Janeiro,4,1096.08
Webcam,Periféricos,2023-06-29,Loja Niterói,Niterói,5,16106.6
Teclado,Acessórios,2025-11-05,Loja Centro,Rio de Janeiro,1,1561.1
Tablet,Eletrônicos,2025-03-02,Loja Centro,Rio de Janeiro,2,7727.86
Headset,Acessórios,2024-07-10,Loja Sul,Rio de Janeiro,3,11851.32
Monitor,Eletrônicos,2025-05-09,Loja Niterói,Niterói,1,3733.08
Monitor,Eletrônicos,2025-09-07,Loja Niterói,Niterói,2,3614.95
Mesa Escritório,Móveis,2024-02-08,Loja São Gonçalo,São Gonçalo,4,18609.82
Monitor,Eletrônicos,2024-09-24,Loja Centro,Rio de Janeiro,2,2899.03
Smartwatch,Eletrônicos,2025-07-05,Loja Barra,Rio de Janeiro,2,282.24
Roteador,Redes,2025-09-22,Loja São Gonçalo,São Gonçalo,2,9725.04
Mouse,Acessórios,2024-12-06,Loja Teresópolis,Teresópolis,3,5731.63
Roteador,Redes,2023-04-05,Loja Duque,Duque de Caxias,4,4239.08
Mesa Escritório,Móveis,2025-09-14,Loja Centro,Rio de Janeiro,4,15484.79
Teclado,Acessórios,2023-03-22,Loja Nova Iguaçu,Nova Iguaçu,2,8020.48
Mesa Escritório,Móveis,2025-12-18,Loja Norte,Rio de Janeiro,1,122.85
Roteador,Redes,2023-07-26,Loja Teresópolis,Teresópolis,5,21709.2
Mesa Escritório,Móveis,2025-01-25,Loja São Gonçalo,São Gonçalo,5,24204.3
Mouse,Acessórios,2025-10-08,Loja Norte,Rio de Janeiro,2,1909.94
Monitor,Eletrônicos,2023-09-23,Loja Niterói,Niterói,3,6099.8
Cadeira Gamer,Móveis,2025-05-29,Loja Sul,Rio de Janeiro,3,2112.02
Webcam,Periféricos,2023-08-20,Loja Duque,Duque de Caxias,1,903.9
Webcam,Periféricos,2024-08-25,Loja São Gonçalo,São Gonçalo,2,1393.18
Teclado,Acessórios,2023-05-06,Loja Sul,Rio de Janeiro,3,7490.42
Notebook,Eletrônicos,2025-07-12,Loja Centro,Rio de Janeiro,1,3863.55
Roteador,Redes,2024-10-30,Loja São Gonçalo,São Gonçalo,2,4652.47
Roteador,Redes,2025-12-24,Loja São Gonçalo,São Gonçalo,2,1789.52
Tablet,Eletrônicos,2025-01-12,Loja Duque,Duque de Caxias,2,5222.41
Mouse,Acessórios,2024-12-21,Loja Nova Iguaçu,Nova Iguaçu,3,6973.11
Notebook,Eletrônicos,2024-06-01,Loja Nova Iguaçu,Nova Iguaçu,4,16049.19
Pendrive,Armazenamento,2025-07-05,Loja Teresópolis,Teresópolis,4,3146.4
Mouse,Acessórios,2025-02-28,Loja Petrópolis,Petrópolis,4,18729.86
Headset,Acessórios,2025-09-30,Loja Niterói,Niterói,1,1805.46
Mesa Escritório,Móveis,2023-07-23,Loja Duque,Duque de Caxias,1,2930.16
Notebook,Eletrônicos,2023-10-28,Loja Duque,Duque de Caxias,4,4531.4
Smartwatch,Eletrônicos,2024-03-07,Loja Nova Iguaçu,Nova Iguaçu,4,11049.11
Tablet,Eletrônicos,2025-09-09,Loja São Gonçalo,São Gonçalo,5,20723.02
Cadeira Gamer,Móveis,2023-03-18,Loja Barra,Rio de Janeiro,2,7278.82
Monitor,Eletrônicos,2025-09-02,Loja Duque,Duque de Caxias,3,8520.52
HD Externo,Armazenamento,2024-03-12,Loja Duque,Duque de Caxias,3,12461.25
Impressora,Periféricos,2024-10-19,Loja Barra,Rio de Janeiro,4,13394.46
Teclado,Acessórios,2025-02-09,Loja Nova Iguaçu,Nova Iguaçu,5,9202.2
HD Externo,Armazenamento,2023-09-02,Loja Nova Iguaçu,Nova Iguaçu,1,2020.96
Roteador,Redes,2025-04-12,Loja Petrópolis,Petrópolis,1,4017.55
Mesa Escritório,Móveis,2024-07-28,Loja Teresópolis,Teresópolis,5,6535.27
Roteador,Redes,2023-02-04,Loja Niterói,Niterói,5,10415.65
Smartwatch,Eletrônicos,2024-11-29,Loja Norte,Rio de Janeiro,5,10038.78
Monitor,Eletrônicos,2023-07-12,Loja Duque,Duque de Caxias,3,10435.01
Mesa Escritório,Móveis,2023-02-14,Loja Niterói,Niterói,4,12203.71
Pendrive,Armazenamento,2025-11-13,Loja Centro,Rio de Janeiro,2,2400.57
Mesa Escritório,Móveis,2025-06-16,Loja Niterói,Niterói,2,7432.02
Monitor,Eletrônicos,2023-03-27,Loja Duque,Duque de Caxias,3,5274.2
Smartwatch,Eletrônicos,2025-09-17,Loja Barra,Rio de Janeiro,4,10229.59
Mesa Escritório,Móveis,2024-07-27,Loja São Gonçalo,São Gonçalo,3,13169.02
Cadeira Gamer,Móveis,2025-04-18,Loja Barra,Rio de Janeiro,5,6770.75
Cadeira Gamer,Móveis,2024-05-02,Loja Sul,Rio de Janeiro,4,10175.98
Teclado,Acessórios,2024-04-08,Loja Centro,Rio de Janeiro,4,8484.01
Webcam,Periféricos,2024-05-02,Loja Petrópolis,Petrópolis,1,3067.3
Notebook,Eletrônicos,2024-03-30,Loja Petrópolis,Petrópolis,3,11372.75
Notebook,Eletrônicos,2023-07-04,Loja Duque,Duque de Caxias,1,3475.31
Smartwatch,Eletrônicos,2024-07-31,Loja São Gonçalo,São Gonçalo,2,8823.17
Roteador,Redes,2025-04-21,Loja Centro,Rio de Janeiro,4,11151.05
Mouse,Acessórios,2024-08-10,Loja Duque,Duque de Caxias,2,5249.41
Monitor,Eletrônicos,2023-05-02,Loja Nova Iguaçu,Nova Iguaçu,2,6284.09
Mesa Escritório,Móveis,2024-05-14,Loja Niterói,Niterói,2,9093.45
Cadeira Gamer,Móveis,2025-12-13,Loja Norte,Rio de Janeiro,3,3592.69
Mesa Escritório,Móveis,2025-07-28,Loja Niterói,Niterói,3,6083.65
Mesa Escritório,Móveis,2025-10-12,Loja Barra,Rio de Janeiro,4,3950.69
Mesa Escritório,Móveis,2023-09-26,Loja Barra,Rio de Janeiro,2,2060.04
Tablet,Eletrônicos,2024-02-28,Loja Teresópolis,Teresópolis,1,953.36
Mouse,Acessórios,2025-05-18,Loja Norte,Rio de Janeiro,2,6151.38
Smartphone,Eletrônicos,2024-03-18,Loja São Gonçalo,São Gonçalo,3,1565.06
Mesa Escritório,Móveis,2025-04-14,Loja Teresópolis,Teresópolis,3,2181.17
Monitor,Eletrônicos,2025-02-07,Loja Petrópolis,Petrópolis,4,1259.07
Cadeira Gamer,Móveis,2025-12-19,Loja Norte,Rio de Janeiro,3,3952.53
Tablet,Eletrônicos,2023-11-20,Loja Barra,Rio de Janeiro,2,3772.39
Mouse,Acessórios,2024-06-24,Loja Nova Iguaçu,Nova Iguaçu,2,3549.29
Pendrive,Armazenamento,2025-05-04,Loja Petrópolis,Petrópolis,3,1678.03
Teclado,Acessórios,2025-06-11,Loja Nova Iguaçu,Nova Iguaçu,5,13111.46
Tablet,Eletrônicos,2023-03-04,Loja Sul,Rio de Janeiro,3,5767.14
Cadeira Gamer,Móveis,2025-10-29,Loja São Gonçalo,São Gonçalo,3,14979.35
Mesa Escritório,Móveis,2023-12-15,Loja Duque,Duque de Caxias,2,2022.83
Pendrive,Armazenamento,2023-11-24,Loja Barra,Rio de Janeiro,2,1430.95
Smartphone,Eletrônicos,2024-08-09,Loja Petrópolis,Petrópolis,4,16402.78
Notebook,Eletrônicos,2025-03-06,Loja Sul,Rio de Janeiro,5,13814.18
Webcam,Periféricos,2023-02-20,Loja Norte,Rio de Janeiro,1,2021.05
Teclado,Acessórios,2025-08-12,Loja São Gonçalo,São Gonçalo,5,7773.45
Teclado,Acessórios,2023-11-26,Loja Petrópolis,Petrópolis,3,10223.04
Impressora,Periféricos,2023-10-18,Loja Teresópolis,Teresópolis,3,1681.43
Pendrive,Armazenamento,2023-12-24,Loja Norte,Rio de Janeiro,5,8748.43
Pendrive,Armazenamento,2024-05-30,Loja Petrópolis,Petrópolis,2,4812.45
HD Externo,Armazenamento,2025-04-20,Loja Sul,Rio de Janeiro,1,1631.7
Tablet,Eletrônicos,2025-10-24,Loja Niterói,Niterói,4,9654.51
Monitor,Eletrônicos,2025-10-01,Loja Duque,Duque de Caxias,3,10066.82
HD Externo,Armazenamento,2023-04-16,Loja Duque,Duque de Caxias,5,18808.66
Smartphone,Eletrônicos,2023-11-27,Loja São Gonçalo,São Gonçalo,2,994.25
Mouse,Acessórios,2024-12-07,Loja Nova Iguaçu,Nova Iguaçu,2,287.48
Mouse,Acessórios,2024-03-22,Loja Nova Iguaçu,Nova Iguaçu,2,1965.11
Tablet,Eletrônicos,2024-09-13,Loja Duque,Duque de Caxias,3,7302.56
Smartphone,Eletrônicos,2025-05-14,Loja Norte,Rio de Janeiro,4,17462.28
Roteador,Redes,2023-11-10,Loja Niterói,Niterói,5,12655.78
Webcam,Periféricos,2023-05-16,Loja São Gonçalo,São Gonçalo,5,19590.51
Webcam,Periféricos,2023-01-01,Loja São Gonçalo,São Gonçalo,5,18400.65
Smartwatch,Eletrônicos,2023-05-28,Loja Niterói,Niterói,5,1274.72
Mesa Escritório,Móveis,2023-06-11,Loja Sul,Rio de Janeiro,2,9346.67
Teclado,Acessórios,2024-02-12,Loja Norte,Rio de Janeiro,1,3113.51
Cadeira Gamer,Móveis,2023-04-24,Loja Barra,Rio de Janeiro,1,3628.11
Tablet,Eletrônicos,2023-02-07,Loja Sul,Rio de Janeiro,4,19876.29
Mouse,Acessórios,2024-05-21,Loja Centro,Rio de Janeiro,3,11180.98
Headset,Acessórios,2024-05-02,Loja Nova Iguaçu,Nova Iguaçu,2,5172.36
Headset,Acessórios,2025-03-14,Loja Sul,Rio de Janeiro,5,19385.32
Tablet,Eletrônicos,2023-04-11,Loja Norte,Rio de Janeiro,3,5691.03
Smartphone,Eletrônicos,2025-07-07,Loja Petrópolis,Petrópolis,1,1019.77
Notebook,Eletrônicos,2024-11-09,Loja Nova Iguaçu,Nova Iguaçu,2,2878.0
Pendrive,Armazenamento,2023-07-22,Loja Petrópolis,Petrópolis,1,850.7
HD Externo,Armazenamento,2024-11-20,Loja Niterói,Niterói,1,2663.44
Roteador,Redes,2023-06-22,Loja Nova Iguaçu,Nova Iguaçu,4,12800.67
Mouse,Acessórios,2025-10-27,Loja São Gonçalo,São Gonçalo,1,3240.74
Impressora,Periféricos,2025-01-21,Loja Norte,Rio de Janeiro,1,2290.2
Smartwatch,Eletrônicos,2025-03-05,Loja Norte,Rio de Janeiro,2,6187.48
Smartphone,Eletrônicos,2024-08-02,Loja Niterói,Niterói,5,23824.78
Smartwatch,Eletrônicos,2023-03-25,Loja Sul,Rio de Janeiro,4,5200.88
Roteador,Redes,2024-03-01,Loja Barra,Rio de Janeiro,1,2597.01
Pendrive,Armazenamento,2023-02-16,Loja Petrópolis,Petrópolis,4,15035.71
Cadeira Gamer,Móveis,2024-07-22,Loja São Gonçalo,São Gonçalo,4,4954.78
Webcam,Periféricos,2023-06-02,Loja Norte,Rio de Janeiro,1,4226.39
Notebook,Eletrônicos,2023-05-23,Loja Duque,Duque de Caxias,1,122.94
Notebook,Eletrônicos,2025-09-25,Loja Nova Iguaçu,Nova Iguaçu,2,8396.68
Mouse,Acessórios,2024-10-29,Loja Duque,Duque de Caxias,2,5007.75
Impressora,Periféricos,2025-11-20,Loja Sul,Rio de Janeiro,2,9165.93
Cadeira Gamer,Móveis,2024-11-18,Loja Centro,Rio de Janeiro,4,12621.97
Mesa Escritório,Móveis,2025-01-04,Loja Barra,Rio de Janeiro,3,9178.65
Impressora,Periféricos,2024-12-06,Loja Duque,Duque de Caxias,3,8592.36
Notebook,Eletrônicos,2024-02-24,Loja Petrópolis,Petrópolis,5,16275.81
Cadeira Gamer,Móveis,2025-03-24,Loja Sul,Rio de Janeiro,4,1922.69
Smartwatch,Eletrônicos,2023-03-15,Loja Sul,Rio de Janeiro,5,18891.71
Webcam,Periféricos,2023-07-14,Loja Centro,Rio de Janeiro,1,2376.75
Teclado,Acessórios,2023-10-17,Loja Nova Iguaçu,Nova Iguaçu,4,18680.98
Impressora,Periféricos,2025-08-08,Loja Niterói,Niterói,2,3248.89
Smartphone,Eletrônicos,2023-02-19,Loja São Gonçalo,São Gonçalo,5,15481.62
Impressora,Periféricos,2024-11-14,Loja Teresópolis,Teresópolis,4,1087.86
Smartwatch,Eletrônicos,2023-07-04,Loja São Gonçalo,São Gonçalo,2,9984.01
Tablet,Eletrônicos,2025-04-16,Loja Centro,Rio de Janeiro,1,1383.83
Cadeira Gamer,Móveis,2024-07-01,Loja Teresópolis,Teresópolis,2,983.35
HD Externo,Armazenamento,2025-01-08,Loja Teresópolis,Teresópolis,5,2920.93
Monitor,Eletrônicos,2023-09-19,Loja Teresópolis,Teresópolis,4,17809.11
Mouse,Acessórios,2024-05-28,Loja Petrópolis,Petrópolis,1,86.69
Impressora,Periféricos,2024-08-26,Loja Sul,Rio de Janeiro,2,4113.35
Cadeira Gamer,Móveis,2023-08-10,Loja Norte,Rio de Janeiro,3,3163.72
Smartwatch,Eletrônicos,2023-06-26,Loja Barra,Rio de Janeiro,4,7322.06
Smartwatch,Eletrônicos,2025-07-12,Loja Centro,Rio de Janeiro,4,18627.54
HD Externo,Armazenamento,2025-12-26,Loja Centro,Rio de Janeiro,5,13952.77
Monitor,Eletrônicos,2024-06-21,Loja Duque,Duque de Caxias,2,5668.62
Monitor,Eletrônicos,2025-04-04,Loja Petrópolis,Petrópolis,2,5001.98
Webcam,Periféricos,2025-03-23,Loja Duque,Duque de Caxias,3,11763.71
Webcam,Periféricos,2023-02-02,Loja Centro,Rio de Janeiro,1,4691.98
Mesa Escritório,Móveis,2025-12-29,Loja Norte,Rio de Janeiro,5,20582.84
Mesa Escritório,Móveis,2025-07-14,Loja São Gonçalo,São Gonçalo,3,11745.83
Mouse,Acessórios,2024-05-31,Loja Nova Iguaçu,Nova Iguaçu,2,257.1
Webcam,Periféricos,2024-07-20,Loja Norte,Rio de Janeiro,3,3653.01
Impressora,Periféricos,2024-07-28,Loja Sul,Rio de Janeiro,2,2908.51
Smartwatch,Eletrônicos,2024-03-19,Loja Nova Iguaçu,Nova Iguaçu,5,16118.75
Mesa Escritório,Móveis,2025-05-17,Loja Teresópolis,Teresópolis,2,3779.79
Roteador,Redes,2023-04-10,Loja Centro,Rio de Janeiro,4,230.17
Tablet,Eletrônicos,2025-01-20,Loja Norte,Rio de Janeiro,2,1512.41
Roteador,Redes,2024-06-06,Loja Niterói,Niterói,4,328.82
Notebook,Eletrônicos,2025-03-27,Loja Norte,Rio de Janeiro,1,4474.84
Headset,Acessórios,2025-02-11,Loja Petrópolis,Petrópolis,5,2688.3
Pendrive,Armazenamento,2025-05-26,Loja São Gonçalo,São Gonçalo,2,2817.06
Roteador,Redes,2024-10-10,Loja Barra,Rio de Janeiro,3,5532.26
Webcam,Periféricos,2023-07-03,Loja Nova Iguaçu,Nova Iguaçu,2,3066.68
Tablet,Eletrônicos,2023-05-11,Loja Teresópolis,Teresópolis,1,2985.86
HD Externo,Armazenamento,2024-01-15,Loja Sul,Rio de Janeiro,4,13487.28
Pendrive,Armazenamento,2024-07-30,Loja Teresópolis,Teresópolis,2,3918.58
Roteador,Redes,2023-02-09,Loja Centro,Rio de Janeiro,2,1401.23
Webcam,Periféricos,2025-01-06,Loja Nova Iguaçu,Nova Iguaçu,5,4775.1
Smartphone,Eletrônicos,2025-09-21,Loja Centro,Rio de Janeiro,5,8381.58
Mesa Escritório,Móveis,2024-11-27,Loja Petrópolis,Petrópolis,5,8563.5
Mesa Escritório,Móveis,2023-09-06,Loja Teresópolis,Teresópolis,4,6997.31
Roteador,Redes,2024-09-19,Loja São Gonçalo,São Gonçalo,5,5062.95
Pendrive,Armazenamento,2024-05-24,Loja Sul,Rio de Janeiro,4,16952.86
Headset,Acessórios,2024-11-02,Loja Barra,Rio de Janeiro,1,4689.26
Headset,Acessórios,2025-03-19,Loja Barra,Rio de Janeiro,1,3453.62
Webcam,Periféricos,2024-05-28,Loja Teresópolis,Teresópolis,2,9171.88
Tablet,Eletrônicos,2023-04-08,Loja São Gonçalo,São Gonçalo,2,8798.55
Impressora,Periféricos,2023-07-30,Loja Centro,Rio de Janeiro,3,531.36
Smartwatch,Eletrônicos,2024-03-27,Loja Sul,Rio de Janeiro,3,2275.08
Headset,Acessórios,2023-07-17,Loja Norte,Rio de Janeiro,2,2122.12
Webcam,Periféricos,2025-06-13,Loja Teresópolis,Teresópolis,4,6810.48
Tablet,Eletrônicos,2025-06-02,Loja Norte,Rio de Janeiro,4,10354.23
HD Externo,Armazenamento,2023-04-18,Loja Duque,Duque de Caxias,4,1291.3
Impressora,Periféricos,2023-02-09,Loja São Gonçalo,São Gonçalo,3,3155.09
Webcam,Periféricos,2023-07-06,Loja Teresópolis,Teresópolis,1,2944.7
Smartwatch,Eletrônicos,2023-08-10,Loja São Gonçalo,São Gonçalo,1,572.4
Mouse,Acessórios,2024-05-22,Loja Barra,Rio de Janeiro,1,2737.87
Pendrive,Armazenamento,2025-02-19,Loja Teresópolis,Teresópolis,3,14024.64
Tablet,Eletrônicos,2025-08-21,Loja Niterói,Niterói,2,4813.99
Monitor,Eletrônicos,2023-07-09,Loja Duque,Duque de Caxias,2,5828.8
Notebook,Eletrônicos,2023-02-11,Loja Centro,Rio de Janeiro,3,5037.04
Cadeira Gamer,Móveis,2023-10-11,Loja Centro,Rio de Janeiro,4,11837.46
Cadeira Gamer,Móveis,2024-09-20,Loja Teresópolis,Teresópolis,4,6068.6
Monitor,Eletrônicos,2025-07-15,Loja São Gonçalo,São Gonçalo,2,9593.41
Smartphone,Eletrônicos,2025-12-19,Loja Petrópolis,Petrópolis,3,5233.84
Tablet,Eletrônicos,2025-07-05,Loja Teresópolis,Teresópolis,5,24080.53
Tablet,Eletrônicos,2023-03-29,Loja Nova Iguaçu,Nova Iguaçu,5,13975.55
Webcam,Periféricos,2023-10-04,Loja Duque,Duque de Caxias,2,1133.51
Pendrive,Armazenamento,2023-08-06,Loja Teresópolis,Teresópolis,4,16516.28
Roteador,Redes,2025-02-06,Loja Norte,Rio de Janeiro,4,18465.44
Tablet,Eletrônicos,2024-06-07,Loja Duque,Duque de Caxias,1,549.71
Monitor,Eletrônicos,2023-08-30,Loja Nova Iguaçu,Nova Iguaçu,1,1376.22
Pendrive,Armazenamento,2023-05-07,Loja Nova Iguaçu,Nova Iguaçu,3,491.84
Monitor,Eletrônicos,2023-11-08,Loja Duque,Duque de Caxias,2,3535.3
Webcam,Periféricos,2025-07-30,Loja Nova Iguaçu,Nova Iguaçu,2,9718.25
Teclado,Acessórios,2024-06-17,Loja Petrópolis,Petrópolis,3,884.83
Monitor,Eletrônicos,2025-12-26,Loja Barra,Rio de Janeiro,5,21530.31
Webcam,Periféricos,2023-01-06,Loja Teresópolis,Teresópolis,1,1635.58
Roteador,Redes,2024-06-21,Loja São Gonçalo,São Gonçalo,4,19983.7
Headset,Acessórios,2025-10-12,Loja Norte,Rio de Janeiro,5,21654.55
Mesa Escritório,Móveis,2025-08-09,Loja Centro,Rio de Janeiro,4,13708.96
HD Externo,Armazenamento,2024-01-09,Loja Petrópolis,Petrópolis,2,6923.68
Headset,Acessórios,2024-10-11,Loja Teresópolis,Teresópolis,2,1205.25
Webcam,Periféricos,2025-02-19,Loja Barra,Rio de Janeiro,2,7978.87
Headset,Acessórios,2024-12-02,Loja São Gonçalo,São Gonçalo,1,278.05
Mesa Escritório,Móveis,2024-08-01,Loja Nova Iguaçu,Nova Iguaçu,1,751.55
Headset,Acessórios,2023-05-23,Loja São Gonçalo,São Gonçalo,1,4470.78
Smartwatch,Eletrônicos,2023-10-03,Loja Sul,Rio de Janeiro,2,4685.47
Roteador,Redes,2025-03-03,Loja Nova Iguaçu,Nova Iguaçu,2,4158.2
Impressora,Periféricos,2023-10-09,Loja Centro,Rio de Janeiro,2,9814.26
Roteador,Redes,2024-05-27,Loja Norte,Rio de Janeiro,3,1257.82
Pendrive,Armazenamento,2024-05-25,Loja Teresópolis,Teresópolis,2,4453.11
Mesa Escritório,Móveis,2025-12-30,Loja Centro,Rio de Janeiro,5,677.82
Roteador,Redes,2025-02-04,Loja Petrópolis,Petrópolis,1,94.38
Monitor,Eletrônicos,2025-09-27,Loja São Gonçalo,São Gonçalo,2,2947.91
Webcam,Periféricos,2024-01-23,Loja Barra,Rio de Janeiro,1,377.54
Pendrive,Armazenamento,2025-07-03,Loja Niterói,Niterói,5,19329.73
HD Externo,Armazenamento,2025-06-21,Loja Barra,Rio de Janeiro,5,11940.32
Headset,Acessórios,2024-03-26,Loja Nova Iguaçu,Nova Iguaçu,5,17972.26
Cadeira Gamer,Móveis,2025-02-20,Loja Duque,Duque de Caxias,4,2027.43
Teclado,Acessórios,2023-08-29,Loja Nova Iguaçu,Nova Iguaçu,2,6342.81
Cadeira Gamer,Móveis,2023-01-25,Loja Nova Iguaçu,Nova Iguaçu,1,1149.06
Smartphone,Eletrônicos,2024-11-11,Loja Norte,Rio de Janeiro,2,1143.41
Notebook,Eletrônicos,2024-11-21,Loja Teresópolis,Teresópolis,5,17784.44
HD Externo,Armazenamento,2023-05-16,Loja Niterói,Niterói,2,6517.48
Headset,Acessórios,2025-07-18,Loja Duque,Duque de Caxias,3,3769.74
Mouse,Acessórios,2024-10-31,Loja Petrópolis,Petrópolis,5,5019.87
Mesa Escritório,Móveis,2024-07-22,Loja Petrópolis,Petrópolis,1,2645.56
Notebook,Eletrônicos,2024-12-11,Loja Petrópolis,Petrópolis,2,5531.75
Cadeira Gamer,Móveis,2023-01-27,Loja Nova Iguaçu,Nova Iguaçu,4,1938.05
Webcam,Periféricos,2023-06-01,Loja Petrópolis,Petrópolis,1,1434.64
Monitor,Eletrônicos,2025-04-10,Loja Nova Iguaçu,Nova Iguaçu,4,10238.23
Roteador,Redes,2024-07-07,Loja Norte,Rio de Janeiro,1,4280.11
Impressora,Periféricos,2023-10-14,Loja Petrópolis,Petrópolis,2,8095.05
Cadeira Gamer,Móveis,2023-07-31,Loja Sul,Rio de Janeiro,3,1887.27
Smartwatch,Eletrônicos,2024-08-27,Loja Niterói,Niterói,3,3278.56
Webcam,Periféricos,2025-02-03,Loja Nova Iguaçu,Nova Iguaçu,4,3435.25
Headset,Acessórios,2025-07-08,Loja Teresópolis,Teresópolis,2,5648.32
Webcam,Periféricos,2024-01-23,Loja Sul,Rio de Janeiro,1,3107.27
Cadeira Gamer,Móveis,2023-11-29,Loja Teresópolis,Teresópolis,1,2625.5
Monitor,Eletrônicos,2025-01-13,Loja Centro,Rio de Janeiro,5,13656.07
Webcam,Periféricos,2025-04-07,Loja Centro,Rio de Janeiro,1,2165.15
Impressora,Periféricos,2024-09-22,Loja Barra,Rio de Janeiro,2,8924.08
Mesa Escritório,Móveis,2024-12-13,Loja Niterói,Niterói,2,4428.65
Smartwatch,Eletrônicos,2024-01-02,Loja Norte,Rio de Janeiro,1,1326.05
Impressora,Periféricos,2023-12-15,Loja Petrópolis,Petrópolis,4,13019.32
Roteador,Redes,2025-12-28,Loja Sul,Rio de Janeiro,1,2636.99
Headset,Acessórios,2024-08-25,Loja São Gonçalo,São Gonçalo,5,7074.13
Headset,Acessórios,2025-07-25,Loja Nova Iguaçu,Nova Iguaçu,5,22492.55
Mesa Escritório,Móveis,2025-05-02,Loja Barra,Rio de Janeiro,5,3384.45
Smartwatch,Eletrônicos,2023-03-15,Loja Duque,Duque de Caxias,5,20117.17
Cadeira Gamer,Móveis,2025-01-13,Loja Norte,Rio de Janeiro,2,5121.77
Mouse,Acessórios,2024-05-04,Loja Nova Iguaçu,Nova Iguaçu,5,3122.24
Teclado,Acessórios,2024-10-12,Loja Barra,Rio de Janeiro,2,5524.19
Mesa Escritório,Móveis,2025-02-25,Loja Petrópolis,Petrópolis,4,12824.32
Notebook,Eletrônicos,2023-10-14,Loja Teresópolis,Teresópolis,1,3178.3
Smartwatch,Eletrônicos,2023-05-10,Loja Teresópolis,Teresópolis,2,219.49
Smartwatch,Eletrônicos,2025-08-08,Loja São Gonçalo,São Gonçalo,4,12139.76
Impressora,Periféricos,2023-06-06,Loja Barra,Rio de Janeiro,4,8714.56
Monitor,Eletrônicos,2023-05-18,Loja Duque,Duque de Caxias,4,11306.26
Headset,Acessórios,2025-10-11,Loja Nova Iguaçu,Nova Iguaçu,4,7542.57
Mouse,Acessórios,2025-05-11,Loja Sul,Rio de Janeiro,2,5908.5
Smartwatch,Eletrônicos,2024-12-05,Loja Petrópolis,Petrópolis,3,12665.18
Pendrive,Armazenamento,2025-06-09,Loja Nova Iguaçu,Nova Iguaçu,5,8782.74
Mesa Escritório,Móveis,2024-05-15,Loja Petrópolis,Petrópolis,1,230.92
Pendrive,Armazenamento,2023-04-18,Loja Barra,Rio de Janeiro,5,8548.98
Headset,Acessórios,2024-07-15,Loja Teresópolis,Teresópolis,1,2410.44
Cadeira Gamer,Móveis,2024-07-04,Loja Niterói,Niterói,3,2554.06
Cadeira Gamer,Móveis,2025-09-15,Loja Petrópolis,Petrópolis,4,11078.45
Impressora,Periféricos,2024-12-11,Loja Nova Iguaçu,Nova Iguaçu,3,12046.23
Mesa Escritório,Móveis,2024-12-08,Loja Barra,Rio de Janeiro,4,11860.16
Impressora,Periféricos,2025-06-26,Loja Sul,Rio de Janeiro,2,6967.99
Pendrive,Armazenamento,2024-01-14,Loja Niterói,Niterói,1,4549.77
Tablet,Eletrônicos,2024-03-09,Loja Barra,Rio de Janeiro,4,13656.77
Cadeira Gamer,Móveis,2024-12-07,Loja Sul,Rio de Janeiro,3,4375.51
Monitor,Eletrônicos,2023-08-24,Loja Niterói,Niterói,4,7050.83
Impressora,Periféricos,2024-12-08,Loja Norte,Rio de Janeiro,4,9324.32
Smartwatch,Eletrônicos,2024-03-02,Loja Duque,Duque de Caxias,5,16947.2
Teclado,Acessórios,2023-02-26,Loja Petrópolis,Petrópolis,3,5360.22
Mesa Escritório,Móveis,2024-08-16,Loja Duque,Duque de Caxias,2,2648.13
Roteador,Redes,2025-03-12,Loja Duque,Duque de Caxias,4,6680.75
Mesa Escritório,Móveis,2025-12-07,Loja Norte,Rio de Janeiro,4,6368.54
Smartphone,Eletrônicos,2025-02-17,Loja Niterói,Niterói,4,7181.89
Teclado,Acessórios,2024-05-08,Loja Nova Iguaçu,Nova Iguaçu,5,14222.97
HD Externo,Armazenamento,2024-08-06,Loja Petrópolis,Petrópolis,1,3288.72
Headset,Acessórios,2023-02-08,Loja Niterói,Niterói,1,1125.09
Roteador,Redes,2024-05-24,Loja São Gonçalo,São Gonçalo,5,1651.57
Roteador,Redes,2023-11-13,Loja Sul,Rio de Janeiro,3,2615.1
Roteador,Redes,2025-06-16,Loja Teresópolis,Teresópolis,5,3739.62
Smartwatch,Eletrônicos,2024-07-23,Loja Barra,Rio de Janeiro,3,11707.36
Impressora,Periféricos,2025-05-25,Loja Petrópolis,Petrópolis,5,20180.96
Monitor,Eletrônicos,2023-10-10,Loja Niterói,Niterói,1,1168.64
Teclado,Acessórios,2024-05-11,Loja Nova Iguaçu,Nova Iguaçu,5,14172.01
Smartwatch,Eletrônicos,2024-01-20,Loja Barra,Rio de Janeiro,5,12734.41
Tablet,Eletrônicos,2025-03-14,Loja São Gonçalo,São Gonçalo,1,484.89
Impressora,Periféricos,2023-01-08,Loja Teresópolis,Teresópolis,3,10984.54
Smartphone,Eletrônicos,2024-04-11,Loja Centro,Rio de Janeiro,2,5365.21
Impressora,Periféricos,2025-09-16,Loja Petrópolis,Petrópolis,1,4974.76
HD Externo,Armazenamento,2025-10-31,Loja São Gonçalo,São Gonçalo,5,16919.72
Impressora,Periféricos,2023-04-20,Loja Centro,Rio de Janeiro,4,8586.55
Tablet,Eletrônicos,2025-05-19,Loja Centro,Rio de Janeiro,5,2017.84
Notebook,Eletrônicos,2024-10-29,Loja Centro,Rio de Janeiro,5,16666.68
Cadeira Gamer,Móveis,2025-06-21,Loja Petrópolis,Petrópolis,1,4325.4
Tablet,Eletrônicos,2025-01-23,Loja Norte,Rio de Janeiro,3,2510.75
Webcam,Periféricos,2024-12-12,Loja Duque,Duque de Caxias,1,576.47
Mesa Escritório,Móveis,2025-03-29,Loja Niterói,Niterói,5,24624.16
Smartphone,Eletrônicos,2023-04-18,Loja São Gonçalo,São Gonçalo,4,6707.37
Monitor,Eletrônicos,2025-12-17,Loja Duque,Duque de Caxias,3,6246.78
Smartwatch,Eletrônicos,2025-02-23,Loja Nova Iguaçu,Nova Iguaçu,1,164.72
Teclado,Acessórios,2024-12-22,Loja Niterói,Niterói,4,5397.36
Pendrive,Armazenamento,2025-08-09,Loja São Gonçalo,São Gonçalo,5,22253.77
Notebook,Eletrônicos,2024-07-15,Loja Barra,Rio de Janeiro,3,12525.62
Teclado,Acessórios,2023-04-03,Loja Nova Iguaçu,Nova Iguaçu,2,712.12
Teclado,Acessórios,2023-12-07,Loja Petrópolis,Petrópolis,2,3396.81
Pendrive,Armazenamento,2025-01-12,Loja Petrópolis,Petrópolis,3,8292.46
Cadeira Gamer,Móveis,2025-04-18,Loja Norte,Rio de Janeiro,3,5815.82
Mesa Escritório,Móveis,2023-09-15,Loja Nova Iguaçu,Nova Iguaçu,2,6984.12
Tablet,Eletrônicos,2025-12-11,Loja Teresópolis,Teresópolis,3,8108.36
Webcam,Periféricos,2023-02-28,Loja Sul,Rio de Janeiro,3,10179.07
Smartwatch,Eletrônicos,2024-05-07,Loja Norte,Rio de Janeiro,3,738.91
Roteador,Redes,2023-05-03,Loja Niterói,Niterói,3,10505.18
Impressora,Periféricos,2024-05-08,Loja Sul,Rio de Janeiro,4,15926.31
Cadeira Gamer,Móveis,2023-11-26,Loja Centro,Rio de Janeiro,5,17009.17
Impressora,Periféricos,2023-05-07,Loja Teresópolis,Teresópolis,1,3952.76
Pendrive,Armazenamento,2024-05-01,Loja Sul,Rio de Janeiro,2,5228.68
HD Externo,Armazenamento,2024-09-09,Loja Norte,Rio de Janeiro,3,8543.86
Monitor,Eletrônicos,2025-06-04,Loja Duque,Duque de Caxias,1,1963.23
Pendrive,Armazenamento,2025-01-29,Loja Niterói,Niterói,1,4774.47
Monitor,Eletrônicos,2024-04-25,Loja São Gonçalo,São Gonçalo,2,8064.91
Notebook,Eletrônicos,2023-04-27,Loja Teresópolis,Teresópolis,1,1171.88
Impressora,Periféricos,2024-03-03,Loja Nova Iguaçu,Nova Iguaçu,3,5139.61
Headset,Acessórios,2024-09-27,Loja Centro,Rio de Janeiro,3,14806.63
Headset,Acessórios,2023-09-18,Loja Barra,Rio de Janeiro,1,2066.12
Smartphone,Eletrônicos,2023-01-19,Loja Niterói,Niterói,3,12306.94
Smartphone,Eletrônicos,2025-11-26,Loja Nova Iguaçu,Nova Iguaçu,5,4554.13
Headset,Acessórios,2023-03-05,Loja Duque,Duque de Caxias,4,12044.72
Monitor,Eletrônicos,2023-08-09,Loja Niterói,Niterói,1,650.95
Roteador,Redes,2023-04-08,Loja Teresópolis,Teresópolis,4,4568.78
Headset,Acessórios,2024-03-08,Loja São Gonçalo,São Gonçalo,1,1552.74
Mouse,Acessórios,2023-02-01,Loja Barra,Rio de Janeiro,4,247.1
Roteador,Redes,2023-10-28,Loja Centro,Rio de Janeiro,4,10167.35
Teclado,Acessórios,2024-02-13,Loja Duque,Duque de Caxias,2,3277.69
Webcam,Periféricos,2024-08-13,Loja São Gonçalo,São Gonçalo,2,1606.61
Teclado,Acessórios,2024-09-25,Loja Norte,Rio de Janeiro,4,2601.98
Webcam,Periféricos,2023-08-20,Loja Centro,Rio de Janeiro,3,1531.78
HD Externo,Armazenamento,2023-08-26,Loja Teresópolis,Teresópolis,1,4311.43
Headset,Acessórios,2024-12-27,Loja Duque,Duque de Caxias,5,4606.62
HD Externo,Armazenamento,2024-12-07,Loja Barra,Rio de Janeiro,4,14900.08
Monitor,Eletrônicos,2025-01-07,Loja São Gonçalo,São Gonçalo,4,16187.58
Mouse,Acessórios,2023-11-21,Loja Teresópolis,Teresópolis,3,6074.86
Mouse,Acessórios,2024-03-26,Loja Norte,Rio de Janeiro,3,5786.81
HD Externo,Armazenamento,2025-11-14,Loja Norte,Rio de Janeiro,3,5840.11
Impressora,Periféricos,2025-08-09,Loja Centro,Rio de Janeiro,1,2453.43
Pendrive,Armazenamento,2023-12-09,Loja Sul,Rio de Janeiro,5,11262.56
Roteador,Redes,2025-07-28,Loja Niterói,Niterói,1,578.87
Headset,Acessórios,2023-04-02,Loja Duque,Duque de Caxias,3,11912.76
Webcam,Periféricos,2025-01-19,Loja Norte,Rio de Janeiro,5,23175.49
Mouse,Acessórios,2024-07-22,Loja Petrópolis,Petrópolis,1,4370.6
Roteador,Redes,2025-07-26,Loja Niterói,Niterói,4,15816.24
Smartwatch,Eletrônicos,2025-03-23,Loja Teresópolis,Teresópolis,4,18947.38
Impressora,Periféricos,2023-02-17,Loja Centro,Rio de Janeiro,2,6501.84
Teclado,Acessórios,2025-12-06,Loja Niterói,Niterói,2,6792.43
Tablet,Eletrônicos,2023-07-15,Loja Sul,Rio de Janeiro,2,9447.62
Smartwatch,Eletrônicos,2024-01-21,Loja Norte,Rio de Janeiro,1,4432.05
Smartphone,Eletrônicos,2025-10-03,Loja Sul,Rio de Janeiro,1,1686.11
Monitor,Eletrônicos,2024-04-04,Loja São Gonçalo,São Gonçalo,2,9736.87
Impressora,Periféricos,2024-09-30,Loja Barra,Rio de Janeiro,2,9400.48
Impressora,Periféricos,2024-03-18,Loja Teresópolis,Teresópolis,3,11878.02
Smartphone,Eletrônicos,2024-05-19,Loja Nova Iguaçu,Nova Iguaçu,4,14193.2
Notebook,Eletrônicos,2023-10-09,Loja Teresópolis,Teresópolis,3,3621.74
Roteador,Redes,2023-10-13,Loja Centro,Rio de Janeiro,4,14106.37
Mesa Escritório,Móveis,2024-11-26,Loja Teresópolis,Teresópolis,4,6073.5
Roteador,Redes,2025-09-28,Loja Niterói,Niterói,1,1535.1
Impressora,Periféricos,2024-01-26,Loja Norte,Rio de Janeiro,5,9937.13
Cadeira Gamer,Móveis,2024-06-05,Loja São Gonçalo,São Gonçalo,2,9479.56
Smartwatch,Eletrônicos,2024-03-02,Loja Barra,Rio de Janeiro,5,13960.73
Tablet,Eletrônicos,2024-04-26,Loja Petrópolis,Petrópolis,3,13450.95
HD Externo,Armazenamento,2025-03-09,Loja Duque,Duque de Caxias,2,3980.47
Mesa Escritório,Móveis,2023-03-29,Loja Nova Iguaçu,Nova Iguaçu,2,6389.31
Roteador,Redes,2023-06-11,Loja Barra,Rio de Janeiro,3,10022.27
HD Externo,Armazenamento,2025-06-18,Loja Barra,Rio de Janeiro,4,6654.52
Smartwatch,Eletrônicos,2025-03-14,Loja Nova Iguaçu,Nova Iguaçu,3,647.98
Smartphone,Eletrônicos,2023-01-31,Loja Barra,Rio de Janeiro,1,3879.11
Mesa Escritório,Móveis,2025-10-13,Loja Sul,Rio de Janeiro,2,2601.13
Smartphone,Eletrônicos,2023-07-15,Loja Barra,Rio de Janeiro,2,6284.81
Pendrive,Armazenamento,2023-12-03,Loja São Gonçalo,São Gonçalo,2,1748.36
Cadeira Gamer,Móveis,2024-05-13,Loja Niterói,Niterói,3,1279.05
Webcam,Periféricos,2024-04-11,Loja Nova Iguaçu,Nova Iguaçu,1,2959.45
Impressora,Periféricos,2023-06-28,Loja Petrópolis,Petrópolis,5,23236.86
Roteador,Redes,2024-11-07,Loja Sul,Rio de Janeiro,3,2481.49
Teclado,Acessórios,2023-04-09,Loja Norte,Rio de Janeiro,5,2537.97
Mesa Escritório,Móveis,2024-09-15,Loja São Gonçalo,São Gonçalo,3,6485.53
Pendrive,Armazenamento,2024-03-17,Loja Teresópolis,Teresópolis,5,3377.61
Tablet,Eletrônicos,2025-04-06,Loja Duque,Duque de Caxias,4,2197.41
Roteador,Redes,2025-12-25,Loja Petrópolis,Petrópolis,3,4983.23
Notebook,Eletrônicos,2025-10-15,Loja Barra,Rio de Janeiro,5,5962.58
Notebook,Eletrônicos,2025-08-15,Loja Sul,Rio de Janeiro,3,349.66
Teclado,Acessórios,2024-11-30,Loja Barra,Rio de Janeiro,2,5635.7
Tablet,Eletrônicos,2025-01-02,Loja Barra,Rio de Janeiro,3,13471.01
Mouse,Acessórios,2025-03-16,Loja Sul,Rio de Janeiro,4,3585.9
Mesa Escritório,Móveis,2025-11-14,Loja Norte,Rio de Janeiro,5,23186.58
Teclado,Acessórios,2023-05-29,Loja Teresópolis,Teresópolis,1,4578.39
Smartwatch,Eletrônicos,2023-04-29,Loja Norte,Rio de Janeiro,2,1816.24
Notebook,Eletrônicos,2025-08-23,Loja Centro,Rio de Janeiro,2,9985.11
Pendrive,Armazenamento,2024-07-16,Loja Centro,Rio de Janeiro,4,3653.88
Mouse,Acessórios,2025-01-24,Loja Teresópolis,Teresópolis,5,6435.26
Mouse,Acessórios,2024-11-29,Loja Duque,Duque de Caxias,1,4312.43
Mesa Escritório,Móveis,2024-01-28,Loja Petrópolis,Petrópolis,1,308.3
Tablet,Eletrônicos,2025-02-12,Loja Niterói,Niterói,2,1216.08
HD Externo,Armazenamento,2023-02-22,Loja Sul,Rio de Janeiro,4,16278.87
Smartphone,Eletrônicos,2023-03-27,Loja Centro,Rio de Janeiro,5,9012.24
Impressora,Periféricos,2024-06-05,Loja Centro,Rio de Janeiro,3,9769.15
HD Externo,Armazenamento,2023-04-04,Loja Petrópolis,Petrópolis,3,11362.04
Mesa Escritório,Móveis,2024-06-07,Loja Teresópolis,Teresópolis,1,4173.97
Roteador,Redes,2024-06-05,Loja Centro,Rio de Janeiro,5,23498.13
Impressora,Periféricos,2024-11-27,Loja Niterói,Niterói,3,10214.62
Monitor,Eletrônicos,2023-08-31,Loja Teresópolis,Teresópolis,4,14166.02
Tablet,Eletrônicos,2023-05-07,Loja Centro,Rio de Janeiro,4,557.46
Webcam,Periféricos,2024-12-01,Loja Nova Iguaçu,Nova Iguaçu,5,13221.68
Mesa Escritório,Móveis,2023-09-22,Loja Norte,Rio de Janeiro,4,1900.07
Mouse,Acessórios,2023-09-04,Loja Teresópolis,Teresópolis,3,2348.51
Mesa Escritório,Móveis,2025-05-01,Loja Duque,Duque de Caxias,5,2119.0
Mesa Escritório,Móveis,2023-09-06,Loja Niterói,Niterói,1,988.61
Cadeira Gamer,Móveis,2024-06-02,Loja Norte,Rio de Janeiro,1,2017.76
Teclado,Acessórios,2024-08-26,Loja Niterói,Niterói,4,5258.35
Teclado,Acessórios,2024-08-22,Loja Duque,Duque de Caxias,3,13343.44
Monitor,Eletrônicos,2023-07-18,Loja Centro,Rio de Janeiro,5,4463.62
Impressora,Periféricos,2025-05-20,Loja Norte,Rio de Janeiro,5,12202.86
Notebook,Eletrônicos,2025-11-16,Loja Petrópolis,Petrópolis,2,7059.78
Teclado,Acessórios,2024-05-24,Loja Petrópolis,Petrópolis,2,2889.35
Pendrive,Armazenamento,2023-05-19,Loja Nova Iguaçu,Nova Iguaçu,5,22258.45
Pendrive,Armazenamento,2025-02-09,Loja Barra,Rio de Janeiro,4,6869.35
Impressora,Periféricos,2023-07-04,Loja Duque,Duque de Caxias,3,9741.62
Impressora,Periféricos,2024-06-26,Loja Petrópolis,Petrópolis,2,8527.25
Webcam,Periféricos,2025-09-01,Loja Petrópolis,Petrópolis,1,1330.34
Headset,Acessórios,2023-03-24,Loja Petrópolis,Petrópolis,2,222.47
Smartphone,Eletrônicos,2024-05-27,Loja Petrópolis,Petrópolis,3,714.69
Cadeira Gamer,Móveis,2025-03-08,Loja Duque,Duque de Caxias,5,24899.3
Roteador,Redes,2024-09-27,Loja Teresópolis,Teresópolis,5,2084.84
Pendrive,Armazenamento,2024-11-16,Loja Niterói,Niterói,5,17908.73
Mouse,Acessórios,2024-10-29,Loja Petrópolis,Petrópolis,2,9629.98
Impressora,Periféricos,2025-02-10,Loja Duque,Duque de Caxias,4,7908.64
Smartwatch,Eletrônicos,2024-05-01,Loja Nova Iguaçu,Nova Iguaçu,4,1774.4
HD Externo,Armazenamento,2023-05-10,Loja Sul,Rio de Janeiro,2,7188.45
Impressora,Periféricos,2023-07-27,Loja São Gonçalo,São Gonçalo,3,2492.45
Monitor,Eletrônicos,2025-02-06,Loja São Gonçalo,São Gonçalo,3,10116.11
Smartphone,Eletrônicos,2024-09-05,Loja Duque,Duque de Caxias,1,2131.28
Notebook,Eletrônicos,2023-05-12,Loja Sul,Rio de Janeiro,4,8014.39
Cadeira Gamer,Móveis,2025-01-31,Loja Nova Iguaçu,Nova Iguaçu,2,7015.04
Monitor,Eletrônicos,2023-06-18,Loja Barra,Rio de Janeiro,5,12145.95
Webcam,Periféricos,2024-10-19,Loja Niterói,Niterói,4,10220.53
HD Externo,Armazenamento,2023-01-24,Loja Norte,Rio de Janeiro,2,6571.62
HD Externo,Armazenamento,2023-11-12,Loja Sul,Rio de Janeiro,5,995.04
Pendrive,Armazenamento,2023-12-22,Loja Niterói,Niterói,4,7923.1
Mesa Escritório,Móveis,2023-02-04,Loja Duque,Duque de Caxias,4,8281.65
Pendrive,Armazenamento,2025-12-12,Loja Barra,Rio de Janeiro,1,927.41
Webcam,Periféricos,2025-10-12,Loja Nova Iguaçu,Nova Iguaçu,1,183.63
Teclado,Acessórios,2024-07-02,Loja Duque,Duque de Caxias,3,9069.77
Webcam,Periféricos,2024-01-11,Loja Barra,Rio de Janeiro,2,1821.54
Teclado,Acessórios,2024-04-29,Loja Norte,Rio de Janeiro,2,7407.75
Webcam,Periféricos,2023-02-16,Loja Duque,Duque de Caxias,5,7241.81
Impressora,Periféricos,2024-12-24,Loja Niterói,Niterói,2,5289.2
Webcam,Periféricos,2024-08-26,Loja Centro,Rio de Janeiro,2,517.23
Teclado,Acessórios,2024-11-26,Loja Niterói,Niterói,2,1578.56
Smartphone,Eletrônicos,2025-01-26,Loja Nova Iguaçu,Nova Iguaçu,2,2187.84
Monitor,Eletrônicos,2025-01-04,Loja Norte,Rio de Janeiro,4,3275.19
HD Externo,Armazenamento,2025-08-05,Loja Teresópolis,Teresópolis,5,12048.01
Impressora,Periféricos,2023-10-03,Loja Niterói,Niterói,2,1060.77
Roteador,Redes,2025-05-01,Loja São Gonçalo,São Gonçalo,4,6074.24
Cadeira Gamer,Móveis,2024-08-06,Loja Norte,Rio de Janeiro,5,19681.65
Notebook,Eletrônicos,2023-04-13,Loja Norte,Rio de Janeiro,5,13933.28
Cadeira Gamer,Móveis,2023-12-09,Loja Sul,Rio de Janeiro,2,5166.93
Smartwatch,Eletrônicos,2025-02-08,Loja Norte,Rio de Janeiro,4,4427.21
Webcam,Periféricos,2023-05-31,Loja Nova Iguaçu,Nova Iguaçu,4,13220.88
Pendrive,Armazenamento,2025-06-22,Loja Niterói,Niterói,2,3579.44
Cadeira Gamer,Móveis,2025-11-16,Loja Teresópolis,Teresópolis,1,4131.88
Impressora,Periféricos,2025-06-25,Loja Sul,Rio de Janeiro,2,3890.19
Smartwatch,Eletrônicos,2023-06-20,Loja Norte,Rio de Janeiro,4,9996.67
Roteador,Redes,2025-07-21,Loja Teresópolis,Teresópolis,3,11847.53
Monitor,Eletrônicos,2023-01-23,Loja Petrópolis,Petrópolis,3,14760.51
Cadeira Gamer,Móveis,2023-11-25,Loja Barra,Rio de Janeiro,4,18567.39
Roteador,Redes,2025-07-26,Loja Niterói,Niterói,2,1961.95
Smartwatch,Eletrônicos,2023-07-31,Loja Niterói,Niterói,3,2317.49
Monitor,Eletrônicos,2023-06-27,Loja Sul,Rio de Janeiro,1,2296.98
Tablet,Eletrônicos,2024-06-27,Loja Barra,Rio de Janeiro,1,3705.56
Impressora,Periféricos,2023-11-09,Loja São Gonçalo,São Gonçalo,3,10238.43
Headset,Acessórios,2024-06-02,Loja São Gonçalo,São Gonçalo,4,18051.96
Monitor,Eletrônicos,2023-03-27,Loja Sul,Rio de Janeiro,2,6346.84
Roteador,Redes,2024-02-28,Loja Centro,Rio de Janeiro,3,3721.97
Webcam,Periféricos,2023-09-15,Loja Sul,Rio de Janeiro,4,18148.38
Pendrive,Armazenamento,2025-10-03,Loja Nova Iguaçu,Nova Iguaçu,1,2977.3
Smartphone,Eletrônicos,2025-08-11,Loja Petrópolis,Petrópolis,5,5158.28
Teclado,Acessórios,2024-11-25,Loja Teresópolis,Teresópolis,3,1511.52
Mouse,Acessórios,2024-07-30,Loja Petrópolis,Petrópolis,2,8817.27
Webcam,Periféricos,2024-03-06,Loja Norte,Rio de Janeiro,4,15304.92
Roteador,Redes,2024-06-24,Loja Norte,Rio de Janeiro,3,3798.2
HD Externo,Armazenamento,2024-02-23,Loja Teresópolis,Teresópolis,1,3128.74
HD Externo,Armazenamento,2024-10-12,Loja Duque,Duque de Caxias,3,4753.71
Tablet,Eletrônicos,2025-05-15,Loja Norte,Rio de Janeiro,4,17167.24
Webcam,Periféricos,2023-11-23,Loja Niterói,Niterói,4,16260.23
Cadeira Gamer,Móveis,2023-10-23,Loja Barra,Rio de Janeiro,3,7204.16
Impressora,Periféricos,2024-10-14,Loja Duque,Duque de Caxias,2,8442.63
Mesa Escritório,Móveis,2025-12-03,Loja Petrópolis,Petrópolis,5,10583.73
Roteador,Redes,2023-05-29,Loja Centro,Rio de Janeiro,3,5626.0
Teclado,Acessórios,2024-01-29,Loja Barra,Rio de Janeiro,3,1049.97
Mouse,Acessórios,2025-10-10,Loja Teresópolis,Teresópolis,4,10781.93
Webcam,Periféricos,2023-08-22,Loja Niterói,Niterói,2,6102.28
Mesa Escritório,Móveis,2023-08-21,Loja São Gonçalo,São Gonçalo,1,1545.16
Impressora,Periféricos,2023-02-07,Loja Niterói,Niterói,3,12148.11
Impressora,Periféricos,2025-01-24,Loja Centro,Rio de Janeiro,2,500.37
Cadeira Gamer,Móveis,2023-11-15,Loja São Gonçalo,São Gonçalo,5,9033.88
Smartwatch,Eletrônicos,2023-03-20,Loja Duque,Duque de Caxias,4,1342.31
Impressora,Periféricos,2024-12-30,Loja Barra,Rio de Janeiro,5,13835.25
Headset,Acessórios,2024-06-08,Loja Centro,Rio de Janeiro,5,2317.76
Monitor,Eletrônicos,2024-03-18,Loja Niterói,Niterói,2,7809.75
Smartphone,Eletrônicos,2024-07-23,Loja Centro,Rio de Janeiro,3,674.45
Smartwatch,Eletrônicos,2025-02-13,Loja Teresópolis,Teresópolis,2,7852.79
Cadeira Gamer,Móveis,2024-01-23,Loja Niterói,Niterói,5,3317.51
Smartwatch,Eletrônicos,2023-07-22,Loja Barra,Rio de Janeiro,2,8302.74
Notebook,Eletrônicos,2023-12-06,Loja Nova Iguaçu,Nova Iguaçu,5,10161.5
Monitor,Eletrônicos,2023-07-18,Loja Barra,Rio de Janeiro,1,468.17
Headset,Acessórios,2023-06-24,Loja Barra,Rio de Janeiro,1,2238.4
Teclado,Acessórios,2024-03-17,Loja São Gonçalo,São Gonçalo,1,2928.11
Mouse,Acessórios,2024-10-17,Loja Petrópolis,Petrópolis,3,10405.58
Roteador,Redes,2025-03-25,Loja Duque,Duque de Caxias,2,1557.48
Cadeira Gamer,Móveis,2024-08-10,Loja Duque,Duque de Caxias,3,14117.34
Impressora,Periféricos,2024-09-02,Loja Niterói,Niterói,5,14571.93
Teclado,Acessórios,2023-04-26,Loja Barra,Rio de Janeiro,2,7752.55
Monitor,Eletrônicos,2024-08-10,Loja Duque,Duque de Caxias,3,13607.03
Mesa Escritório,Móveis,2023-04-17,Loja Nova Iguaçu,Nova Iguaçu,5,14315.47
Webcam,Periféricos,2023-01-20,Loja São Gonçalo,São Gonçalo,4,15669.51
Teclado,Acessórios,2024-10-13,Loja Norte,Rio de Janeiro,4,7965.96
Headset,Acessórios,2024-10-15,Loja Petrópolis,Petrópolis,4,13274.65
Teclado,Acessórios,2023-11-11,Loja Barra,Rio de Janeiro,2,2208.86
Smartphone,Eletrônicos,2023-03-23,Loja Norte,Rio de Janeiro,2,7390.12
Mesa Escritório,Móveis,2023-09-08,Loja Teresópolis,Teresópolis,3,11494.95
Impressora,Periféricos,2023-01-22,Loja Teresópolis,Teresópolis,4,5997.24
Webcam,Periféricos,2023-08-28,Loja Centro,Rio de Janeiro,3,13528.4
Headset,Acessórios,2025-05-13,Loja Niterói,Niterói,2,5218.5
Roteador,Redes,2025-10-20,Loja Duque,Duque de Caxias,2,9872.28
Teclado,Acessórios,2023-03-16,Loja São Gonçalo,São Gonçalo,5,17295.62
Notebook,Eletrônicos,2023-04-18,Loja Barra,Rio de Janeiro,3,4087.9
HD Externo,Armazenamento,2023-04-10,Loja São Gonçalo,São Gonçalo,5,12431.97
Webcam,Periféricos,2025-06-22,Loja Barra,Rio de Janeiro,5,24936.99
Pendrive,Armazenamento,2023-04-13,Loja Duque,Duque de Caxias,3,13584.65
Mesa Escritório,Móveis,2025-01-04,Loja Nova Iguaçu,Nova Iguaçu,3,11043.21
Tablet,Eletrônicos,2024-05-06,Loja Duque,Duque de Caxias,2,8740.96
Cadeira Gamer,Móveis,2025-08-03,Loja Sul,Rio de Janeiro,1,778.24
Mouse,Acessórios,2024-12-08,Loja Niterói,Niterói,5,15966.56
Smartwatch,Eletrônicos,2025-09-12,Loja Centro,Rio de Janeiro,4,9218.71
Teclado,Acessórios,2023-01-12,Loja Barra,Rio de Janeiro,5,9329.69
Notebook,Eletrônicos,2023-01-10,Loja Barra,Rio de Janeiro,3,9938.9
Mesa Escritório,Móveis,2024-10-31,Loja Niterói,Niterói,1,966.44
Tablet,Eletrônicos,2023-01-06,Loja Sul,Rio de Janeiro,2,6305.02
Headset,Acessórios,2025-11-29,Loja São Gonçalo,São Gonçalo,4,2902.4
Tablet,Eletrônicos,2025-08-06,Loja Barra,Rio de Janeiro,3,11163.11
Smartphone,Eletrônicos,2025-02-15,Loja Petrópolis,Petrópolis,5,19600.84
Pendrive,Armazenamento,2025-11-24,Loja Sul,Rio de Janeiro,5,23746.8
Mouse,Acessórios,2023-07-12,Loja Duque,Duque de Caxias,3,3578.38
Smartphone,Eletrônicos,2023-05-31,Loja Duque,Duque de Caxias,3,2691.79
Monitor,Eletrônicos,2024-02-17,Loja São Gonçalo,São Gonçalo,1,1917.79
Smartphone,Eletrônicos,2025-09-27,Loja Barra,Rio de Janeiro,4,4972.74
Mesa Escritório,Móveis,2024-04-25,Loja São Gonçalo,São Gonçalo,4,10303.72
Monitor,Eletrônicos,2025-09-05,Loja Niterói,Niterói,3,7616.24
Pendrive,Armazenamento,2023-12-30,Loja Duque,Duque de Caxias,5,22515.85
Smartphone,Eletrônicos,2024-01-02,Loja Nova Iguaçu,Nova Iguaçu,4,9804.78
Notebook,Eletrônicos,2025-06-02,Loja Niterói,Niterói,5,21893.37
Smartwatch,Eletrônicos,2023-12-16,Loja Sul,Rio de Janeiro,1,1668.02
Teclado,Acessórios,2023-04-23,Loja Norte,Rio de Janeiro,1,4062.14
Teclado,Acessórios,2023-02-20,Loja Norte,Rio de Janeiro,2,6324.12
Headset,Acessórios,2025-03-29,Loja São Gonçalo,São Gonçalo,5,13300.52
Webcam,Periféricos,2024-12-08,Loja Centro,Rio de Janeiro,1,669.87
HD Externo,Armazenamento,2023-08-07,Loja Teresópolis,Teresópolis,3,3665.86
Tablet,Eletrônicos,2024-04-30,Loja Duque,Duque de Caxias,1,3372.25
Webcam,Periféricos,2023-04-29,Loja Norte,Rio de Janeiro,4,17372.94
Mesa Escritório,Móveis,2025-10-20,Loja Nova Iguaçu,Nova Iguaçu,5,24211.91
Roteador,Redes,2024-06-26,Loja Petrópolis,Petrópolis,5,16957.95
HD Externo,Armazenamento,2023-01-12,Loja Duque,Duque de Caxias,5,16539.33
Headset,Acessórios,2024-11-02,Loja Niterói,Niterói,5,10989.58
Webcam,Periféricos,2025-02-10,Loja São Gonçalo,São Gonçalo,3,11090.48
Monitor,Eletrônicos,2024-10-30,Loja Norte,Rio de Janeiro,4,6131.44
Smartwatch,Eletrônicos,2024-07-16,Loja Nova Iguaçu,Nova Iguaçu,2,9651.38
Smartphone,Eletrônicos,2025-01-17,Loja Sul,Rio de Janeiro,4,13954.12
Cadeira Gamer,Móveis,2024-09-26,Loja Teresópolis,Teresópolis,1,2256.25
Webcam,Periféricos,2024-04-14,Loja São Gonçalo,São Gonçalo,2,4616.49
Teclado,Acessórios,2025-07-02,Loja Nova Iguaçu,Nova Iguaçu,1,3591.27
Smartphone,Eletrônicos,2025-02-24,Loja Niterói,Niterói,2,9882.77
Headset,Acessórios,2024-09-09,Loja Petrópolis,Petrópolis,1,3371.35
Mouse,Acessórios,2024-05-05,Loja Teresópolis,Teresópolis,2,3215.65
Tablet,Eletrônicos,2024-10-12,Loja Norte,Rio de Janeiro,1,2344.7
Smartwatch,Eletrônicos,2024-05-19,Loja Petrópolis,Petrópolis,1,3066.49
Webcam,Periféricos,2023-12-13,Loja Sul,Rio de Janeiro,1,3380.39
Monitor,Eletrônicos,2023-03-07,Loja São Gonçalo,São Gonçalo,3,13114.65
Mouse,Acessórios,2023-03-04,Loja Teresópolis,Teresópolis,3,7697.37
Tablet,Eletrônicos,2025-08-20,Loja Sul,Rio de Janeiro,1,1827.95
Roteador,Redes,2023-03-31,Loja Teresópolis,Teresópolis,3,8508.65
HD Externo,Armazenamento,2025-04-14,Loja São Gonçalo,São Gonçalo,5,12031.45
Pendrive,Armazenamento,2024-08-06,Loja Barra,Rio de Janeiro,5,23561.09
Pendrive,Armazenamento,2023-12-30,Loja Nova Iguaçu,Nova Iguaçu,1,887.68
Monitor,Eletrônicos,2025-02-02,Loja São Gonçalo,São Gonçalo,1,3209.37
HD Externo,Armazenamento,2023-12-31,Loja Barra,Rio de Janeiro,2,1463.09
Cadeira Gamer,Móveis,2023-10-07,Loja Sul,Rio de Janeiro,3,1060.88
Cadeira Gamer,Móveis,2023-07-15,Loja Norte,Rio de Janeiro,4,3014.74
Impressora,Periféricos,2023-11-27,Loja Duque,Duque de Caxias,5,2303.65
Mesa Escritório,Móveis,2023-12-20,Loja Petrópolis,Petrópolis,5,7459.59
Smartwatch,Eletrônicos,2025-07-03,Loja Norte,Rio de Janeiro,1,3359.87
Headset,Acessórios,2023-01-08,Loja Teresópolis,Teresópolis,3,14423.02
Smartwatch,Eletrônicos,2023-06-15,Loja Barra,Rio de Janeiro,3,6857.64
Webcam,Periféricos,2024-10-19,Loja Petrópolis,Petrópolis,1,1559.8
Headset,Acessórios,2025-01-01,Loja São Gonçalo,São Gonçalo,3,4768.23
Tablet,Eletrônicos,2023-04-28,Loja Barra,Rio de Janeiro,2,219.01
Webcam,Periféricos,2025-07-18,Loja Barra,Rio de Janeiro,1,3304.0
Notebook,Eletrônicos,2024-03-23,Loja Duque,Duque de Caxias,5,1535.09
Mesa Escritório,Móveis,2024-08-26,Loja Centro,Rio de Janeiro,1,3619.81
Monitor,Eletrônicos,2024-03-17,Loja Duque,Duque de Caxias,1,3655.26
Notebook,Eletrônicos,2024-11-27,Loja Petrópolis,Petrópolis,2,2338.17
HD Externo,Armazenamento,2023-07-10,Loja Duque,Duque de Caxias,2,4829.17
Cadeira Gamer,Móveis,2023-09-15,Loja Norte,Rio de Janeiro,3,14887.14
HD Externo,Armazenamento,2024-05-31,Loja Barra,Rio de Janeiro,1,2344.93
Mesa Escritório,Móveis,2024-04-07,Loja Nova Iguaçu,Nova Iguaçu,1,3092.31
HD Externo,Armazenamento,2023-02-13,Loja Norte,Rio de Janeiro,5,7263.81
Webcam,Periféricos,2023-03-11,Loja Petrópolis,Petrópolis,5,7145.42
Pendrive,Armazenamento,2025-04-07,Loja Nova Iguaçu,Nova Iguaçu,4,11678.63
Headset,Acessórios,2025-06-02,Loja Petrópolis,Petrópolis,2,7722.08
Tablet,Eletrônicos,2024-10-05,Loja Sul,Rio de Janeiro,3,10346.86
Monitor,Eletrônicos,2024-09-21,Loja Teresópolis,Teresópolis,2,7375.19
Webcam,Periféricos,2023-12-26,Loja São Gonçalo,São Gonçalo,5,24057.94
HD Externo,Armazenamento,2025-03-20,Loja Sul,Rio de Janeiro,5,13304.88
Tablet,Eletrônicos,2024-04-07,Loja Norte,Rio de Janeiro,4,14629.8
Monitor,Eletrônicos,2023-09-30,Loja Nova Iguaçu,Nova Iguaçu,1,2610.51
Pendrive,Armazenamento,2024-12-18,Loja Sul,Rio de Janeiro,2,8299.94
Impressora,Periféricos,2024-08-12,Loja Duque,Duque de Caxias,4,10075.61
Pendrive,Armazenamento,2023-12-09,Loja Petrópolis,Petrópolis,3,2013.54
Cadeira Gamer,Móveis,2024-03-30,Loja São Gonçalo,São Gonçalo,4,4842.12
Impressora,Periféricos,2023-05-30,Loja Sul,Rio de Janeiro,3,13301.46
Monitor,Eletrônicos,2023-10-05,Loja Barra,Rio de Janeiro,3,1485.48
Notebook,Eletrônicos,2024-12-15,Loja Niterói,Niterói,5,22824.86
Headset,Acessórios,2025-08-10,Loja Norte,Rio de Janeiro,2,8052.56
Smartphone,Eletrônicos,2025-05-05,Loja Duque,Duque de Caxias,1,1742.05
Headset,Acessórios,2023-01-07,Loja Centro,Rio de Janeiro,2,2495.27
Cadeira Gamer,Móveis,2024-06-10,Loja Norte,Rio de Janeiro,1,3013.98
Monitor,Eletrônicos,2025-10-20,Loja Teresópolis,Teresópolis,1,4083.18
Cadeira Gamer,Móveis,2024-12-23,Loja São Gonçalo,São Gonçalo,1,3197.77
Mouse,Acessórios,2023-04-03,Loja Nova Iguaçu,Nova Iguaçu,2,4842.66
Monitor,Eletrônicos,2024-06-27,Loja Centro,Rio de Janeiro,4,17466.66
Roteador,Redes,2023-09-02,Loja Sul,Rio de Janeiro,1,4976.64
HD Externo,Armazenamento,2023-06-16,Loja Norte,Rio de Janeiro,5,23217.15
Headset,Acessórios,2024-07-29,Loja Centro,Rio de Janeiro,2,4333.58
Tablet,Eletrônicos,2023-03-18,Loja Norte,Rio de Janeiro,2,6875.71
Roteador,Redes,2023-03-10,Loja Centro,Rio de Janeiro,3,9901.37
Mesa Escritório,Móveis,2025-12-07,Loja São Gonçalo,São Gonçalo,4,3451.83
HD Externo,Armazenamento,2024-01-12,Loja Nova Iguaçu,Nova Iguaçu,1,3105.51
Monitor,Eletrônicos,2023-07-24,Loja São Gonçalo,São Gonçalo,1,3307.74
Roteador,Redes,2024-01-13,Loja Niterói,Niterói,1,4184.52
Pendrive,Armazenamento,2025-10-14,Loja Barra,Rio de Janeiro,1,128.36
Impressora,Periféricos,2025-11-04,Loja Niterói,Niterói,1,278.12
HD Externo,Armazenamento,2024-11-22,Loja São Gonçalo,São Gonçalo,3,9423.36
Cadeira Gamer,Móveis,2024-04-26,Loja Norte,Rio de Janeiro,3,4938.93
Notebook,Eletrônicos,2024-04-17,Loja Teresópolis,Teresópolis,5,18938.37
Roteador,Redes,2023-11-03,Loja Centro,Rio de Janeiro,2,4727.08
Smartwatch,Eletrônicos,2023-03-22,Loja Centro,Rio de Janeiro,4,18412.28
Cadeira Gamer,Móveis,2023-08-16,Loja Petrópolis,Petrópolis,5,21249.77
Headset,Acessórios,2024-05-17,Loja São Gonçalo,São Gonçalo,2,4876.22
Impressora,Periféricos,2025-07-12,Loja Nova Iguaçu,Nova Iguaçu,1,2000.14
Impressora,Periféricos,2023-01-23,Loja Centro,Rio de Janeiro,1,4537.78
Teclado,Acessórios,2023-08-19,Loja Sul,Rio de Janeiro,5,7267.84
Webcam,Periféricos,2025-06-08,Loja Centro,Rio de Janeiro,5,13087.9
Impressora,Periféricos,2025-07-06,Loja São Gonçalo,São Gonçalo,3,3348.49
Smartphone,Eletrônicos,2025-08-10,Loja Barra,Rio de Janeiro,4,6832.22
Teclado,Acessórios,2025-08-16,Loja Barra,Rio de Janeiro,5,9498.59
Smartwatch,Eletrônicos,2024-08-06,Loja Norte,Rio de Janeiro,5,975.51
Monitor,Eletrônicos,2024-04-21,Loja Norte,Rio de Janeiro,1,3808.77
Mouse,Acessórios,2024-06-20,Loja São Gonçalo,São Gonçalo,4,15845.98
Smartphone,Eletrônicos,2024-04-08,Loja Barra,Rio de Janeiro,4,2422.47
Teclado,Acessórios,2025-07-07,Loja Duque,Duque de Caxias,1,2605.02
Impressora,Periféricos,2025-01-09,Loja Petrópolis,Petrópolis,3,14903.06
Tablet,Eletrônicos,2025-03-08,Loja Petrópolis,Petrópolis,2,1079.34
Headset,Acessórios,2025-08-10,Loja Norte,Rio de Janeiro,4,555.95
HD Externo,Armazenamento,2024-02-26,Loja Teresópolis,Teresópolis,3,2927.84
Mesa Escritório,Móveis,2023-06-04,Loja São Gonçalo,São Gonçalo,3,2439.47
Smartphone,Eletrônicos,2024-11-30,Loja Nova Iguaçu,Nova Iguaçu,1,2537.38
Teclado,Acessórios,2024-06-23,Loja São Gonçalo,São Gonçalo,4,16947.39
Smartwatch,Eletrônicos,2024-06-21,Loja São Gonçalo,São Gonçalo,2,4996.57
HD Externo,Armazenamento,2023-09-19,Loja Barra,Rio de Janeiro,2,6254.45
Headset,Acessórios,2025-08-25,Loja Petrópolis,Petrópolis,4,10393.63
Smartphone,Eletrônicos,2025-12-18,Loja Nova Iguaçu,Nova Iguaçu,3,12955.81
Roteador,Redes,2024-06-17,Loja Niterói,Niterói,5,24396.6
Impressora,Periféricos,2024-05-16,Loja Niterói,Niterói,2,6231.07
Teclado,Acessórios,2024-10-26,Loja São Gonçalo,São Gonçalo,5,13847.43
Pendrive,Armazenamento,2024-06-05,Loja São Gonçalo,São Gonçalo,1,3111.51
Webcam,Periféricos,2025-01-14,Loja Norte,Rio de Janeiro,5,22935.85
Cadeira Gamer,Móveis,2023-10-03,Loja Sul,Rio de Janeiro,1,727.33
Pendrive,Armazenamento,2023-07-24,Loja Duque,Duque de Caxias,5,12282.76
Webcam,Periféricos,2023-05-12,Loja Teresópolis,Teresópolis,4,8516.92
Mouse,Acessórios,2023-07-17,Loja Teresópolis,Teresópolis,1,1853.41
Teclado,Acessórios,2023-04-04,Loja Centro,Rio de Janeiro,4,16723.27
Impressora,Periféricos,2025-03-28,Loja São Gonçalo,São Gonçalo,4,9512.41
Headset,Acessórios,2024-03-20,Loja Norte,Rio de Janeiro,4,4924.4
HD Externo,Armazenamento,2024-09-28,Loja Petrópolis,Petrópolis,3,6877.07
Smartwatch,Eletrônicos,2025-03-26,Loja Duque,Duque de Caxias,1,4804.57
Monitor,Eletrônicos,2024-12-04,Loja Barra,Rio de Janeiro,1,4599.9
Teclado,Acessórios,2024-07-12,Loja Centro,Rio de Janeiro,1,4150.33
Mesa Escritório,Móveis,2025-06-26,Loja Sul,Rio de Janeiro,3,2215.83
Monitor,Eletrônicos,2024-09-10,Loja Duque,Duque de Caxias,4,13874.09
Headset,Acessórios,2025-03-07,Loja São Gonçalo,São Gonçalo,1,2756.95
Roteador,Redes,2024-01-23,Loja Niterói,Niterói,3,5169.48
Cadeira Gamer,Móveis,2025-05-07,Loja Niterói,Niterói,2,9750.72
Mouse,Acessórios,2023-07-06,Loja Barra,Rio de Janeiro,4,6187.75
Headset,Acessórios,2023-03-08,Loja Barra,Rio de Janeiro,2,7450.22
HD Externo,Armazenamento,2023-03-26,Loja Nova Iguaçu,Nova Iguaçu,3,12201.82
Impressora,Periféricos,2023-05-10,Loja Sul,Rio de Janeiro,3,2422.84
Teclado,Acessórios,2025-08-16,Loja Nova Iguaçu,Nova Iguaçu,4,217.99
Roteador,Redes,2024-04-19,Loja São Gonçalo,São Gonçalo,2,6727.51
Smartphone,Eletrônicos,2025-03-25,Loja Teresópolis,Teresópolis,3,10603.44
Impressora,Periféricos,2025-10-03,Loja São Gonçalo,São Gonçalo,3,6403.4
Smartphone,Eletrônicos,2023-02-05,Loja Centro,Rio de Janeiro,3,3281.82
Notebook,Eletrônicos,2025-07-27,Loja São Gonçalo,São Gonçalo,4,7145.78
Mouse,Acessórios,2024-04-29,Loja Teresópolis,Teresópolis,3,1715.09
Tablet,Eletrônicos,2025-10-10,Loja Teresópolis,Teresópolis,3,4266.04
Mesa Escritório,Móveis,2025-03-16,Loja Duque,Duque de Caxias,2,5356.66
Roteador,Redes,2025-04-03,Loja Petrópolis,Petrópolis,1,2066.43
Tablet,Eletrônicos,2023-03-16,Loja Petrópolis,Petrópolis,5,14231.71
Pendrive,Armazenamento,2023-07-26,Loja São Gonçalo,São Gonçalo,5,14889.46
Teclado,Acessórios,2025-01-06,Loja Centro,Rio de Janeiro,3,12221.87
Notebook,Eletrônicos,2024-09-29,Loja Duque,Duque de Caxias,2,9616.12
Roteador,Redes,2023-10-12,Loja Centro,Rio de Janeiro,4,12078.86
Headset,Acessórios,2025-11-10,Loja Sul,Rio de Janeiro,5,16389.11
Headset,Acessórios,2023-02-15,Loja Barra,Rio de Janeiro,2,9101.29
Cadeira Gamer,Móveis,2025-11-05,Loja Norte,Rio de Janeiro,5,4758.57
Monitor,Eletrônicos,2025-03-12,Loja Teresópolis,Teresópolis,2,169.73
Impressora,Periféricos,2024-06-22,Loja Petrópolis,Petrópolis,2,2590.19
Tablet,Eletrônicos,2025-10-16,Loja Norte,Rio de Janeiro,3,4663.85
Notebook,Eletrônicos,2023-08-25,Loja Teresópolis,Teresópolis,5,942.94
Mouse,Acessórios,2024-12-24,Loja Niterói,Niterói,3,2074.84
Impressora,Periféricos,2023-07-14,Loja Centro,Rio de Janeiro,5,11313.39
Monitor,Eletrônicos,2024-08-13,Loja São Gonçalo,São Gonçalo,4,5346.8
Headset,Acessórios,2025-03-10,Loja Petrópolis,Petrópolis,5,19782.44
Cadeira Gamer,Móveis,2024-06-17,Loja Teresópolis,Teresópolis,1,3658.01
Impressora,Periféricos,2025-05-04,Loja Teresópolis,Teresópolis,5,4176.91
Teclado,Acessórios,2024-09-29,Loja São Gonçalo,São Gonçalo,2,1568.91
Roteador,Redes,2023-05-26,Loja Teresópolis,Teresópolis,5,3292.76
Monitor,Eletrônicos,2025-01-15,Loja Sul,Rio de Janeiro,5,9445.91
Teclado,Acessórios,2024-05-30,Loja Teresópolis,Teresópolis,4,5452.71
Monitor,Eletrônicos,2024-04-10,Loja Norte,Rio de Janeiro,2,298.08
Notebook,Eletrônicos,2023-05-25,Loja Sul,Rio de Janeiro,4,5788.27
Cadeira Gamer,Móveis,2023-04-20,Loja São Gonçalo,São Gonçalo,2,6045.72
Pendrive,Armazenamento,2024-12-24,Loja São Gonçalo,São Gonçalo,5,23080.43
Pendrive,Armazenamento,2023-12-29,Loja Nova Iguaçu,Nova Iguaçu,1,3959.24
Tablet,Eletrônicos,2025-06-04,Loja Teresópolis,Teresópolis,5,23873.86
Mouse,Acessórios,2023-10-07,Loja Centro,Rio de Janeiro,2,3827.2
Webcam,Periféricos,2025-11-01,Loja Teresópolis,Teresópolis,3,2849.47
Pendrive,Armazenamento,2025-02-07,Loja Barra,Rio de Janeiro,1,1942.69
Mesa Escritório,Móveis,2023-10-23,Loja Norte,Rio de Janeiro,4,7754.29
Pendrive,Armazenamento,2025-03-27,Loja Teresópolis,Teresópolis,5,2482.5
Monitor,Eletrônicos,2025-02-03,Loja Duque,Duque de Caxias,4,10602.36
Mouse,Acessórios,2025-07-20,Loja Duque,Duque de Caxias,2,8679.07
Smartphone,Eletrônicos,2023-10-12,Loja Centro,Rio de Janeiro,2,1911.86
Roteador,Redes,2025-01-14,Loja Centro,Rio de Janeiro,4,10325.18
Pendrive,Armazenamento,2023-04-03,Loja Duque,Duque de Caxias,2,6001.75
Mouse,Acessórios,2025-01-22,Loja Teresópolis,Teresópolis,3,2902.03
Webcam,Periféricos,2024-08-13,Loja Duque,Duque de Caxias,3,330.6
Cadeira Gamer,Móveis,2024-03-07,Loja Teresópolis,Teresópolis,4,11009.22
Smartphone,Eletrônicos,2023-08-17,Loja Teresópolis,Teresópolis,5,4723.33
Webcam,Periféricos,2025-09-28,Loja Nova Iguaçu,Nova Iguaçu,3,13531.63
HD Externo,Armazenamento,2024-05-27,Loja Sul,Rio de Janeiro,4,12495.06
Impressora,Periféricos,2023-05-09,Loja Sul,Rio de Janeiro,4,17821.45
HD Externo,Armazenamento,2023-10-18,Loja Nova Iguaçu,Nova Iguaçu,4,8165.31
Mesa Escritório,Móveis,2024-07-21,Loja Niterói,Niterói,3,10803.34
Mesa Escritório,Móveis,2023-09-13,Loja Nova Iguaçu,Nova Iguaçu,5,4589.55
HD Externo,Armazenamento,2024-09-28,Loja Centro,Rio de Janeiro,5,13629.11
Headset,Acessórios,2025-03-26,Loja Sul,Rio de Janeiro,2,361.66
Tablet,Eletrônicos,2023-12-23,Loja Sul,Rio de Janeiro,5,8682.79
Notebook,Eletrônicos,2024-07-29,Loja Nova Iguaçu,Nova Iguaçu,4,14158.84
Notebook,Eletrônicos,2024-12-20,Loja Sul,Rio de Janeiro,4,9404.64
Notebook,Eletrônicos,2025-06-13,Loja São Gonçalo,São Gonçalo,3,9096.67
Mesa Escritório,Móveis,2025-11-19,Loja Norte,Rio de Janeiro,3,13078.65
Notebook,Eletrônicos,2025-11-15,Loja Duque,Duque de Caxias,1,1502.49
Notebook,Eletrônicos,2024-09-14,Loja Centro,Rio de Janeiro,5,3320.33
Headset,Acessórios,2023-01-14,Loja Petrópolis,Petrópolis,3,2728.13
Teclado,Acessórios,2025-03-06,Loja Nova Iguaçu,Nova Iguaçu,3,5330.36
Tablet,Eletrônicos,2024-12-04,Loja Sul,Rio de Janeiro,3,549.62
Monitor,Eletrônicos,2024-03-19,Loja Norte,Rio de Janeiro,3,10780.99
Tablet,Eletrônicos,2023-12-23,Loja São Gonçalo,São Gonçalo,2,5235.25
Tablet,Eletrônicos,2024-11-27,Loja Nova Iguaçu,Nova Iguaçu,3,1050.8
Monitor,Eletrônicos,2024-09-21,Loja Teresópolis,Teresópolis,4,8109.69
Mesa Escritório,Móveis,2024-02-11,Loja Nova Iguaçu,Nova Iguaçu,1,371.0
Impressora,Periféricos,2023-12-31,Loja São Gonçalo,São Gonçalo,5,12507.91
Tablet,Eletrônicos,2023-11-29,Loja Norte,Rio de Janeiro,4,1320.33
Notebook,Eletrônicos,2025-09-13,Loja Petrópolis,Petrópolis,3,4344.47
Roteador,Redes,2023-07-06,Loja Petrópolis,Petrópolis,1,3424.42
Roteador,Redes,2025-10-20,Loja Teresópolis,Teresópolis,3,9235.5
Pendrive,Armazenamento,2024-11-19,Loja Teresópolis,Teresópolis,1,2620.95
Teclado,Acessórios,2024-08-14,Loja Niterói,Niterói,3,9558.83
Webcam,Periféricos,2024-08-15,Loja Niterói,Niterói,3,12863.84
Notebook,Eletrônicos,2025-12-29,Loja Niterói,Niterói,4,7129.91
Impressora,Periféricos,2024-08-23,Loja Petrópolis,Petrópolis,3,7307.97
HD Externo,Armazenamento,2024-01-23,Loja Centro,Rio de Janeiro,5,16903.32
Webcam,Periféricos,2024-03-19,Loja Duque,Duque de Caxias,2,9139.39
Smartphone,Eletrônicos,2025-05-23,Loja Petrópolis,Petrópolis,5,2208.77
Headset,Acessórios,2023-11-25,Loja Teresópolis,Teresópolis,4,12163.33
Webcam,Periféricos,2024-01-28,Loja Duque,Duque de Caxias,5,7528.85
Impressora,Periféricos,2023-11-14,Loja Centro,Rio de Janeiro,5,23312.53
Tablet,Eletrônicos,2023-11-12,Loja Centro,Rio de Janeiro,2,3439.73
Impressora,Periféricos,2025-06-22,Loja Niterói,Niterói,1,1611.35
Mesa Escritório,Móveis,2023-11-15,Loja Barra,Rio de Janeiro,3,7839.37
HD Externo,Armazenamento,2023-12-19,Loja Petrópolis,Petrópolis,3,11167.53
Smartphone,Eletrônicos,2024-10-03,Loja Norte,Rio de Janeiro,5,19905.48
Cadeira Gamer,Móveis,2023-07-08,Loja Duque,Duque de Caxias,2,3476.92
Smartwatch,Eletrônicos,2024-05-17,Loja Duque,Duque de Caxias,1,3489.45
Notebook,Eletrônicos,2023-02-18,Loja Petrópolis,Petrópolis,5,12736.36
Cadeira Gamer,Móveis,2023-08-17,Loja Norte,Rio de Janeiro,5,18844.79
Monitor,Eletrônicos,2023-09-23,Loja Teresópolis,Teresópolis,2,5477.61
Roteador,Redes,2023-07-30,Loja Teresópolis,Teresópolis,3,755.77
Cadeira Gamer,Móveis,2024-06-07,Loja Nova Iguaçu,Nova Iguaçu,1,1196.26
Tablet,Eletrônicos,2023-11-25,Loja Norte,Rio de Janeiro,2,4988.54
HD Externo,Armazenamento,2023-01-05,Loja Centro,Rio de Janeiro,4,19270.41
Pendrive,Armazenamento,2025-01-05,Loja Barra,Rio de Janeiro,3,8898.35
Headset,Acessórios,2025-04-29,Loja São Gonçalo,São Gonçalo,3,5679.28
Notebook,Eletrônicos,2023-05-09,Loja Sul,Rio de Janeiro,3,2419.47
Mouse,Acessórios,2023-01-09,Loja Centro,Rio de Janeiro,3,3634.95
Mesa Escritório,Móveis,2024-03-26,Loja Nova Iguaçu,Nova Iguaçu,4,684.38
Tablet,Eletrônicos,2025-10-06,Loja São Gonçalo,São Gonçalo,1,1910.79
Smartphone,Eletrônicos,2023-07-29,Loja Duque,Duque de Caxias,2,6928.25
Mesa Escritório,Móveis,2025-05-22,Loja Sul,Rio de Janeiro,3,7199.69
Tablet,Eletrônicos,2025-07-21,Loja Sul,Rio de Janeiro,4,10575.79
Notebook,Eletrônicos,2023-09-28,Loja Centro,Rio de Janeiro,2,851.91
Notebook,Eletrônicos,2025-05-11,Loja Centro,Rio de Janeiro,2,5202.95
Smartwatch,Eletrônicos,2025-02-07,Loja Sul,Rio de Janeiro,3,7012.23
Teclado,Acessórios,2025-04-30,Loja Nova Iguaçu,Nova Iguaçu,5,24974.43
Cadeira Gamer,Móveis,2024-07-23,Loja São Gonçalo,São Gonçalo,4,14663.89
Roteador,Redes,2025-09-09,Loja Petrópolis,Petrópolis,3,14226.82
Notebook,Eletrônicos,2024-03-06,Loja Centro,Rio de Janeiro,1,1941.46
Cadeira Gamer,Móveis,2023-06-27,Loja Niterói,Niterói,1,3516.35
Notebook,Eletrônicos,2025-06-10,Loja Petrópolis,Petrópolis,1,248.38
Monitor,Eletrônicos,2025-08-28,Loja São Gonçalo,São Gonçalo,1,1113.57
Notebook,Eletrônicos,2024-10-09,Loja Niterói,Niterói,1,3207.69
Webcam,Periféricos,2025-09-27,Loja Centro,Rio de Janeiro,5,20440.59
Notebook,Eletrônicos,2024-08-21,Loja Duque,Duque de Caxias,1,1987.77
Pendrive,Armazenamento,2025-11-17,Loja Nova Iguaçu,Nova Iguaçu,5,1093.88
Impressora,Periféricos,2023-10-26,Loja São Gonçalo,São Gonçalo,2,9174.26
Smartwatch,Eletrônicos,2025-07-14,Loja Niterói,Niterói,5,14900.51
Teclado,Acessórios,2024-09-07,Loja Barra,Rio de Janeiro,5,6982.23
Smartphone,Eletrônicos,2025-03-18,Loja Petrópolis,Petrópolis,2,6562.67
Mouse,Acessórios,2023-07-24,Loja Sul,Rio de Janeiro,3,13467.13
Cadeira Gamer,Móveis,2025-09-26,Loja São Gonçalo,São Gonçalo,4,17587.74
Mouse,Acessórios,2023-11-11,Loja Teresópolis,Teresópolis,2,1275.29
Teclado,Acessórios,2025-06-17,Loja Barra,Rio de Janeiro,1,735.05
Cadeira Gamer,Móveis,2024-02-14,Loja Barra,Rio de Janeiro,5,19366.69
Mesa Escritório,Móveis,2025-09-24,Loja São Gonçalo,São Gonçalo,4,2892.95
Monitor,Eletrônicos,2025-02-20,Loja Duque,Duque de Caxias,2,8561.78
Impressora,Periféricos,2024-09-06,Loja Sul,Rio de Janeiro,2,3721.47
Mouse,Acessórios,2024-08-09,Loja Petrópolis,Petrópolis,5,11515.39
Smartphone,Eletrônicos,2023-09-06,Loja Barra,Rio de Janeiro,3,8205.05
HD Externo,Armazenamento,2025-03-29,Loja Barra,Rio de Janeiro,5,10757.03
HD Externo,Armazenamento,2023-05-22,Loja Teresópolis,Teresópolis,4,12713.55
Smartwatch,Eletrônicos,2023-01-26,Loja Norte,Rio de Janeiro,5,9088.46
Pendrive,Armazenamento,2023-12-26,Loja Teresópolis,Teresópolis,4,4139.66
Roteador,Redes,2023-08-06,Loja Niterói,Niterói,3,3950.77
Smartphone,Eletrônicos,2023-02-02,Loja Petrópolis,Petrópolis,4,9024.86
Impressora,Periféricos,2025-02-05,Loja Sul,Rio de Janeiro,2,7850.06
Smartphone,Eletrônicos,2024-11-26,Loja Sul,Rio de Janeiro,3,3399.17
Roteador,Redes,2024-12-19,Loja Petrópolis,Petrópolis,3,2780.33
Mouse,Acessórios,2025-06-28,Loja Norte,Rio de Janeiro,2,3734.48
Roteador,Redes,2025-10-22,Loja Petrópolis,Petrópolis,1,1543.38
Mesa Escritório,Móveis,2025-02-01,Loja São Gonçalo,São Gonçalo,4,14663.05
Roteador,Redes,2023-06-21,Loja Teresópolis,Teresópolis,3,14934.4
Monitor,Eletrônicos,2024-02-25,Loja Barra,Rio de Janeiro,3,7612.54
Mesa Escritório,Móveis,2024-03-09,Loja Nova Iguaçu,Nova Iguaçu,4,8429.24
Tablet,Eletrônicos,2025-04-16,Loja São Gonçalo,São Gonçalo,5,18327.69
Mouse,Acessórios,2023-08-15,Loja Centro,Rio de Janeiro,4,18945.44
Impressora,Periféricos,2024-10-20,Loja Norte,Rio de Janeiro,5,23763.08
Impressora,Periféricos,2023-10-01,Loja Barra,Rio de Janeiro,3,2995.47
Headset,Acessórios,2023-01-17,Loja Barra,Rio de Janeiro,5,7832.59
Monitor,Eletrônicos,2025-05-07,Loja Barra,Rio de Janeiro,4,17136.58
Pendrive,Armazenamento,2023-07-27,Loja Teresópolis,Teresópolis,2,4330.6
Monitor,Eletrônicos,2024-01-11,Loja Norte,Rio de Janeiro,5,17361.26
Tablet,Eletrônicos,2025-10-22,Loja Niterói,Niterói,2,2736.13
Notebook,Eletrônicos,2024-09-03,Loja Petrópolis,Petrópolis,4,3127.4
Smartphone,Eletrônicos,2023-03-24,Loja Norte,Rio de Janeiro,4,4332.65
Monitor,Eletrônicos,2025-12-04,Loja Niterói,Niterói,2,6887.15
HD Externo,Armazenamento,2025-02-01,Loja Barra,Rio de Janeiro,2,5074.65
Notebook,Eletrônicos,2025-02-06,Loja Nova Iguaçu,Nova Iguaçu,4,8170.55
Smartphone,Eletrônicos,2025-10-17,Loja Niterói,Niterói,4,17944.1
HD Externo,Armazenamento,2025-12-17,Loja Sul,Rio de Janeiro,5,21532.55
Monitor,Eletrônicos,2024-08-01,Loja Nova Iguaçu,Nova Iguaçu,1,4108.12
Headset,Acessórios,2025-08-06,Loja São Gonçalo,São Gonçalo,4,5767.98
Cadeira Gamer,Móveis,2025-03-15,Loja Petrópolis,Petrópolis,5,21224.58
Headset,Acessórios,2023-01-28,Loja Petrópolis,Petrópolis,3,1027.64
Mouse,Acessórios,2023-05-16,Loja São Gonçalo,São Gonçalo,4,11291.58
Monitor,Eletrônicos,2023-04-18,Loja Niterói,Niterói,2,8165.49
Roteador,Redes,2024-10-11,Loja Sul,Rio de Janeiro,5,9761.6
Notebook,Eletrônicos,2024-09-03,Loja São Gonçalo,São Gonçalo,1,2879.81
Teclado,Acessórios,2025-02-07,Loja Norte,Rio de Janeiro,5,8507.16
Monitor,Eletrônicos,2025-08-13,Loja Barra,Rio de Janeiro,5,15694.45
Impressora,Periféricos,2025-11-13,Loja Barra,Rio de Janeiro,3,10754.23
Smartwatch,Eletrônicos,2023-08-09,Loja São Gonçalo,São Gonçalo,2,9683.27
Roteador,Redes,2024-01-20,Loja Niterói,Niterói,4,7712.85
Impressora,Periféricos,2023-10-14,Loja Duque,Duque de Caxias,2,8545.19
Pendrive,Armazenamento,2025-12-04,Loja Centro,Rio de Janeiro,2,7729.43
Tablet,Eletrônicos,2023-06-06,Loja Petrópolis,Petrópolis,1,793.81
Mesa Escritório,Móveis,2025-05-26,Loja Centro,Rio de Janeiro,5,22828.03
Monitor,Eletrônicos,2023-12-11,Loja Barra,Rio de Janeiro,1,1147.78
Mesa Escritório,Móveis,2025-03-06,Loja Centro,Rio de Janeiro,1,1353.73
Smartphone,Eletrônicos,2024-11-11,Loja Barra,Rio de Janeiro,4,16904.67
Teclado,Acessórios,2025-08-03,Loja Centro,Rio de Janeiro,3,14174.1
Roteador,Redes,2023-01-03,Loja Teresópolis,Teresópolis,3,12846.32
Tablet,Eletrônicos,2025-12-15,Loja Nova Iguaçu,Nova Iguaçu,5,18142.43
Impressora,Periféricos,2025-08-15,Loja Barra,Rio de Janeiro,3,3607.43
Monitor,Eletrônicos,2024-06-04,Loja Centro,Rio de Janeiro,4,8487.76
Headset,Acessórios,2023-01-03,Loja Niterói,Niterói,4,11595.46
Mesa Escritório,Móveis,2024-02-22,Loja Norte,Rio de Janeiro,2,6936.84
Smartwatch,Eletrônicos,2024-07-12,Loja Nova Iguaçu,Nova Iguaçu,3,7190.85
Headset,Acessórios,2025-05-16,Loja Sul,Rio de Janeiro,4,12641.41
Webcam,Periféricos,2025-04-12,Loja Petrópolis,Petrópolis,1,3366.13
HD Externo,Armazenamento,2025-02-19,Loja Centro,Rio de Janeiro,4,13441.22
Teclado,Acessórios,2024-01-12,Loja Nova Iguaçu,Nova Iguaçu,1,638.98
Impressora,Periféricos,2023-10-07,Loja Barra,Rio de Janeiro,1,1633.23
Smartphone,Eletrônicos,2025-07-02,Loja Teresópolis,Teresópolis,1,753.91
Impressora,Periféricos,2025-02-09,Loja Teresópolis,Teresópolis,4,5273.17
Cadeira Gamer,Móveis,2024-11-26,Loja Barra,Rio de Janeiro,1,3596.64
Monitor,Eletrônicos,2024-04-29,Loja Centro,Rio de Janeiro,5,16086.58
Cadeira Gamer,Móveis,2025-12-21,Loja Petrópolis,Petrópolis,2,3136.43
Roteador,Redes,2024-02-10,Loja Barra,Rio de Janeiro,5,14220.45
Pendrive,Armazenamento,2025-10-06,Loja Barra,Rio de Janeiro,3,8897.7
Webcam,Periféricos,2024-08-03,Loja Niterói,Niterói,3,8925.46
Roteador,Redes,2024-02-27,Loja Duque,Duque de Caxias,5,5568.89
Headset,Acessórios,2023-08-14,Loja Sul,Rio de Janeiro,3,11133.95
Teclado,Acessórios,2023-11-23,Loja Sul,Rio de Janeiro,4,3213.61
Monitor,Eletrônicos,2024-08-29,Loja Petrópolis,Petrópolis,5,6715.37
Smartwatch,Eletrônicos,2024-06-14,Loja Centro,Rio de Janeiro,2,1156.15
Notebook,Eletrônicos,2023-02-06,Loja Petrópolis,Petrópolis,2,4301.27
Pendrive,Armazenamento,2024-02-08,Loja Barra,Rio de Janeiro,3,12937.28
Cadeira Gamer,Móveis,2023-08-08,Loja Nova Iguaçu,Nova Iguaçu,4,13130.37
Roteador,Redes,2025-11-21,Loja Petrópolis,Petrópolis,3,5805.77
Impressora,Periféricos,2025-09-30,Loja Niterói,Niterói,2,2592.06
HD Externo,Armazenamento,2025-01-02,Loja Barra,Rio de Janeiro,3,14703.18
Headset,Acessórios,2024-10-16,Loja Teresópolis,Teresópolis,2,7035.41
Monitor,Eletrônicos,2023-01-12,Loja Sul,Rio de Janeiro,5,11633.0
Roteador,Redes,2023-06-28,Loja Teresópolis,Teresópolis,3,914.54
Mouse,Acessórios,2023-07-15,Loja Norte,Rio de Janeiro,5,14341.27
Webcam,Periféricos,2025-12-21,Loja Teresópolis,Teresópolis,3,5564.23
Notebook,Eletrônicos,2025-08-02,Loja Teresópolis,Teresópolis,1,197.3
Cadeira Gamer,Móveis,2024-01-11,Loja Nova Iguaçu,Nova Iguaçu,4,3688.4
Cadeira Gamer,Móveis,2023-09-01,Loja Sul,Rio de Janeiro,2,2191.02
Mouse,Acessórios,2023-03-27,Loja Petrópolis,Petrópolis,3,11214.09
Pendrive,Armazenamento,2024-09-16,Loja Teresópolis,Teresópolis,3,6307.98
Mouse,Acessórios,2024-02-14,Loja Teresópolis,Teresópolis,2,7292.76
Teclado,Acessórios,2023-08-27,Loja Teresópolis,Teresópolis,3,914.9
Pendrive,Armazenamento,2024-11-25,Loja Duque,Duque de Caxias,1,4199.12
Cadeira Gamer,Móveis,2023-07-05,Loja Petrópolis,Petrópolis,1,2401.01
Roteador,Redes,2025-09-18,Loja Nova Iguaçu,Nova Iguaçu,2,5808.54
Headset,Acessórios,2025-02-24,Loja Norte,Rio de Janeiro,2,8813.16
Smartphone,Eletrônicos,2023-12-25,Loja Barra,Rio de Janeiro,5,6771.05
Tablet,Eletrônicos,2024-10-30,Loja Nova Iguaçu,Nova Iguaçu,4,14761.36
Pendrive,Armazenamento,2023-05-02,Loja Nova Iguaçu,Nova Iguaçu,4,16911.84
Pendrive,Armazenamento,2025-06-16,Loja Centro,Rio de Janeiro,3,5267.2
Notebook,Eletrônicos,2025-07-02,Loja Sul,Rio de Janeiro,2,3085.78
Smartwatch,Eletrônicos,2023-04-26,Loja Barra,Rio de Janeiro,5,23262.46
Teclado,Acessórios,2023-08-11,Loja Barra,Rio de Janeiro,4,896.99
Impressora,Periféricos,2023-04-16,Loja Centro,Rio de Janeiro,4,14316.23
Tablet,Eletrônicos,2024-11-18,Loja São Gonçalo,São Gonçalo,2,5648.08
Cadeira Gamer,Móveis,2025-04-16,Loja Centro,Rio de Janeiro,3,9884.55
Notebook,Eletrônicos,2024-01-04,Loja São Gonçalo,São Gonçalo,3,14864.21
Pendrive,Armazenamento,2023-06-03,Loja Norte,Rio de Janeiro,4,13110.24
Webcam,Periféricos,2025-03-21,Loja Sul,Rio de Janeiro,2,5043.99
Impressora,Periféricos,2023-06-03,Loja Duque,Duque de Caxias,1,678.77
Mouse,Acessórios,2023-05-29,Loja Teresópolis,Teresópolis,4,18671.97
Pendrive,Armazenamento,2023-11-17,Loja Niterói,Niterói,4,8600.69
Webcam,Periféricos,2025-05-02,Loja Teresópolis,Teresópolis,1,1611.34
HD Externo,Armazenamento,2024-01-14,Loja Nova Iguaçu,Nova Iguaçu,4,3698.58
Teclado,Acessórios,2025-08-26,Loja São Gonçalo,São Gonçalo,5,1681.98
Notebook,Eletrônicos,2024-08-03,Loja Nova Iguaçu,Nova Iguaçu,4,10768.58
Mouse,Acessórios,2025-07-16,Loja Barra,Rio de Janeiro,5,18914.17
HD Externo,Armazenamento,2023-01-05,Loja Sul,Rio de Janeiro,3,4418.53
Mouse,Acessórios,2024-02-18,Loja Teresópolis,Teresópolis,3,13701.84
Pendrive,Armazenamento,2024-06-10,Loja Niterói,Niterói,1,1315.72
Smartwatch,Eletrônicos,2025-04-19,Loja São Gonçalo,São Gonçalo,5,17180.65
Tablet,Eletrônicos,2024-10-31,Loja Norte,Rio de Janeiro,4,19728.71
Smartphone,Eletrônicos,2023-02-21,Loja Sul,Rio de Janeiro,3,11200.06
Teclado,Acessórios,2024-07-07,Loja Petrópolis,Petrópolis,5,1635.44
Roteador,Redes,2023-01-08,Loja Petrópolis,Petrópolis,2,571.34
Tablet,Eletrônicos,2025-04-13,Loja Sul,Rio de Janeiro,3,3177.14
Smartwatch,Eletrônicos,2025-04-22,Loja Petrópolis,Petrópolis,3,2934.84
Roteador,Redes,2025-01-11,Loja Petrópolis,Petrópolis,4,8998.45
Mouse,Acessórios,2025-08-01,Loja São Gonçalo,São Gonçalo,4,19313.28
Smartphone,Eletrônicos,2023-02-21,Loja Centro,Rio de Janeiro,2,7755.21
Notebook,Eletrônicos,2023-12-22,Loja Sul,Rio de Janeiro,4,10753.37
Smartwatch,Eletrônicos,2025-05-26,Loja Nova Iguaçu,Nova Iguaçu,3,11093.94
Impressora,Periféricos,2025-01-06,Loja Petrópolis,Petrópolis,1,2173.15
Smartphone,Eletrônicos,2023-06-05,Loja Duque,Duque de Caxias,3,1955.64
Monitor,Eletrônicos,2023-09-05,Loja Barra,Rio de Janeiro,4,6588.97
Impressora,Periféricos,2025-06-27,Loja Niterói,Niterói,4,13625.84
Headset,Acessórios,2024-03-29,Loja São Gonçalo,São Gonçalo,3,13251.32
HD Externo,Armazenamento,2023-03-02,Loja Sul,Rio de Janeiro,4,6787.19
Smartphone,Eletrônicos,2024-06-06,Loja Duque,Duque de Caxias,3,10374.73
Monitor,Eletrônicos,2023-02-17,Loja Nova Iguaçu,Nova Iguaçu,5,17509.77
Monitor,Eletrônicos,2023-08-12,Loja Norte,Rio de Janeiro,1,4284.2
HD Externo,Armazenamento,2023-01-28,Loja Niterói,Niterói,5,24747.49
Notebook,Eletrônicos,2023-02-27,Loja Niterói,Niterói,3,672.65
Monitor,Eletrônicos,2023-12-29,Loja Barra,Rio de Janeiro,1,189.62
Mouse,Acessórios,2023-01-21,Loja Niterói,Niterói,4,15021.81
Notebook,Eletrônicos,2023-01-24,Loja Teresópolis,Teresópolis,4,580.34
Monitor,Eletrônicos,2023-02-23,Loja Nova Iguaçu,Nova Iguaçu,4,3890.22
Monitor,Eletrônicos,2024-02-24,Loja Sul,Rio de Janeiro,5,19936.47
Impressora,Periféricos,2025-05-24,Loja Barra,Rio de Janeiro,4,13065.73
Cadeira Gamer,Móveis,2024-09-10,Loja Teresópolis,Teresópolis,1,1402.79
Smartwatch,Eletrônicos,2023-01-09,Loja Sul,Rio de Janeiro,4,5958.53
Smartphone,Eletrônicos,2024-08-28,Loja Centro,Rio de Janeiro,5,6759.46
Mouse,Acessórios,2024-03-26,Loja Niterói,Niterói,1,2649.72
Teclado,Acessórios,2023-09-08,Loja Nova Iguaçu,Nova Iguaçu,3,2798.28
Impressora,Periféricos,2023-12-16,Loja Centro,Rio de Janeiro,1,654.57
Pendrive,Armazenamento,2025-10-12,Loja Centro,Rio de Janeiro,2,843.91
Roteador,Redes,2023-08-23,Loja São Gonçalo,São Gonçalo,3,3825.08
Headset,Acessórios,2023-10-01,Loja Nova Iguaçu,Nova Iguaçu,5,18575.41
Teclado,Acessórios,2024-10-12,Loja Centro,Rio de Janeiro,2,7465.47
Roteador,Redes,2025-07-06,Loja Nova Iguaçu,Nova Iguaçu,5,12829.27
Smartwatch,Eletrônicos,2023-07-15,Loja Nova Iguaçu,Nova Iguaçu,1,2846.48
Monitor,Eletrônicos,2023-03-22,Loja Sul,Rio de Janeiro,5,2111.83
Notebook,Eletrônicos,2023-05-06,Loja Barra,Rio de Janeiro,2,5804.59
Impressora,Periféricos,2025-08-27,Loja São Gonçalo,São Gonçalo,4,11852.22
Smartphone,Eletrônicos,2024-02-27,Loja Duque,Duque de Caxias,1,255.99
Mouse,Acessórios,2023-09-21,Loja Nova Iguaçu,Nova Iguaçu,3,4815.93
Webcam,Periféricos,2023-02-24,Loja Nova Iguaçu,Nova Iguaçu,4,15334.81
Cadeira Gamer,Móveis,2025-03-13,Loja Norte,Rio de Janeiro,3,4771.52
Headset,Acessórios,2025-06-23,Loja Teresópolis,Teresópolis,2,776.37
Mouse,Acessórios,2024-01-31,Loja Barra,Rio de Janeiro,2,8750.18
Roteador,Redes,2024-02-05,Loja Nova Iguaçu,Nova Iguaçu,3,1624.77
Smartphone,Eletrônicos,2024-09-05,Loja Norte,Rio de Janeiro,3,12267.82
Headset,Acessórios,2023-06-30,Loja Norte,Rio de Janeiro,5,7523.89
Smartphone,Eletrônicos,2023-05-23,Loja Norte,Rio de Janeiro,5,10854.55
Mouse,Acessórios,2023-03-03,Loja Sul,Rio de Janeiro,4,3402.29
Impressora,Periféricos,2023-12-30,Loja Duque,Duque de Caxias,3,2512.78
Monitor,Eletrônicos,2024-10-21,Loja São Gonçalo,São Gonçalo,2,3591.59
HD Externo,Armazenamento,2025-05-19,Loja Sul,Rio de Janeiro,4,13634.87
HD Externo,Armazenamento,2025-05-16,Loja Centro,Rio de Janeiro,4,1448.77
Monitor,Eletrônicos,2024-02-15,Loja Teresópolis,Teresópolis,5,5025.79
Teclado,Acessórios,2025-08-02,Loja Centro,Rio de Janeiro,2,5415.55
Notebook,Eletrônicos,2023-11-11,Loja São Gonçalo,São Gonçalo,4,11111.79
Impressora,Periféricos,2024-12-26,Loja São Gonçalo,São Gonçalo,2,2521.76
Mesa Escritório,Móveis,2024-09-10,Loja Barra,Rio de Janeiro,3,9044.71
Mesa Escritório,Móveis,2024-01-07,Loja Niterói,Niterói,3,12632.09
Smartwatch,Eletrônicos,2024-08-17,Loja Barra,Rio de Janeiro,4,8371.71
Roteador,Redes,2023-12-04,Loja Niterói,Niterói,5,4285.92
Monitor,Eletrônicos,2024-03-23,Loja Centro,Rio de Janeiro,5,24089.31
Pendrive,Armazenamento,2025-03-08,Loja Petrópolis,Petrópolis,2,2593.98
Mouse,Acessórios,2024-04-13,Loja São Gonçalo,São Gonçalo,1,1023.89
Teclado,Acessórios,2025-09-10,Loja Barra,Rio de Janeiro,5,22994.39
Monitor,Eletrônicos,2024-02-18,Loja São Gonçalo,São Gonçalo,2,9990.92
Mesa Escritório,Móveis,2024-07-14,Loja Niterói,Niterói,1,960.23
Monitor,Eletrônicos,2025-10-29,Loja Teresópolis,Teresópolis,4,9553.97
Headset,Acessórios,2023-06-28,Loja Teresópolis,Teresópolis,1,4056.45
Tablet,Eletrônicos,2024-09-07,Loja Duque,Duque de Caxias,2,3196.1
Cadeira Gamer,Móveis,2023-03-16,Loja Duque,Duque de Caxias,1,4585.57
Impressora,Periféricos,2023-12-29,Loja São Gonçalo,São Gonçalo,2,5618.57
Monitor,Eletrônicos,2024-05-31,Loja Duque,Duque de Caxias,4,18067.67
Impressora,Periféricos,2023-04-02,Loja Centro,Rio de Janeiro,1,2225.79
Tablet,Eletrônicos,2024-12-04,Loja Nova Iguaçu,Nova Iguaçu,1,4464.82
HD Externo,Armazenamento,2025-04-13,Loja Norte,Rio de Janeiro,5,5496.25
Smartwatch,Eletrônicos,2024-05-04,Loja Teresópolis,Teresópolis,2,2293.13
Cadeira Gamer,Móveis,2024-09-16,Loja Barra,Rio de Janeiro,5,21903.73
Monitor,Eletrônicos,2023-05-31,Loja Centro,Rio de Janeiro,4,4646.03
Mouse,Acessórios,2024-09-23,Loja Niterói,Niterói,2,1472.68
Teclado,Acessórios,2023-01-27,Loja Centro,Rio de Janeiro,5,2159.83
Monitor,Eletrônicos,2025-09-12,Loja Centro,Rio de Janeiro,5,18599.84
Smartphone,Eletrônicos,2024-11-09,Loja São Gonçalo,São Gonçalo,4,3209.91
Tablet,Eletrônicos,2023-08-06,Loja Niterói,Niterói,1,4171.09
Notebook,Eletrônicos,2023-12-22,Loja Sul,Rio de Janeiro,4,6343.53
Teclado,Acessórios,2024-02-13,Loja Barra,Rio de Janeiro,1,1591.78
Mouse,Acessórios,2024-11-24,Loja Niterói,Niterói,2,6608.84
Mouse,Acessórios,2024-10-30,Loja Niterói,Niterói,2,5708.42
Teclado,Acessórios,2024-01-20,Loja Duque,Duque de Caxias,4,6516.23
HD Externo,Armazenamento,2023-04-12,Loja São Gonçalo,São Gonçalo,1,600.98
Mouse,Acessórios,2023-01-07,Loja São Gonçalo,São Gonçalo,4,8084.94
Tablet,Eletrônicos,2024-10-22,Loja Barra,Rio de Janeiro,4,19524.17
Pendrive,Armazenamento,2023-06-22,Loja Duque,Duque de Caxias,1,3898.86
Roteador,Redes,2023-07-30,Loja Norte,Rio de Janeiro,3,3912.4
Webcam,Periféricos,2023-04-14,Loja Nova Iguaçu,Nova Iguaçu,3,3268.63
Smartphone,Eletrônicos,2025-08-18,Loja Niterói,Niterói,1,3696.75
HD Externo,Armazenamento,2025-08-23,Loja Norte,Rio de Janeiro,3,3519.44
Notebook,Eletrônicos,2024-10-19,Loja Centro,Rio de Janeiro,5,24755.2
Smartphone,Eletrônicos,2024-05-28,Loja Petrópolis,Petrópolis,5,1090.44
Notebook,Eletrônicos,2025-09-11,Loja Teresópolis,Teresópolis,3,4431.35
Webcam,Periféricos,2024-04-05,Loja Barra,Rio de Janeiro,5,15572.65
Smartphone,Eletrônicos,2024-11-22,Loja Nova Iguaçu,Nova Iguaçu,2,583.61
Notebook,Eletrônicos,2023-09-06,Loja Nova Iguaçu,Nova Iguaçu,5,7617.99
Smartphone,Eletrônicos,2025-02-10,Loja Centro,Rio de Janeiro,2,6795.85
Impressora,Periféricos,2023-09-06,Loja Duque,Duque de Caxias,3,3844.13
Mesa Escritório,Móveis,2024-03-01,Loja Centro,Rio de Janeiro,4,370.99
Tablet,Eletrônicos,2023-07-20,Loja Centro,Rio de Janeiro,2,5224.78
Teclado,Acessórios,2024-09-23,Loja Niterói,Niterói,2,2377.12
Smartphone,Eletrônicos,2024-06-23,Loja Nova Iguaçu,Nova Iguaçu,2,8853.67
Teclado,Acessórios,2024-11-19,Loja Nova Iguaçu,Nova Iguaçu,2,7505.58
Pendrive,Armazenamento,2025-04-13,Loja Sul,Rio de Janeiro,2,2530.09
Impressora,Periféricos,2025-09-27,Loja Centro,Rio de Janeiro,1,4726.52
Notebook,Eletrônicos,2025-12-25,Loja Norte,Rio de Janeiro,1,3023.67
Impressora,Periféricos,2024-04-27,Loja Petrópolis,Petrópolis,4,11002.39
Smartphone,Eletrônicos,2024-11-28,Loja Niterói,Niterói,1,4692.44
Pendrive,Armazenamento,2024-07-16,Loja Niterói,Niterói,1,1267.2
Smartphone,Eletrônicos,2023-04-10,Loja Teresópolis,Teresópolis,5,1549.6
Headset,Acessórios,2023-04-12,Loja Nova Iguaçu,Nova Iguaçu,3,10183.16
Impressora,Periféricos,2023-01-21,Loja São Gonçalo,São Gonçalo,3,14826.59
Cadeira Gamer,Móveis,2023-05-19,Loja Teresópolis,Teresópolis,4,16837.77
Notebook,Eletrônicos,2025-12-29,Loja Sul,Rio de Janeiro,4,4101.31
Impressora,Periféricos,2025-03-07,Loja Duque,Duque de Caxias,4,18204.34
Tablet,Eletrônicos,2023-10-04,Loja Barra,Rio de Janeiro,1,470.45
Mouse,Acessórios,2024-04-16,Loja Niterói,Niterói,2,6914.6
Mouse,Acessórios,2024-06-24,Loja Niterói,Niterói,3,2818.11
Monitor,Eletrônicos,2025-03-24,Loja Sul,Rio de Janeiro,5,6160.85
Cadeira Gamer,Móveis,2024-02-28,Loja Sul,Rio de Janeiro,3,7749.7
Mouse,Acessórios,2025-06-05,Loja Nova Iguaçu,Nova Iguaçu,2,4504.96
Webcam,Periféricos,2023-03-09,Loja Nova Iguaçu,Nova Iguaçu,3,2994.56
Mouse,Acessórios,2023-01-20,Loja Duque,Duque de Caxias,4,12759.03
Tablet,Eletrônicos,2023-01-28,Loja Norte,Rio de Janeiro,2,3084.49
Impressora,Periféricos,2023-01-22,Loja Sul,Rio de Janeiro,5,1072.26
Roteador,Redes,2023-12-20,Loja Sul,Rio de Janeiro,4,4777.69
Cadeira Gamer,Móveis,2023-11-21,Loja Sul,Rio de Janeiro,2,1064.82
Tablet,Eletrônicos,2023-12-23,Loja Sul,Rio de Janeiro,2,3968.88
Mesa Escritório,Móveis,2023-11-19,Loja Nova Iguaçu,Nova Iguaçu,5,1567.87
Impressora,Periféricos,2024-03-16,Loja Norte,Rio de Janeiro,5,13359.43
Cadeira Gamer,Móveis,2023-11-07,Loja Petrópolis,Petrópolis,4,1256.27
Smartwatch,Eletrônicos,2024-02-11,Loja Niterói,Niterói,5,14376.66
Smartwatch,Eletrônicos,2024-12-19,Loja Teresópolis,Teresópolis,5,15447.7
Teclado,Acessórios,2024-04-08,Loja Duque,Duque de Caxias,2,9672.26
Teclado,Acessórios,2024-05-04,Loja Sul,Rio de Janeiro,5,15622.5
Headset,Acessórios,2025-10-01,Loja Barra,Rio de Janeiro,4,8151.43
Mesa Escritório,Móveis,2025-10-12,Loja Duque,Duque de Caxias,4,15359.53
Roteador,Redes,2025-07-16,Loja Petrópolis,Petrópolis,4,8654.41
Mesa Escritório,Móveis,2023-03-19,Loja Norte,Rio de Janeiro,2,564.4
Impressora,Periféricos,2024-07-11,Loja Norte,Rio de Janeiro,3,1057.35
Monitor,Eletrônicos,2024-08-03,Loja Barra,Rio de Janeiro,1,295.59
Tablet,Eletrônicos,2025-07-15,Loja Nova Iguaçu,Nova Iguaçu,5,15101.82
Roteador,Redes,2025-08-02,Loja Centro,Rio de Janeiro,3,5255.37
Cadeira Gamer,Móveis,2024-01-28,Loja São Gonçalo,São Gonçalo,4,6458.14
Notebook,Eletrônicos,2025-05-15,Loja Centro,Rio de Janeiro,1,4602.38
Teclado,Acessórios,2025-01-28,Loja Petrópolis,Petrópolis,4,5097.2
HD Externo,Armazenamento,2025-01-21,Loja São Gonçalo,São Gonçalo,5,14655.18
Monitor,Eletrônicos,2024-10-27,Loja Niterói,Niterói,2,8811.56
Mesa Escritório,Móveis,2024-12-03,Loja Duque,Duque de Caxias,3,896.34
Mesa Escritório,Móveis,2023-08-08,Loja Duque,Duque de Caxias,1,3692.9
Teclado,Acessórios,2025-11-18,Loja Teresópolis,Teresópolis,1,2076.51
Smartwatch,Eletrônicos,2023-09-08,Loja Barra,Rio de Janeiro,2,1353.5
Mouse,Acessórios,2023-06-26,Loja Niterói,Niterói,3,10069.35
Teclado,Acessórios,2023-12-07,Loja Centro,Rio de Janeiro,5,22358.41
Cadeira Gamer,Móveis,2023-07-09,Loja Nova Iguaçu,Nova Iguaçu,3,8527.58
Mouse,Acessórios,2023-02-09,Loja Nova Iguaçu,Nova Iguaçu,2,9692.2
HD Externo,Armazenamento,2024-06-22,Loja Sul,Rio de Janeiro,3,2474.91
Mesa Escritório,Móveis,2025-05-17,Loja Barra,Rio de Janeiro,5,23817.1
Monitor,Eletrônicos,2023-10-09,Loja Norte,Rio de Janeiro,4,1488.99
Impressora,Periféricos,2025-06-27,Loja Duque,Duque de Caxias,2,5734.68
Smartphone,Eletrônicos,2024-02-16,Loja Duque,Duque de Caxias,1,834.23
HD Externo,Armazenamento,2025-08-06,Loja Norte,Rio de Janeiro,4,11759.63
Roteador,Redes,2025-04-04,Loja Teresópolis,Teresópolis,4,6160.04
Headset,Acessórios,2025-01-05,Loja Duque,Duque de Caxias,4,4173.51
Tablet,Eletrônicos,2024-09-14,Loja Nova Iguaçu,Nova Iguaçu,4,2515.33
Impressora,Periféricos,2023-10-08,Loja Nova Iguaçu,Nova Iguaçu,3,5509.01
Mouse,Acessórios,2023-04-29,Loja São Gonçalo,São Gonçalo,2,4649.57
Notebook,Eletrônicos,2023-03-27,Loja São Gonçalo,São Gonçalo,1,4761.17
Mouse,Acessórios,2024-12-27,Loja Duque,Duque de Caxias,5,16864.64
Impressora,Periféricos,2024-03-22,Loja São Gonçalo,São Gonçalo,4,11178.74
Pendrive,Armazenamento,2025-12-14,Loja Norte,Rio de Janeiro,1,114.81
Monitor,Eletrônicos,2024-11-12,Loja Sul,Rio de Janeiro,4,12729.05
Teclado,Acessórios,2025-01-28,Loja Niterói,Niterói,5,11495.08
Mouse,Acessórios,2025-06-11,Loja Niterói,Niterói,2,5630.51
Webcam,Periféricos,2024-05-07,Loja Niterói,Niterói,3,11085.46
Teclado,Acessórios,2025-05-13,Loja Sul,Rio de Janeiro,3,8554.28
Mesa Escritório,Móveis,2024-08-15,Loja Niterói,Niterói,1,2705.36
Smartwatch,Eletrônicos,2023-09-15,Loja São Gonçalo,São Gonçalo,1,4119.41
HD Externo,Armazenamento,2025-11-29,Loja Norte,Rio de Janeiro,2,3003.92
Mesa Escritório,Móveis,2025-05-04,Loja Norte,Rio de Janeiro,1,3557.6
Mouse,Acessórios,2024-10-01,Loja Duque,Duque de Caxias,1,1596.83
Impressora,Periféricos,2025-10-11,Loja Petrópolis,Petrópolis,1,3954.5
Smartwatch,Eletrônicos,2023-11-14,Loja Teresópolis,Teresópolis,2,2005.65
Impressora,Periféricos,2025-03-21,Loja Centro,Rio de Janeiro,1,4638.26
Pendrive,Armazenamento,2023-01-28,Loja São Gonçalo,São Gonçalo,2,5623.25
Webcam,Periféricos,2023-02-06,Loja Barra,Rio de Janeiro,3,12822.32
Notebook,Eletrônicos,2025-01-05,Loja Barra,Rio de Janeiro,3,4773.37
HD Externo,Armazenamento,2023-08-04,Loja Sul,Rio de Janeiro,3,5045.72
Smartwatch,Eletrônicos,2025-10-09,Loja Nova Iguaçu,Nova Iguaçu,2,3414.76
Webcam,Periféricos,2025-09-28,Loja Nova Iguaçu,Nova Iguaçu,2,8968.98
Mesa Escritório,Móveis,2025-10-13,Loja Centro,Rio de Janeiro,1,1241.47
Monitor,Eletrônicos,2023-08-07,Loja São Gonçalo,São Gonçalo,4,8641.48
Notebook,Eletrônicos,2025-05-18,Loja Centro,Rio de Janeiro,5,375.95
Notebook,Eletrônicos,2024-11-16,Loja Centro,Rio de Janeiro,5,15897.94
Smartwatch,Eletrônicos,2023-12-29,Loja São Gonçalo,São Gonçalo,2,3001.02
Roteador,Redes,2024-09-14,Loja Duque,Duque de Caxias,1,1123.63
HD Externo,Armazenamento,2025-12-18,Loja Duque,Duque de Caxias,2,8208.55
Roteador,Redes,2023-06-07,Loja Barra,Rio de Janeiro,2,9315.92
Pendrive,Armazenamento,2024-07-06,Loja Barra,Rio de Janeiro,4,12240.69
Mesa Escritório,Móveis,2025-12-04,Loja Barra,Rio de Janeiro,4,11926.53
Mesa Escritório,Móveis,2025-06-16,Loja Sul,Rio de Janeiro,4,7980.42
Teclado,Acessórios,2025-08-02,Loja Teresópolis,Teresópolis,5,18155.14
Impressora,Periféricos,2024-04-15,Loja Niterói,Niterói,4,9073.68
Headset,Acessórios,2024-04-26,Loja Nova Iguaçu,Nova Iguaçu,1,1005.51
Pendrive,Armazenamento,2024-10-13,Loja Duque,Duque de Caxias,4,11279.02
Tablet,Eletrônicos,2024-06-08,Loja Barra,Rio de Janeiro,4,5767.15
Pendrive,Armazenamento,2025-03-29,Loja Teresópolis,Teresópolis,2,4580.64
Impressora,Periféricos,2023-12-09,Loja Norte,Rio de Janeiro,1,831.39
Cadeira Gamer,Móveis,2023-06-14,Loja Centro,Rio de Janeiro,2,4370.47
Roteador,Redes,2024-03-19,Loja Duque,Duque de Caxias,1,1662.68
Mouse,Acessórios,2023-04-08,Loja Niterói,Niterói,5,21161.97
Smartphone,Eletrônicos,2025-12-11,Loja Nova Iguaçu,Nova Iguaçu,5,21151.12
Smartwatch,Eletrônicos,2024-05-15,Loja Duque,Duque de Caxias,5,14988.39
Teclado,Acessórios,2025-01-18,Loja Duque,Duque de Caxias,4,16750.02
Teclado,Acessórios,2024-11-07,Loja Norte,Rio de Janeiro,4,9419.02
Pendrive,Armazenamento,2024-08-23,Loja Norte,Rio de Janeiro,3,13980.03
Mesa Escritório,Móveis,2025-02-28,Loja Niterói,Niterói,1,2677.28
Cadeira Gamer,Móveis,2024-11-17,Loja Centro,Rio de Janeiro,2,7805.53
Smartphone,Eletrônicos,2025-12-01,Loja Norte,Rio de Janeiro,3,5254.37
Mesa Escritório,Móveis,2023-12-03,Loja Sul,Rio de Janeiro,4,9712.82
Headset,Acessórios,2024-12-03,Loja Petrópolis,Petrópolis,4,15426.65
Monitor,Eletrônicos,2024-10-14,Loja Duque,Duque de Caxias,5,15408.64
Smartphone,Eletrônicos,2025-07-16,Loja Sul,Rio de Janeiro,4,5688.64
Notebook,Eletrônicos,2023-08-30,Loja Petrópolis,Petrópolis,3,7618.5
Webcam,Periféricos,2023-11-01,Loja Niterói,Niterói,2,7146.19
Headset,Acessórios,2023-03-12,Loja Norte,Rio de Janeiro,2,3286.12
Monitor,Eletrônicos,2025-11-11,Loja Niterói,Niterói,5,18718.96
Pendrive,Armazenamento,2023-06-11,Loja Duque,Duque de Caxias,4,9958.79
Mesa Escritório,Móveis,2023-11-05,Loja Centro,Rio de Janeiro,4,3590.35
Impressora,Periféricos,2024-10-29,Loja Sul,Rio de Janeiro,2,1841.18
HD Externo,Armazenamento,2025-07-25,Loja Teresópolis,Teresópolis,5,23192.02
Monitor,Eletrônicos,2023-09-21,Loja Barra,Rio de Janeiro,4,12149.53
Notebook,Eletrônicos,2023-08-19,Loja Nova Iguaçu,Nova Iguaçu,1,1818.78
Mouse,Acessórios,2024-12-07,Loja Sul,Rio de Janeiro,1,4215.43
Mouse,Acessórios,2023-11-01,Loja Centro,Rio de Janeiro,1,1430.57
Cadeira Gamer,Móveis,2024-03-26,Loja Sul,Rio de Janeiro,5,18133.61
Monitor,Eletrônicos,2025-01-31,Loja São Gonçalo,São Gonçalo,5,1912.93
Cadeira Gamer,Móveis,2023-09-22,Loja Centro,Rio de Janeiro,4,1597.28
Monitor,Eletrônicos,2025-08-03,Loja Petrópolis,Petrópolis,3,1032.65
Pendrive,Armazenamento,2025-05-04,Loja Petrópolis,Petrópolis,3,14800.09
Webcam,Periféricos,2024-03-01,Loja Barra,Rio de Janeiro,1,3507.41
Roteador,Redes,2024-09-25,Loja Niterói,Niterói,5,7011.87
Impressora,Periféricos,2024-05-09,Loja São Gonçalo,São Gonçalo,3,2240.72
Monitor,Eletrônicos,2025-11-04,Loja Teresópolis,Teresópolis,5,24665.88
Mouse,Acessórios,2023-09-29,Loja Sul,Rio de Janeiro,4,19127.23
Cadeira Gamer,Móveis,2025-03-06,Loja Duque,Duque de Caxias,2,766.83
Webcam,Periféricos,2024-12-02,Loja Centro,Rio de Janeiro,5,8385.01
Headset,Acessórios,2025-09-18,Loja Norte,Rio de Janeiro,4,1602.94
Smartphone,Eletrônicos,2023-07-07,Loja Niterói,Niterói,3,11595.67
Smartwatch,Eletrônicos,2024-11-03,Loja Norte,Rio de Janeiro,2,6725.27
Mesa Escritório,Móveis,2024-05-29,Loja Teresópolis,Teresópolis,1,4429.74
Tablet,Eletrônicos,2024-07-09,Loja Nova Iguaçu,Nova Iguaçu,1,4532.21
Teclado,Acessórios,2025-02-23,Loja Sul,Rio de Janeiro,2,6558.5
Smartwatch,Eletrônicos,2025-08-28,Loja Centro,Rio de Janeiro,3,8835.55
Smartphone,Eletrônicos,2023-03-24,Loja Teresópolis,Teresópolis,4,16690.41
Tablet,Eletrônicos,2025-08-01,Loja Duque,Duque de Caxias,5,826.31
Pendrive,Armazenamento,2025-11-26,Loja Duque,Duque de Caxias,4,7492.27
Notebook,Eletrônicos,2024-12-26,Loja Centro,Rio de Janeiro,4,16209.08
Mesa Escritório,Móveis,2023-09-10,Loja Teresópolis,Teresópolis,1,2897.55
Cadeira Gamer,Móveis,2024-05-21,Loja São Gonçalo,São Gonçalo,4,2076.54
Pendrive,Armazenamento,2025-03-28,Loja Sul,Rio de Janeiro,3,4003.92
HD Externo,Armazenamento,2025-06-14,Loja Nova Iguaçu,Nova Iguaçu,3,2725.92
Cadeira Gamer,Móveis,2023-03-04,Loja Sul,Rio de Janeiro,3,563.07
Mesa Escritório,Móveis,2023-04-04,Loja Centro,Rio de Janeiro,3,7155.46
Smartphone,Eletrônicos,2023-10-25,Loja São Gonçalo,São Gonçalo,4,4626.04
Headset,Acessórios,2023-09-11,Loja Duque,Duque de Caxias,3,9514.72
Tablet,Eletrônicos,2023-07-28,Loja São Gonçalo,São Gonçalo,2,1108.81
Smartwatch,Eletrônicos,2023-12-16,Loja São Gonçalo,São Gonçalo,5,2942.27
Teclado,Acessórios,2023-07-03,Loja Nova Iguaçu,Nova Iguaçu,4,11339.32
Impressora,Periféricos,2025-05-24,Loja Duque,Duque de Caxias,3,11088.83
Webcam,Periféricos,2024-02-09,Loja São Gonçalo,São Gonçalo,3,12539.16
Impressora,Periféricos,2023-10-29,Loja Nova Iguaçu,Nova Iguaçu,5,1295.59
Roteador,Redes,2024-07-23,Loja Petrópolis,Petrópolis,3,3441.11
Smartphone,Eletrônicos,2023-10-26,Loja Petrópolis,Petrópolis,2,6801.97
Mesa Escritório,Móveis,2024-11-17,Loja Nova Iguaçu,Nova Iguaçu,5,5931.5
Smartphone,Eletrônicos,2023-04-14,Loja Barra,Rio de Janeiro,2,5340.58
Headset,Acessórios,2023-12-30,Loja Nova Iguaçu,Nova Iguaçu,2,4995.94
HD Externo,Armazenamento,2024-01-29,Loja São Gonçalo,São Gonçalo,2,8912.16
Impressora,Periféricos,2025-02-04,Loja Sul,Rio de Janeiro,1,2880.48
Headset,Acessórios,2024-06-19,Loja Niterói,Niterói,2,9477.33
Notebook,Eletrônicos,2024-10-22,Loja Teresópolis,Teresópolis,3,11092.99
Cadeira Gamer,Móveis,2025-01-24,Loja Centro,Rio de Janeiro,5,24724.04
Teclado,Acessórios,2024-12-04,Loja Norte,Rio de Janeiro,4,9470.42
Teclado,Acessórios,2025-03-22,Loja Niterói,Niterói,2,965.53
Impressora,Periféricos,2024-10-11,Loja Duque,Duque de Caxias,1,239.64
Smartwatch,Eletrônicos,2024-05-18,Loja Sul,Rio de Janeiro,4,4573.62
Tablet,Eletrônicos,2024-05-22,Loja Duque,Duque de Caxias,1,1316.29
Webcam,Periféricos,2024-05-04,Loja Teresópolis,Teresópolis,2,5545.21
Impressora,Periféricos,2024-09-25,Loja Duque,Duque de Caxias,5,16295.65
Webcam,Periféricos,2023-04-21,Loja Duque,Duque de Caxias,2,7845.67
Webcam,Periféricos,2025-11-18,Loja Centro,Rio de Janeiro,2,754.43
Pendrive,Armazenamento,2024-02-12,Loja São Gonçalo,São Gonçalo,4,1324.74
Pendrive,Armazenamento,2025-02-18,Loja Nova Iguaçu,Nova Iguaçu,1,2895.1
Teclado,Acessórios,2023-03-17,Loja Niterói,Niterói,2,4877.46
Impressora,Periféricos,2024-08-10,Loja Niterói,Niterói,2,545.85
Mouse,Acessórios,2023-02-09,Loja Centro,Rio de Janeiro,4,14700.32
Tablet,Eletrônicos,2024-10-28,Loja Centro,Rio de Janeiro,5,1174.97
Smartphone,Eletrônicos,2025-10-17,Loja Niterói,Niterói,1,2536.51
Tablet,Eletrônicos,2025-02-13,Loja Teresópolis,Teresópolis,2,3534.57
Headset,Acessórios,2025-01-05,Loja Teresópolis,Teresópolis,2,1121.09
Smartwatch,Eletrônicos,2023-09-12,Loja Niterói,Niterói,3,14374.4
Pendrive,Armazenamento,2024-09-12,Loja Teresópolis,Teresópolis,5,773.21
Teclado,Acessórios,2025-05-27,Loja Teresópolis,Teresópolis,2,219.72
Smartphone,Eletrônicos,2025-11-26,Loja Teresópolis,Teresópolis,3,1640.74
Headset,Acessórios,2025-06-30,Loja Petrópolis,Petrópolis,5,16540.15
Smartwatch,Eletrônicos,2025-09-22,Loja Petrópolis,Petrópolis,5,14862.11
Roteador,Redes,2023-11-26,Loja Petrópolis,Petrópolis,4,4803.26
Teclado,Acessórios,2024-02-20,Loja Duque,Duque de Caxias,1,1686.73
Smartphone,Eletrônicos,2025-06-19,Loja Teresópolis,Teresópolis,1,1461.14
Monitor,Eletrônicos,2023-03-24,Loja Sul,Rio de Janeiro,5,2103.03
Pendrive,Armazenamento,2023-09-16,Loja Teresópolis,Teresópolis,2,6022.11
Cadeira Gamer,Móveis,2025-08-04,Loja Petrópolis,Petrópolis,1,1788.7
Webcam,Periféricos,2023-02-21,Loja Norte,Rio de Janeiro,4,14731.18
Webcam,Periféricos,2024-03-11,Loja Norte,Rio de Janeiro,1,4921.48
Teclado,Acessórios,2023-11-16,Loja Nova Iguaçu,Nova Iguaçu,2,7546.9
Roteador,Redes,2024-06-24,Loja Centro,Rio de Janeiro,2,1466.0
Smartwatch,Eletrônicos,2023-07-02,Loja Niterói,Niterói,2,1111.8
Smartwatch,Eletrônicos,2025-05-11,Loja São Gonçalo,São Gonçalo,3,468.02
Headset,Acessórios,2025-02-09,Loja Nova Iguaçu,Nova Iguaçu,2,4202.68
Roteador,Redes,2023-11-17,Loja Duque,Duque de Caxias,1,2862.3
Monitor,Eletrônicos,2025-04-29,Loja Niterói,Niterói,4,16762.47
Webcam,Periféricos,2024-05-29,Loja Sul,Rio de Janeiro,5,10008.3
Teclado,Acessórios,2023-07-01,Loja Nova Iguaçu,Nova Iguaçu,2,6441.09
Roteador,Redes,2024-11-29,Loja São Gonçalo,São Gonçalo,3,3071.8
Smartphone,Eletrônicos,2023-09-11,Loja Petrópolis,Petrópolis,2,8635.28
Pendrive,Armazenamento,2024-03-04,Loja Teresópolis,Teresópolis,5,4086.58
Notebook,Eletrônicos,2023-12-08,Loja Niterói,Niterói,2,4887.2
Mesa Escritório,Móveis,2025-12-04,Loja Teresópolis,Teresópolis,3,8991.73
Notebook,Eletrônicos,2023-07-10,Loja Barra,Rio de Janeiro,4,8832.96
HD Externo,Armazenamento,2023-12-06,Loja Nova Iguaçu,Nova Iguaçu,5,23698.33
Smartphone,Eletrônicos,2023-02-20,Loja Duque,Duque de Caxias,1,914.95
Mouse,Acessórios,2023-02-05,Loja Petrópolis,Petrópolis,3,6757.48
Smartwatch,Eletrônicos,2025-08-09,Loja Petrópolis,Petrópolis,1,4330.2
Tablet,Eletrônicos,2023-10-05,Loja Sul,Rio de Janeiro,5,6360.04
Teclado,Acessórios,2023-12-13,Loja Sul,Rio de Janeiro,3,860.63
Notebook,Eletrônicos,2023-06-01,Loja Sul,Rio de Janeiro,4,1335.51
Webcam,Periféricos,2023-06-21,Loja Niterói,Niterói,5,24644.2
Smartwatch,Eletrônicos,2024-10-27,Loja Petrópolis,Petrópolis,2,5039.7
Smartwatch,Eletrônicos,2023-12-18,Loja Nova Iguaçu,Nova Iguaçu,2,5352.02
Monitor,Eletrônicos,2024-04-19,Loja Duque,Duque de Caxias,5,5183.73
Tablet,Eletrônicos,2024-03-18,Loja Niterói,Niterói,3,8581.1
Smartphone,Eletrônicos,2023-09-12,Loja Centro,Rio de Janeiro,2,4643.36
Mouse,Acessórios,2025-02-19,Loja Niterói,Niterói,3,9360.15
Notebook,Eletrônicos,2023-05-26,Loja Sul,Rio de Janeiro,1,308.57
Mouse,Acessórios,2023-01-08,Loja Nova Iguaçu,Nova Iguaçu,4,5405.94
Monitor,Eletrônicos,2023-01-02,Loja São Gonçalo,São Gonçalo,2,1395.98
Impressora,Periféricos,2025-04-13,Loja Sul,Rio de Janeiro,4,2264.21
Mesa Escritório,Móveis,2025-08-01,Loja Norte,Rio de Janeiro,3,483.59
Teclado,Acessórios,2024-05-24,Loja Niterói,Niterói,4,1463.64
Tablet,Eletrônicos,2023-01-21,Loja Niterói,Niterói,3,2324.45
Smartphone,Eletrônicos,2025-08-21,Loja Duque,Duque de Caxias,4,1347.89
Impressora,Periféricos,2025-04-17,Loja Petrópolis,Petrópolis,2,6641.74
Mouse,Acessórios,2024-10-05,Loja Sul,Rio de Janeiro,5,8098.93
Tablet,Eletrônicos,2025-08-23,Loja Niterói,Niterói,4,12558.12
Webcam,Periféricos,2023-03-29,Loja Niterói,Niterói,4,14103.41
Roteador,Redes,2025-09-12,Loja Petrópolis,Petrópolis,4,4635.98
Teclado,Acessórios,2025-12-11,Loja Centro,Rio de Janeiro,2,8931.93
Pendrive,Armazenamento,2025-11-27,Loja Nova Iguaçu,Nova Iguaçu,1,678.57
Impressora,Periféricos,2024-09-23,Loja Niterói,Niterói,2,5412.44
Webcam,Periféricos,2024-12-22,Loja São Gonçalo,São Gonçalo,5,24222.45
Monitor,Eletrônicos,2023-08-31,Loja Petrópolis,Petrópolis,1,2966.79
Mouse,Acessórios,2024-02-07,Loja São Gonçalo,São Gonçalo,2,7227.22
Smartwatch,Eletrônicos,2025-02-03,Loja Sul,Rio de Janeiro,2,304.15
HD Externo,Armazenamento,2024-10-01,Loja Nova Iguaçu,Nova Iguaçu,1,3482.2
Notebook,Eletrônicos,2024-04-20,Loja Sul,Rio de Janeiro,1,4264.81
Headset,Acessórios,2024-06-21,Loja Teresópolis,Teresópolis,2,5226.42
Notebook,Eletrônicos,2023-05-20,Loja Nova Iguaçu,Nova Iguaçu,5,13190.2
Tablet,Eletrônicos,2025-09-09,Loja Sul,Rio de Janeiro,1,70.33
HD Externo,Armazenamento,2024-02-10,Loja Norte,Rio de Janeiro,3,11378.43
Smartwatch,Eletrônicos,2025-11-09,Loja Sul,Rio de Janeiro,1,3053.77
Smartphone,Eletrônicos,2024-08-16,Loja Petrópolis,Petrópolis,4,610.35
Pendrive,Armazenamento,2023-04-22,Loja Nova Iguaçu,Nova Iguaçu,3,2976.39
Tablet,Eletrônicos,2024-07-15,Loja Duque,Duque de Caxias,2,7500.23
Impressora,Periféricos,2025-02-02,Loja Duque,Duque de Caxias,4,935.89
Webcam,Periféricos,2024-01-31,Loja Sul,Rio de Janeiro,1,1651.98
Tablet,Eletrônicos,2024-01-12,Loja Niterói,Niterói,4,9544.68
Impressora,Periféricos,2023-08-13,Loja Niterói,Niterói,3,7868.98
Notebook,Eletrônicos,2025-03-14,Loja Barra,Rio de Janeiro,3,5162.44
Notebook,Eletrônicos,2025-03-03,Loja Teresópolis,Teresópolis,4,1560.82
Tablet,Eletrônicos,2024-08-20,Loja Duque,Duque de Caxias,5,12479.35
Teclado,Acessórios,2023-11-06,Loja São Gonçalo,São Gonçalo,1,4153.63
Cadeira Gamer,Móveis,2025-02-12,Loja Norte,Rio de Janeiro,2,6277.23
Monitor,Eletrônicos,2025-04-02,Loja Nova Iguaçu,Nova Iguaçu,2,8722.4
Mesa Escritório,Móveis,2024-06-01,Loja Niterói,Niterói,4,3213.92
Notebook,Eletrônicos,2025-11-19,Loja Sul,Rio de Janeiro,2,9910.59
Headset,Acessórios,2024-01-09,Loja Teresópolis,Teresópolis,4,13561.53
Cadeira Gamer,Móveis,2024-06-19,Loja Sul,Rio de Janeiro,4,12021.77
Pendrive,Armazenamento,2024-09-02,Loja Sul,Rio de Janeiro,4,9895.32
Smartwatch,Eletrônicos,2025-06-22,Loja Duque,Duque de Caxias,3,13918.81
Notebook,Eletrônicos,2023-10-03,Loja Nova Iguaçu,Nova Iguaçu,5,21818.68
Impressora,Periféricos,2023-02-25,Loja Duque,Duque de Caxias,2,1035.67
Pendrive,Armazenamento,2025-05-01,Loja São Gonçalo,São Gonçalo,1,3354.38
Notebook,Eletrônicos,2024-12-25,Loja Niterói,Niterói,3,13572.86
Tablet,Eletrônicos,2025-11-13,Loja Sul,Rio de Janeiro,4,13357.44
Cadeira Gamer,Móveis,2024-09-12,Loja Duque,Duque de Caxias,5,7911.07
Monitor,Eletrônicos,2025-06-15,Loja Nova Iguaçu,Nova Iguaçu,2,4991.66
Teclado,Acessórios,2024-11-25,Loja São Gonçalo,São Gonçalo,2,1558.97
Mouse,Acessórios,2023-08-05,Loja Sul,Rio de Janeiro,2,6562.52
Webcam,Periféricos,2023-08-31,Loja Teresópolis,Teresópolis,2,5357.57
Mesa Escritório,Móveis,2024-07-15,Loja São Gonçalo,São Gonçalo,4,410.26
Notebook,Eletrônicos,2023-06-26,Loja Nova Iguaçu,Nova Iguaçu,4,4667.18
Notebook,Eletrônicos,2023-10-16,Loja Petrópolis,Petrópolis,3,9786.23
Pendrive,Armazenamento,2024-10-02,Loja Norte,Rio de Janeiro,5,21261.02
Pendrive,Armazenamento,2025-09-08,Loja Centro,Rio de Janeiro,5,5341.5
Headset,Acessórios,2023-05-12,Loja Centro,Rio de Janeiro,1,840.79
Mouse,Acessórios,2024-04-18,Loja Sul,Rio de Janeiro,3,581.08
Teclado,Acessórios,2023-07-13,Loja Petrópolis,Petrópolis,2,6103.74
Impressora,Periféricos,2024-03-05,Loja Niterói,Niterói,5,5617.62
Pendrive,Armazenamento,2024-04-29,Loja Teresópolis,Teresópolis,1,1782.88
Mouse,Acessórios,2024-08-03,Loja Niterói,Niterói,1,3741.05
Headset,Acessórios,2025-10-13,Loja São Gonçalo,São Gonçalo,4,19387.0
Notebook,Eletrônicos,2024-04-04,Loja Nova Iguaçu,Nova Iguaçu,5,10519.67
Cadeira Gamer,Móveis,2024-06-15,Loja Teresópolis,Teresópolis,2,3014.55
Roteador,Redes,2023-10-18,Loja Niterói,Niterói,5,12072.42
Teclado,Acessórios,2024-03-03,Loja Teresópolis,Teresópolis,2,2388.55
Webcam,Periféricos,2024-08-12,Loja Centro,Rio de Janeiro,3,14389.56
Teclado,Acessórios,2025-07-03,Loja Sul,Rio de Janeiro,5,12594.79
HD Externo,Armazenamento,2025-11-03,Loja Teresópolis,Teresópolis,4,1581.5
Pendrive,Armazenamento,2025-11-13,Loja Nova Iguaçu,Nova Iguaçu,1,1719.57
Mouse,Acessórios,2023-11-25,Loja São Gonçalo,São Gonçalo,3,1629.39
Cadeira Gamer,Móveis,2023-06-27,Loja Teresópolis,Teresópolis,5,20932.24
Mouse,Acessórios,2024-01-27,Loja Sul,Rio de Janeiro,5,4351.33
Mouse,Acessórios,2024-09-10,Loja Petrópolis,Petrópolis,2,5585.72
Webcam,Periféricos,2024-01-17,Loja São Gonçalo,São Gonçalo,2,5612.77
Notebook,Eletrônicos,2024-04-20,Loja Norte,Rio de Janeiro,1,2378.5
Tablet,Eletrônicos,2024-09-22,Loja Duque,Duque de Caxias,2,1830.35
Mouse,Acessórios,2023-09-10,Loja Teresópolis,Teresópolis,3,13519.74
Mesa Escritório,Móveis,2025-06-16,Loja Petrópolis,Petrópolis,1,1162.34
Webcam,Periféricos,2025-06-01,Loja Duque,Duque de Caxias,1,365.11
Roteador,Redes,2023-07-26,Loja São Gonçalo,São Gonçalo,4,18186.72
Mesa Escritório,Móveis,2023-09-24,Loja Centro,Rio de Janeiro,1,3440.59
Cadeira Gamer,Móveis,2023-08-14,Loja Duque,Duque de Caxias,3,13752.77
Smartphone,Eletrônicos,2023-10-04,Loja Sul,Rio de Janeiro,3,14973.79
HD Externo,Armazenamento,2023-01-05,Loja São Gonçalo,São Gonçalo,3,3904.19
Webcam,Periféricos,2025-08-29,Loja Duque,Duque de Caxias,5,12356.77
Roteador,Redes,2024-05-04,Loja Norte,Rio de Janeiro,5,6318.71
Monitor,Eletrônicos,2025-09-18,Loja Sul,Rio de Janeiro,3,9291.87
Tablet,Eletrônicos,2025-07-28,Loja Centro,Rio de Janeiro,4,16212.71
Impressora,Periféricos,2024-10-27,Loja Barra,Rio de Janeiro,5,12505.59
Teclado,Acessórios,2025-03-12,Loja Nova Iguaçu,Nova Iguaçu,5,10680.73
Mesa Escritório,Móveis,2024-10-01,Loja São Gonçalo,São Gonçalo,1,3939.33
Impressora,Periféricos,2025-02-26,Loja Nova Iguaçu,Nova Iguaçu,1,4647.35
Mesa Escritório,Móveis,2023-08-31,Loja Barra,Rio de Janeiro,1,831.19
Teclado,Acessórios,2023-01-16,Loja Sul,Rio de Janeiro,4,18079.96
Pendrive,Armazenamento,2025-04-07,Loja Barra,Rio de Janeiro,3,11028.58
Pendrive,Armazenamento,2025-02-16,Loja Sul,Rio de Janeiro,3,6916.78
Monitor,Eletrônicos,2024-09-10,Loja Centro,Rio de Janeiro,1,4819.98
Roteador,Redes,2023-10-21,Loja São Gonçalo,São Gonçalo,5,14425.2
Cadeira Gamer,Móveis,2023-06-16,Loja Duque,Duque de Caxias,5,1807.73
Smartwatch,Eletrônicos,2025-05-29,Loja Teresópolis,Teresópolis,3,7955.37
Cadeira Gamer,Móveis,2023-09-01,Loja Niterói,Niterói,5,10162.64
Notebook,Eletrônicos,2025-07-19,Loja Niterói,Niterói,2,8021.87
Notebook,Eletrônicos,2025-11-13,Loja São Gonçalo,São Gonçalo,2,5053.99
Notebook,Eletrônicos,2024-02-26,Loja São Gonçalo,São Gonçalo,5,14648.39
Mouse,Acessórios,2023-03-11,Loja Nova Iguaçu,Nova Iguaçu,5,22133.68
Tablet,Eletrônicos,2023-07-31,Loja Duque,Duque de Caxias,5,1120.93
Smartphone,Eletrônicos,2023-08-17,Loja Duque,Duque de Caxias,5,20359.85
Webcam,Periféricos,2024-04-04,Loja Teresópolis,Teresópolis,2,6500.4
Smartwatch,Eletrônicos,2025-07-19,Loja Barra,Rio de Janeiro,2,2386.22
HD Externo,Armazenamento,2023-03-20,Loja Barra,Rio de Janeiro,2,352.22
Pendrive,Armazenamento,2024-04-16,Loja Sul,Rio de Janeiro,3,4167.23
Roteador,Redes,2023-04-09,Loja Petrópolis,Petrópolis,2,4212.36
HD Externo,Armazenamento,2023-05-10,Loja Barra,Rio de Janeiro,2,5622.35
Monitor,Eletrônicos,2023-06-03,Loja Petrópolis,Petrópolis,4,8556.52
Headset,Acessórios,2023-11-06,Loja Nova Iguaçu,Nova Iguaçu,2,8906.26
Smartphone,Eletrônicos,2025-10-24,Loja Niterói,Niterói,3,4249.08
Teclado,Acessórios,2025-01-06,Loja Nova Iguaçu,Nova Iguaçu,5,3532.91
Tablet,Eletrônicos,2025-10-14,Loja São Gonçalo,São Gonçalo,3,9147.24
Impressora,Periféricos,2023-05-18,Loja Sul,Rio de Janeiro,5,7331.66
Smartwatch,Eletrônicos,2025-03-02,Loja Centro,Rio de Janeiro,1,1031.9
Mouse,Acessórios,2024-11-27,Loja Centro,Rio de Janeiro,5,14397.18
Monitor,Eletrônicos,2023-07-25,Loja Duque,Duque de Caxias,5,9910.14
Smartwatch,Eletrônicos,2025-05-26,Loja Sul,Rio de Janeiro,3,12914.99
Pendrive,Armazenamento,2023-12-03,Loja Niterói,Niterói,2,782.91
Cadeira Gamer,Móveis,2025-11-19,Loja Centro,Rio de Janeiro,3,9255.26
Smartwatch,Eletrônicos,2023-04-19,Loja Niterói,Niterói,4,12710.23
Tablet,Eletrônicos,2025-06-27,Loja Norte,Rio de Janeiro,1,4712.97
Notebook,Eletrônicos,2023-05-24,Loja Nova Iguaçu,Nova Iguaçu,3,1539.78
Mesa Escritório,Móveis,2024-09-24,Loja Norte,Rio de Janeiro,3,4831.26
Teclado,Acessórios,2023-09-01,Loja Barra,Rio de Janeiro,4,11671.21
Roteador,Redes,2023-06-13,Loja São Gonçalo,São Gonçalo,3,12878.16
Roteador,Redes,2023-11-07,Loja Duque,Duque de Caxias,1,4911.63
Pendrive,Armazenamento,2023-05-10,Loja Barra,Rio de Janeiro,2,9102.69
Impressora,Periféricos,2025-11-14,Loja São Gonçalo,São Gonçalo,4,16617.48
Cadeira Gamer,Móveis,2023-10-07,Loja Teresópolis,Teresópolis,1,2789.83
Monitor,Eletrônicos,2024-01-15,Loja Teresópolis,Teresópolis,4,18528.23
Pendrive,Armazenamento,2024-11-15,Loja Norte,Rio de Janeiro,4,15295.47
Impressora,Periféricos,2025-05-21,Loja Norte,Rio de Janeiro,3,2551.8
Webcam,Periféricos,2023-12-10,Loja Petrópolis,Petrópolis,1,2059.39
Impressora,Periféricos,2025-06-11,Loja Barra,Rio de Janeiro,5,16148.65
Webcam,Periféricos,2025-01-17,Loja Niterói,Niterói,4,6958.53
Tablet,Eletrônicos,2023-05-18,Loja Norte,Rio de Janeiro,4,10801.24
Impressora,Periféricos,2023-03-28,Loja Duque,Duque de Caxias,2,7830.75
Pendrive,Armazenamento,2025-10-10,Loja Norte,Rio de Janeiro,2,1389.81
Webcam,Periféricos,2024-08-17,Loja Petrópolis,Petrópolis,1,4871.7
Mesa Escritório,Móveis,2024-12-19,Loja Sul,Rio de Janeiro,3,7643.84
Tablet,Eletrônicos,2024-11-05,Loja Teresópolis,Teresópolis,3,1804.77
Teclado,Acessórios,2024-04-04,Loja Centro,Rio de Janeiro,2,3442.38
Cadeira Gamer,Móveis,2024-09-19,Loja Teresópolis,Teresópolis,4,3262.77
Mesa Escritório,Móveis,2025-10-07,Loja Duque,Duque de Caxias,2,5662.84
Tablet,Eletrônicos,2023-11-01,Loja São Gonçalo,São Gonçalo,3,8919.06
Smartwatch,Eletrônicos,2024-02-15,Loja Niterói,Niterói,4,18911.92
Cadeira Gamer,Móveis,2024-06-06,Loja Nova Iguaçu,Nova Iguaçu,3,7597.72
HD Externo,Armazenamento,2023-08-22,Loja Nova Iguaçu,Nova Iguaçu,5,1773.87
HD Externo,Armazenamento,2024-11-19,Loja Petrópolis,Petrópolis,2,9169.58
Roteador,Redes,2023-05-29,Loja Norte,Rio de Janeiro,5,7664.16
Roteador,Redes,2024-11-12,Loja Nova Iguaçu,Nova Iguaçu,4,4702.29
Cadeira Gamer,Móveis,2024-08-11,Loja Petrópolis,Petrópolis,3,12574.22
Pendrive,Armazenamento,2024-09-23,Loja Niterói,Niterói,2,3042.74
Teclado,Acessórios,2023-09-08,Loja Petrópolis,Petrópolis,5,20456.28
Cadeira Gamer,Móveis,2025-01-22,Loja Nova Iguaçu,Nova Iguaçu,4,19875.03
Teclado,Acessórios,2025-09-01,Loja Petrópolis,Petrópolis,5,18801.96
Impressora,Periféricos,2025-09-01,Loja São Gonçalo,São Gonçalo,1,3409.04
Mesa Escritório,Móveis,2024-09-09,Loja São Gonçalo,São Gonçalo,4,4613.55
Roteador,Redes,2023-06-14,Loja Centro,Rio de Janeiro,1,4800.58
Mouse,Acessórios,2023-04-29,Loja São Gonçalo,São Gonçalo,3,8783.7
Monitor,Eletrônicos,2023-12-01,Loja Duque,Duque de Caxias,2,9054.65
Impressora,Periféricos,2023-01-03,Loja Duque,Duque de Caxias,5,3201.4
Headset,Acessórios,2025-04-06,Loja Barra,Rio de Janeiro,1,4601.43
Pendrive,Armazenamento,2025-11-16,Loja Nova Iguaçu,Nova Iguaçu,4,5243.84
Notebook,Eletrônicos,2023-07-29,Loja Nova Iguaçu,Nova Iguaçu,3,10216.23
Smartphone,Eletrônicos,2023-02-06,Loja Nova Iguaçu,Nova Iguaçu,3,14960.22
HD Externo,Armazenamento,2025-07-07,Loja Niterói,Niterói,4,4243.47
Teclado,Acessórios,2025-12-17,Loja Petrópolis,Petrópolis,3,6381.84
Notebook,Eletrônicos,2024-04-19,Loja Nova Iguaçu,Nova Iguaçu,4,8251.71
Notebook,Eletrônicos,2023-08-25,Loja Sul,Rio de Janeiro,3,7402.07
Webcam,Periféricos,2025-10-10,Loja Barra,Rio de Janeiro,1,4281.84
Webcam,Periféricos,2024-02-20,Loja Centro,Rio de Janeiro,4,14722.57
Smartphone,Eletrônicos,2024-11-07,Loja Sul,Rio de Janeiro,5,23883.24
Webcam,Periféricos,2024-03-25,Loja Norte,Rio de Janeiro,1,2019.43
Smartwatch,Eletrônicos,2024-02-25,Loja Niterói,Niterói,4,1088.37
Monitor,Eletrônicos,2023-07-04,Loja Petrópolis,Petrópolis,1,1556.51
Roteador,Redes,2025-05-01,Loja Nova Iguaçu,Nova Iguaçu,2,518.07
Impressora,Periféricos,2023-06-23,Loja Nova Iguaçu,Nova Iguaçu,1,818.93
Headset,Acessórios,2023-06-23,Loja Niterói,Niterói,3,2768.56
Cadeira Gamer,Móveis,2023-07-18,Loja Niterói,Niterói,2,4201.83
Smartwatch,Eletrônicos,2024-09-19,Loja Teresópolis,Teresópolis,5,9359.75
Cadeira Gamer,Móveis,2023-09-11,Loja Niterói,Niterói,4,4497.94
Roteador,Redes,2025-06-11,Loja Duque,Duque de Caxias,4,10798.32
Roteador,Redes,2024-08-28,Loja Nova Iguaçu,Nova Iguaçu,1,4098.83
Webcam,Periféricos,2024-12-29,Loja Norte,Rio de Janeiro,4,16853.76
HD Externo,Armazenamento,2023-07-09,Loja São Gonçalo,São Gonçalo,2,6452.78
Smartphone,Eletrônicos,2024-11-17,Loja Petrópolis,Petrópolis,1,3030.65
Mouse,Acessórios,2025-12-26,Loja Sul,Rio de Janeiro,1,4354.05
Headset,Acessórios,2025-04-29,Loja Barra,Rio de Janeiro,3,10864.7
Smartwatch,Eletrônicos,2025-02-19,Loja Norte,Rio de Janeiro,2,3338.55
Roteador,Redes,2025-11-22,Loja Barra,Rio de Janeiro,1,2489.71
Notebook,Eletrônicos,2023-05-24,Loja São Gonçalo,São Gonçalo,5,8115.58
Headset,Acessórios,2024-12-29,Loja Norte,Rio de Janeiro,1,3098.56
Smartwatch,Eletrônicos,2024-03-09,Loja Norte,Rio de Janeiro,1,3240.32
Mesa Escritório,Móveis,2025-03-19,Loja Petrópolis,Petrópolis,1,4761.54
Webcam,Periféricos,2024-01-30,Loja Petrópolis,Petrópolis,4,15702.37
Monitor,Eletrônicos,2023-01-19,Loja Nova Iguaçu,Nova Iguaçu,5,1017.96
Teclado,Acessórios,2023-12-08,Loja Sul,Rio de Janeiro,1,2545.3
Cadeira Gamer,Móveis,2023-12-08,Loja Sul,Rio de Janeiro,4,19089.88
Monitor,Eletrônicos,2024-08-18,Loja Norte,Rio de Janeiro,5,16523.75
Cadeira Gamer,Móveis,2023-11-09,Loja Centro,Rio de Janeiro,2,7170.32
Teclado,Acessórios,2024-08-16,Loja São Gonçalo,São Gonçalo,1,2994.85
Webcam,Periféricos,2023-08-24,Loja São Gonçalo,São Gonçalo,5,15843.7
HD Externo,Armazenamento,2024-05-08,Loja Duque,Duque de Caxias,2,6826.2
Pendrive,Armazenamento,2023-12-11,Loja São Gonçalo,São Gonçalo,3,6842.1
Monitor,Eletrônicos,2025-10-13,Loja Norte,Rio de Janeiro,3,10378.73
Mesa Escritório,Móveis,2023-01-17,Loja Centro,Rio de Janeiro,2,4721.8
Tablet,Eletrônicos,2024-03-21,Loja Sul,Rio de Janeiro,2,3751.7
Headset,Acessórios,2025-09-09,Loja Barra,Rio de Janeiro,2,5897.14
Roteador,Redes,2023-11-03,Loja Teresópolis,Teresópolis,1,3184.84
Pendrive,Armazenamento,2025-07-09,Loja Sul,Rio de Janeiro,4,2632.32
HD Externo,Armazenamento,2025-02-23,Loja São Gonçalo,São Gonçalo,2,2678.79
Pendrive,Armazenamento,2024-01-16,Loja Sul,Rio de Janeiro,2,3152.56
Monitor,Eletrônicos,2024-12-05,Loja Centro,Rio de Janeiro,1,4028.48
Smartwatch,Eletrônicos,2023-12-03,Loja Centro,Rio de Janeiro,2,7900.1
Notebook,Eletrônicos,2024-06-22,Loja Duque,Duque de Caxias,4,2546.94
Teclado,Acessórios,2025-10-18,Loja Barra,Rio de Janeiro,4,7100.31
Mesa Escritório,Móveis,2023-12-12,Loja Nova Iguaçu,Nova Iguaçu,3,14704.6
Impressora,Periféricos,2025-03-24,Loja Duque,Duque de Caxias,4,17600.84
Notebook,Eletrônicos,2024-01-13,Loja Norte,Rio de Janeiro,2,4977.28
Mesa Escritório,Móveis,2025-03-30,Loja Nova Iguaçu,Nova Iguaçu,1,3925.18
Pendrive,Armazenamento,2024-03-21,Loja Duque,Duque de Caxias,2,5894.58
HD Externo,Armazenamento,2024-11-16,Loja Centro,Rio de Janeiro,3,8810.98
Cadeira Gamer,Móveis,2024-06-16,Loja Petrópolis,Petrópolis,5,7175.3
Notebook,Eletrônicos,2023-05-22,Loja Norte,Rio de Janeiro,3,11425.15
Smartwatch,Eletrônicos,2024-12-09,Loja Duque,Duque de Caxias,2,3829.95
Notebook,Eletrônicos,2025-08-31,Loja Petrópolis,Petrópolis,3,2017.91
Smartwatch,Eletrônicos,2023-04-14,Loja Niterói,Niterói,4,5273.68
Smartwatch,Eletrônicos,2024-03-15,Loja Petrópolis,Petrópolis,1,2583.46
Mouse,Acessórios,2023-08-17,Loja São Gonçalo,São Gonçalo,2,939.48
Mesa Escritório,Móveis,2023-12-07,Loja Sul,Rio de Janeiro,2,7388.76
Mesa Escritório,Móveis,2024-06-27,Loja Nova Iguaçu,Nova Iguaçu,5,23072.53
Cadeira Gamer,Móveis,2023-12-22,Loja Centro,Rio de Janeiro,5,1654.01
Smartwatch,Eletrônicos,2024-01-08,Loja Niterói,Niterói,4,9194.81
Webcam,Periféricos,2024-06-19,Loja Duque,Duque de Caxias,4,2453.92
Mesa Escritório,Móveis,2025-09-17,Loja Barra,Rio de Janeiro,4,6373.33
Pendrive,Armazenamento,2024-08-29,Loja Nova Iguaçu,Nova Iguaçu,4,6707.76
Pendrive,Armazenamento,2024-02-09,Loja Teresópolis,Teresópolis,3,4234.09
Pendrive,Armazenamento,2023-01-15,Loja São Gonçalo,São Gonçalo,2,1559.04
HD Externo,Armazenamento,2025-06-18,Loja Nova Iguaçu,Nova Iguaçu,2,8027.24
Mesa Escritório,Móveis,2024-05-28,Loja Sul,Rio de Janeiro,4,3642.18
Pendrive,Armazenamento,2024-02-17,Loja Sul,Rio de Janeiro,5,19158.46
Cadeira Gamer,Móveis,2023-05-12,Loja Nova Iguaçu,Nova Iguaçu,2,9757.69
Headset,Acessórios,2024-09-29,Loja São Gonçalo,São Gonçalo,5,23277.7
Headset,Acessórios,2024-02-23,Loja Sul,Rio de Janeiro,3,10991.81
Roteador,Redes,2024-11-06,Loja Niterói,Niterói,2,9142.82
Headset,Acessórios,2024-09-14,Loja Norte,Rio de Janeiro,4,2837.4
Mouse,Acessórios,2023-09-22,Loja Teresópolis,Teresópolis,3,5927.1
Smartwatch,Eletrônicos,2025-04-15,Loja Centro,Rio de Janeiro,5,10780.42
Roteador,Redes,2025-10-31,Loja Centro,Rio de Janeiro,2,3049.86
Impressora,Periféricos,2024-06-20,Loja Niterói,Niterói,2,9309.21
Mesa Escritório,Móveis,2024-02-08,Loja Petrópolis,Petrópolis,4,18388.84
Roteador,Redes,2025-03-15,Loja Niterói,Niterói,1,1244.34
Notebook,Eletrônicos,2025-10-11,Loja Barra,Rio de Janeiro,5,3831.83
Roteador,Redes,2024-01-17,Loja Nova Iguaçu,Nova Iguaçu,2,9247.89
HD Externo,Armazenamento,2025-01-12,Loja Petrópolis,Petrópolis,3,2294.39
Mouse,Acessórios,2024-04-01,Loja Petrópolis,Petrópolis,5,7560.05
Impressora,Periféricos,2025-09-10,Loja Duque,Duque de Caxias,2,9142.36
Tablet,Eletrônicos,2025-12-07,Loja Norte,Rio de Janeiro,4,10481.34
Notebook,Eletrônicos,2023-02-14,Loja São Gonçalo,São Gonçalo,3,13325.09
Impressora,Periféricos,2023-03-27,Loja Nova Iguaçu,Nova Iguaçu,1,655.77
Mesa Escritório,Móveis,2024-09-29,Loja Barra,Rio de Janeiro,5,20048.67
Impressora,Periféricos,2023-05-31,Loja Barra,Rio de Janeiro,4,8971.46
Pendrive,Armazenamento,2023-03-13,Loja Duque,Duque de Caxias,4,12026.54
Mesa Escritório,Móveis,2024-09-29,Loja Niterói,Niterói,1,2242.38
Smartphone,Eletrônicos,2023-05-19,Loja Sul,Rio de Janeiro,5,6534.07
HD Externo,Armazenamento,2024-02-11,Loja Sul,Rio de Janeiro,4,16825.46
Pendrive,Armazenamento,2024-08-15,Loja Niterói,Niterói,2,9288.94
Notebook,Eletrônicos,2025-07-23,Loja Centro,Rio de Janeiro,4,19014.12
Pendrive,Armazenamento,2024-06-29,Loja Barra,Rio de Janeiro,2,2114.73
HD Externo,Armazenamento,2023-11-19,Loja Teresópolis,Teresópolis,1,609.58
Webcam,Periféricos,2023-07-22,Loja São Gonçalo,São Gonçalo,5,11264.77
Mesa Escritório,Móveis,2024-11-04,Loja Nova Iguaçu,Nova Iguaçu,3,9081.39
Cadeira Gamer,Móveis,2023-09-04,Loja Nova Iguaçu,Nova Iguaçu,1,792.57
Webcam,Periféricos,2025-09-11,Loja Petrópolis,Petrópolis,1,849.37
Impressora,Periféricos,2024-06-11,Loja Centro,Rio de Janeiro,5,11688.42
Roteador,Redes,2025-06-29,Loja Sul,Rio de Janeiro,2,7229.85
Teclado,Acessórios,2023-04-13,Loja Sul,Rio de Janeiro,4,16114.62
Impressora,Periféricos,2023-01-07,Loja Nova Iguaçu,Nova Iguaçu,4,2024.64
Smartwatch,Eletrônicos,2023-02-11,Loja Petrópolis,Petrópolis,2,7010.39
Impressora,Periféricos,2023-09-29,Loja Petrópolis,Petrópolis,1,3833.67
Monitor,Eletrônicos,2024-12-17,Loja Niterói,Niterói,1,1196.22
Teclado,Acessórios,2023-06-09,Loja Barra,Rio de Janeiro,5,655.98
Teclado,Acessórios,2025-09-01,Loja Duque,Duque de Caxias,4,602.56
Roteador,Redes,2023-09-05,Loja Duque,Duque de Caxias,1,1288.49
HD Externo,Armazenamento,2025-08-04,Loja Barra,Rio de Janeiro,5,24419.2
Roteador,Redes,2024-10-04,Loja Nova Iguaçu,Nova Iguaçu,5,6899.31
Roteador,Redes,2025-04-18,Loja Duque,Duque de Caxias,3,4489.04
Cadeira Gamer,Móveis,2024-03-11,Loja Teresópolis,Teresópolis,1,2944.0
Monitor,Eletrônicos,2025-06-17,Loja Niterói,Niterói,1,4541.25
Monitor,Eletrônicos,2024-07-10,Loja Niterói,Niterói,3,2653.09
Teclado,Acessórios,2024-07-08,Loja Petrópolis,Petrópolis,4,6357.87
Pendrive,Armazenamento,2024-08-11,Loja Barra,Rio de Janeiro,4,11245.3
Roteador,Redes,2024-05-15,Loja Teresópolis,Teresópolis,1,1488.84
Cadeira Gamer,Móveis,2024-07-06,Loja Barra,Rio de Janeiro,2,3833.88
Cadeira Gamer,Móveis,2025-01-12,Loja Centro,Rio de Janeiro,2,7191.22
Cadeira Gamer,Móveis,2025-02-05,Loja Centro,Rio de Janeiro,3,10415.91
Cadeira Gamer,Móveis,2024-12-24,Loja Centro,Rio de Janeiro,2,2407.07
HD Externo,Armazenamento,2025-09-17,Loja Barra,Rio de Janeiro,2,2185.84
Mouse,Acessórios,2023-05-28,Loja Niterói,Niterói,3,9728.32
Headset,Acessórios,2024-03-03,Loja Sul,Rio de Janeiro,1,1269.21
Webcam,Periféricos,2024-07-03,Loja São Gonçalo,São Gonçalo,3,12033.65
Webcam,Periféricos,2024-04-21,Loja Duque,Duque de Caxias,1,4921.06
Roteador,Redes,2023-03-14,Loja Barra,Rio de Janeiro,4,9872.66
Tablet,Eletrônicos,2023-05-19,Loja Petrópolis,Petrópolis,3,9284.47
Mouse,Acessórios,2024-11-26,Loja Centro,Rio de Janeiro,3,11356.34
Tablet,Eletrônicos,2025-10-09,Loja Norte,Rio de Janeiro,3,9247.1
Mouse,Acessórios,2023-10-05,Loja Centro,Rio de Janeiro,5,21745.48
Pendrive,Armazenamento,2023-10-27,Loja São Gonçalo,São Gonçalo,3,6981.91
Mesa Escritório,Móveis,2023-03-18,Loja Petrópolis,Petrópolis,3,11741.18
HD Externo,Armazenamento,2025-07-24,Loja Duque,Duque de Caxias,3,11145.01
Smartwatch,Eletrônicos,2023-10-22,Loja Nova Iguaçu,Nova Iguaçu,2,7205.92
Roteador,Redes,2025-10-27,Loja Barra,Rio de Janeiro,3,900.87
Impressora,Periféricos,2023-08-09,Loja Barra,Rio de Janeiro,4,15934.31
HD Externo,Armazenamento,2025-10-20,Loja Norte,Rio de Janeiro,1,2279.75
Webcam,Periféricos,2024-10-07,Loja Centro,Rio de Janeiro,5,21675.43
Mouse,Acessórios,2024-01-09,Loja Sul,Rio de Janeiro,1,3729.77
Cadeira Gamer,Móveis,2024-08-25,Loja Petrópolis,Petrópolis,4,3463.21
Tablet,Eletrônicos,2024-10-17,Loja Duque,Duque de Caxias,4,3835.1
Mouse,Acessórios,2025-07-07,Loja Teresópolis,Teresópolis,4,458.77
Headset,Acessórios,2025-12-28,Loja Sul,Rio de Janeiro,1,3280.32
Monitor,Eletrônicos,2023-11-13,Loja São Gonçalo,São Gonçalo,1,1577.51
Roteador,Redes,2023-03-16,Loja Nova Iguaçu,Nova Iguaçu,5,16360.6
Teclado,Acessórios,2025-10-27,Loja Centro,Rio de Janeiro,1,3163.91
Cadeira Gamer,Móveis,2023-11-12,Loja São Gonçalo,São Gonçalo,3,9672.77
HD Externo,Armazenamento,2024-01-14,Loja Teresópolis,Teresópolis,1,427.03
Smartwatch,Eletrônicos,2025-04-06,Loja Norte,Rio de Janeiro,5,9427.33
Monitor,Eletrônicos,2025-09-03,Loja Centro,Rio de Janeiro,2,8498.34
Monitor,Eletrônicos,2024-12-02,Loja Barra,Rio de Janeiro,4,9399.79
Impressora,Periféricos,2023-09-06,Loja São Gonçalo,São Gonçalo,5,24843.19
Teclado,Acessórios,2025-07-07,Loja Petrópolis,Petrópolis,1,1460.61
Pendrive,Armazenamento,2025-08-17,Loja Duque,Duque de Caxias,3,1017.6
Impressora,Periféricos,2023-11-23,Loja Centro,Rio de Janeiro,3,4281.6
Impressora,Periféricos,2025-01-11,Loja Petrópolis,Petrópolis,2,7455.8
Pendrive,Armazenamento,2025-06-04,Loja São Gonçalo,São Gonçalo,2,6642.24
Smartwatch,Eletrônicos,2025-06-27,Loja Petrópolis,Petrópolis,2,6050.41
Mouse,Acessórios,2023-02-10,Loja São Gonçalo,São Gonçalo,1,3385.85
Monitor,Eletrônicos,2025-07-07,Loja Teresópolis,Teresópolis,5,13025.45
Notebook,Eletrônicos,2023-03-26,Loja Centro,Rio de Janeiro,3,10554.67
Smartphone,Eletrônicos,2023-12-28,Loja Barra,Rio de Janeiro,3,13628.24
Teclado,Acessórios,2024-08-14,Loja Nova Iguaçu,Nova Iguaçu,5,12112.14
Headset,Acessórios,2025-02-01,Loja Sul,Rio de Janeiro,4,7395.0
Pendrive,Armazenamento,2024-11-12,Loja Barra,Rio de Janeiro,1,1960.51
Cadeira Gamer,Móveis,2025-05-19,Loja Barra,Rio de Janeiro,3,10236.33
Webcam,Periféricos,2024-07-05,Loja Sul,Rio de Janeiro,3,4220.94
Smartwatch,Eletrônicos,2023-08-27,Loja Barra,Rio de Janeiro,2,6192.67
Cadeira Gamer,Móveis,2024-03-13,Loja Petrópolis,Petrópolis,1,1098.49
HD Externo,Armazenamento,2023-08-05,Loja Duque,Duque de Caxias,1,1631.12
Smartphone,Eletrônicos,2024-02-26,Loja Duque,Duque de Caxias,4,13389.23
Smartphone,Eletrônicos,2023-08-14,Loja Barra,Rio de Janeiro,4,16197.83
Smartphone,Eletrônicos,2023-04-16,Loja Sul,Rio de Janeiro,4,2616.56
Teclado,Acessórios,2024-06-15,Loja Duque,Duque de Caxias,3,13954.51
Tablet,Eletrônicos,2023-01-18,Loja Nova Iguaçu,Nova Iguaçu,5,17108.8
Teclado,Acessórios,2025-10-10,Loja Sul,Rio de Janeiro,1,3228.56
Teclado,Acessórios,2023-09-14,Loja Norte,Rio de Janeiro,3,3780.28
Mouse,Acessórios,2023-11-30,Loja Norte,Rio de Janeiro,5,24612.76
Pendrive,Armazenamento,2023-03-29,Loja Sul,Rio de Janeiro,5,5066.68
Smartphone,Eletrônicos,2023-03-16,Loja Petrópolis,Petrópolis,1,745.91
Mesa Escritório,Móveis,2023-11-28,Loja São Gonçalo,São Gonçalo,5,10861.1
Headset,Acessórios,2023-08-09,Loja São Gonçalo,São Gonçalo,3,2494.7
Headset,Acessórios,2024-08-03,Loja Nova Iguaçu,Nova Iguaçu,1,575.03
Mesa Escritório,Móveis,2024-03-13,Loja Teresópolis,Teresópolis,1,4021.22
Smartwatch,Eletrônicos,2025-09-14,Loja São Gonçalo,São Gonçalo,1,3776.76
Tablet,Eletrônicos,2024-10-20,Loja Centro,Rio de Janeiro,4,12693.58
Monitor,Eletrônicos,2023-07-14,Loja Niterói,Niterói,2,4796.0
Smartphone,Eletrônicos,2023-04-10,Loja Teresópolis,Teresópolis,4,828.55
Webcam,Periféricos,2024-01-30,Loja Barra,Rio de Janeiro,3,13786.26
Smartwatch,Eletrônicos,2024-10-31,Loja Norte,Rio de Janeiro,2,7557.12
Mesa Escritório,Móveis,2025-09-22,Loja Duque,Duque de Caxias,3,12676.95
Cadeira Gamer,Móveis,2024-02-13,Loja Niterói,Niterói,2,5601.83
Cadeira Gamer,Móveis,2025-12-26,Loja Teresópolis,Teresópolis,5,24533.87
Mesa Escritório,Móveis,2024-08-15,Loja São Gonçalo,São Gonçalo,3,10794.56
Webcam,Periféricos,2023-09-18,Loja Norte,Rio de Janeiro,5,21979.74
Cadeira Gamer,Móveis,2025-12-27,Loja Niterói,Niterói,1,223.57
Tablet,Eletrônicos,2023-01-29,Loja Norte,Rio de Janeiro,3,6838.01
Smartwatch,Eletrônicos,2023-02-14,Loja Teresópolis,Teresópolis,5,7341.97
Webcam,Periféricos,2025-02-03,Loja São Gonçalo,São Gonçalo,5,1629.45
Webcam,Periféricos,2025-12-28,Loja São Gonçalo,São Gonçalo,5,7437.77
Roteador,Redes,2025-01-12,Loja Sul,Rio de Janeiro,1,4205.93
Roteador,Redes,2023-08-31,Loja Norte,Rio de Janeiro,1,4482.98
Teclado,Acessórios,2024-02-12,Loja Duque,Duque de Caxias,5,19159.84
HD Externo,Armazenamento,2024-10-03,Loja Sul,Rio de Janeiro,4,14478.25
Tablet,Eletrônicos,2024-01-05,Loja Niterói,Niterói,3,5500.03
Smartphone,Eletrônicos,2024-10-19,Loja Duque,Duque de Caxias,1,345.77
Roteador,Redes,2025-12-13,Loja Teresópolis,Teresópolis,2,9123.96
Smartphone,Eletrônicos,2024-02-12,Loja São Gonçalo,São Gonçalo,2,9786.56
Smartphone,Eletrônicos,2023-09-29,Loja Sul,Rio de Janeiro,5,14656.06
Webcam,Periféricos,2025-05-27,Loja Teresópolis,Teresópolis,2,1431.98
Mesa Escritório,Móveis,2023-04-05,Loja Petrópolis,Petrópolis,1,2537.78
Cadeira Gamer,Móveis,2023-11-13,Loja Niterói,Niterói,2,1981.97
Monitor,Eletrônicos,2023-11-13,Loja Niterói,Niterói,1,1262.66
HD Externo,Armazenamento,2025-03-23,Loja Nova Iguaçu,Nova Iguaçu,5,12560.35
Pendrive,Armazenamento,2025-12-23,Loja Nova Iguaçu,Nova Iguaçu,3,13952.95
Tablet,Eletrônicos,2023-06-24,Loja São Gonçalo,São Gonçalo,1,1232.05
Smartphone,Eletrônicos,2024-11-02,Loja Niterói,Niterói,4,2244.8
Smartphone,Eletrônicos,2024-07-02,Loja Sul,Rio de Janeiro,1,2710.96
Mesa Escritório,Móveis,2024-07-14,Loja Barra,Rio de Janeiro,1,3437.62
Smartphone,Eletrônicos,2025-08-11,Loja Niterói,Niterói,1,3915.48
Smartwatch,Eletrônicos,2023-02-25,Loja Nova Iguaçu,Nova Iguaçu,2,6830.71
Smartwatch,Eletrônicos,2024-04-10,Loja Duque,Duque de Caxias,4,6276.22
Pendrive,Armazenamento,2025-02-27,Loja Niterói,Niterói,3,1212.86
Webcam,Periféricos,2023-05-05,Loja Barra,Rio de Janeiro,2,2697.64
Notebook,Eletrônicos,2023-06-24,Loja Nova Iguaçu,Nova Iguaçu,4,19075.42
Cadeira Gamer,Móveis,2025-05-27,Loja Duque,Duque de Caxias,3,3831.11
Smartwatch,Eletrônicos,2024-07-22,Loja Centro,Rio de Janeiro,2,9659.7
Notebook,Eletrônicos,2025-09-17,Loja Niterói,Niterói,3,3022.3
Teclado,Acessórios,2023-05-10,Loja Sul,Rio de Janeiro,5,7849.31
Mouse,Acessórios,2024-04-04,Loja Teresópolis,Teresópolis,1,2463.1
Mouse,Acessórios,2024-09-05,Loja Niterói,Niterói,3,12169.7
Webcam,Periféricos,2023-08-16,Loja Centro,Rio de Janeiro,3,10565.85
HD Externo,Armazenamento,2025-11-09,Loja Teresópolis,Teresópolis,5,20434.17
Mesa Escritório,Móveis,2023-07-08,Loja Sul,Rio de Janeiro,1,1415.56
Pendrive,Armazenamento,2025-08-10,Loja Norte,Rio de Janeiro,1,3484.04
Mesa Escritório,Móveis,2024-08-07,Loja Barra,Rio de Janeiro,4,3120.65
Pendrive,Armazenamento,2025-12-06,Loja Sul,Rio de Janeiro,1,4751.24
Pendrive,Armazenamento,2023-10-25,Loja Duque,Duque de Caxias,5,23811.71
Headset,Acessórios,2024-06-21,Loja Barra,Rio de Janeiro,1,977.7
Notebook,Eletrônicos,2025-11-30,Loja Barra,Rio de Janeiro,4,16048.38
Impressora,Periféricos,2023-08-30,Loja São Gonçalo,São Gonçalo,3,14507.22
Webcam,Periféricos,2025-04-20,Loja Nova Iguaçu,Nova Iguaçu,3,8622.65
Roteador,Redes,2023-12-19,Loja Sul,Rio de Janeiro,3,2658.78
Impressora,Periféricos,2025-01-28,Loja Centro,Rio de Janeiro,1,2564.06
Pendrive,Armazenamento,2023-08-16,Loja Nova Iguaçu,Nova Iguaçu,5,10543.21
Monitor,Eletrônicos,2023-01-02,Loja Petrópolis,Petrópolis,2,4270.28
HD Externo,Armazenamento,2023-01-22,Loja Norte,Rio de Janeiro,2,6666.26
Webcam,Periféricos,2024-07-28,Loja Niterói,Niterói,2,4874.61
HD Externo,Armazenamento,2024-11-16,Loja Nova Iguaçu,Nova Iguaçu,1,3537.59
Monitor,Eletrônicos,2024-06-25,Loja Nova Iguaçu,Nova Iguaçu,2,1512.87
Mouse,Acessórios,2024-09-30,Loja Norte,Rio de Janeiro,5,1496.76
Mouse,Acessórios,2025-10-04,Loja Centro,Rio de Janeiro,2,8599.02
Tablet,Eletrônicos,2025-04-10,Loja Centro,Rio de Janeiro,1,2376.09
Mesa Escritório,Móveis,2024-09-30,Loja Petrópolis,Petrópolis,2,7442.46
Smartwatch,Eletrônicos,2024-10-21,Loja Duque,Duque de Caxias,4,15220.85
Monitor,Eletrônicos,2023-09-04,Loja Teresópolis,Teresópolis,1,1003.85
Tablet,Eletrônicos,2025-06-13,Loja Barra,Rio de Janeiro,5,15308.94
Smartwatch,Eletrônicos,2023-09-29,Loja Barra,Rio de Janeiro,4,2701.41
Mesa Escritório,Móveis,2025-09-07,Loja Norte,Rio de Janeiro,1,2439.27
Notebook,Eletrônicos,2024-12-25,Loja Petrópolis,Petrópolis,2,7463.03
HD Externo,Armazenamento,2024-06-01,Loja Petrópolis,Petrópolis,3,9654.37
Cadeira Gamer,Móveis,2024-04-23,Loja Norte,Rio de Janeiro,4,1299.81
Mouse,Acessórios,2025-08-15,Loja Nova Iguaçu,Nova Iguaçu,3,13617.65
Tablet,Eletrônicos,2024-05-22,Loja Centro,Rio de Janeiro,3,3773.7
HD Externo,Armazenamento,2025-12-07,Loja Teresópolis,Teresópolis,1,4277.86
Tablet,Eletrônicos,2025-01-21,Loja Norte,Rio de Janeiro,2,7886.66
Webcam,Periféricos,2024-06-01,Loja Nova Iguaçu,Nova Iguaçu,4,12081.67
Pendrive,Armazenamento,2024-12-24,Loja São Gonçalo,São Gonçalo,5,6969.7
Monitor,Eletrônicos,2023-11-16,Loja Centro,Rio de Janeiro,2,7357.41
Headset,Acessórios,2023-05-06,Loja Duque,Duque de Caxias,3,3176.76
Smartwatch,Eletrônicos,2025-02-05,Loja Centro,Rio de Janeiro,4,18032.36
Impressora,Periféricos,2024-11-17,Loja Duque,Duque de Caxias,5,6434.79
Teclado,Acessórios,2024-09-21,Loja Teresópolis,Teresópolis,2,9289.97
Impressora,Periféricos,2024-12-11,Loja Barra,Rio de Janeiro,3,14675.9
Mesa Escritório,Móveis,2024-12-11,Loja São Gonçalo,São Gonçalo,1,1233.82
Mesa Escritório,Móveis,2023-04-29,Loja São Gonçalo,São Gonçalo,4,13233.12
Notebook,Eletrônicos,2023-11-07,Loja São Gonçalo,São Gonçalo,2,1525.46
Tablet,Eletrônicos,2023-01-29,Loja Norte,Rio de Janeiro,5,14469.18
Teclado,Acessórios,2025-06-22,Loja Barra,Rio de Janeiro,1,1334.85
Smartwatch,Eletrônicos,2023-01-26,Loja Norte,Rio de Janeiro,2,6959.37
Notebook,Eletrônicos,2023-06-26,Loja Petrópolis,Petrópolis,1,3667.34
Notebook,Eletrônicos,2025-03-27,Loja Nova Iguaçu,Nova Iguaçu,3,11695.35
Roteador,Redes,2025-09-25,Loja São Gonçalo,São Gonçalo,2,379.27
Cadeira Gamer,Móveis,2025-04-18,Loja Sul,Rio de Janeiro,4,13421.99
Cadeira Gamer,Móveis,2024-10-26,Loja Sul,Rio de Janeiro,1,1097.58
Notebook,Eletrônicos,2024-04-04,Loja Centro,Rio de Janeiro,1,616.58
Roteador,Redes,2024-02-07,Loja Teresópolis,Teresópolis,3,11848.5
Impressora,Periféricos,2023-08-02,Loja Petrópolis,Petrópolis,2,4921.72
Tablet,Eletrônicos,2025-05-11,Loja Nova Iguaçu,Nova Iguaçu,2,6657.86
Headset,Acessórios,2024-03-12,Loja Centro,Rio de Janeiro,2,1517.67
HD Externo,Armazenamento,2024-01-18,Loja Centro,Rio de Janeiro,2,5050.39
Smartphone,Eletrônicos,2025-07-30,Loja Sul,Rio de Janeiro,4,10110.14
Notebook,Eletrônicos,2025-05-15,Loja São Gonçalo,São Gonçalo,5,15034.55
Tablet,Eletrônicos,2025-11-22,Loja Sul,Rio de Janeiro,3,8263.72
Notebook,Eletrônicos,2025-12-10,Loja Petrópolis,Petrópolis,3,3480.25
Impressora,Periféricos,2025-07-23,Loja São Gonçalo,São Gonçalo,5,8950.12
Mesa Escritório,Móveis,2025-02-27,Loja Norte,Rio de Janeiro,3,11310.28
Webcam,Periféricos,2024-01-01,Loja Sul,Rio de Janeiro,1,2718.79
Impressora,Periféricos,2025-04-23,Loja São Gonçalo,São Gonçalo,2,9242.79
Teclado,Acessórios,2023-08-05,Loja Sul,Rio de Janeiro,5,23842.37
Mouse,Acessórios,2024-09-11,Loja Teresópolis,Teresópolis,1,2958.22
Headset,Acessórios,2025-02-09,Loja Niterói,Niterói,2,5942.44
Mesa Escritório,Móveis,2024-02-12,Loja Petrópolis,Petrópolis,1,2571.88
Smartphone,Eletrônicos,2023-07-05,Loja São Gonçalo,São Gonçalo,5,23763.63
Webcam,Periféricos,2024-11-09,Loja Teresópolis,Teresópolis,2,5652.93
Webcam,Periféricos,2023-05-22,Loja Petrópolis,Petrópolis,4,6603.99
Impressora,Periféricos,2025-01-04,Loja Barra,Rio de Janeiro,1,299.39
Tablet,Eletrônicos,2024-07-30,Loja Nova Iguaçu,Nova Iguaçu,4,2701.91
Impressora,Periféricos,2024-08-04,Loja São Gonçalo,São Gonçalo,2,6172.75
Monitor,Eletrônicos,2025-07-05,Loja Nova Iguaçu,Nova Iguaçu,1,4615.79
Impressora,Periféricos,2023-05-23,Loja São Gonçalo,São Gonçalo,3,11844.03
Roteador,Redes,2023-09-17,Loja São Gonçalo,São Gonçalo,5,2068.77
Monitor,Eletrônicos,2023-06-17,Loja Nova Iguaçu,Nova Iguaçu,4,8463.47
Teclado,Acessórios,2025-07-14,Loja São Gonçalo,São Gonçalo,2,7825.83
Impressora,Periféricos,2023-01-05,Loja Teresópolis,Teresópolis,5,6494.98
Headset,Acessórios,2024-03-10,Loja Duque,Duque de Caxias,4,9124.33
Roteador,Redes,2024-08-01,Loja Norte,Rio de Janeiro,4,11648.67
Teclado,Acessórios,2025-11-15,Loja Barra,Rio de Janeiro,1,757.68
Impressora,Periféricos,2023-01-30,Loja Petrópolis,Petrópolis,5,16784.49
Cadeira Gamer,Móveis,2024-06-04,Loja Nova Iguaçu,Nova Iguaçu,1,3013.2
Mouse,Acessórios,2025-04-27,Loja São Gonçalo,São Gonçalo,2,3072.74
Impressora,Periféricos,2024-03-06,Loja Barra,Rio de Janeiro,3,14553.48
Smartphone,Eletrônicos,2023-09-13,Loja Norte,Rio de Janeiro,3,11888.65
Smartwatch,Eletrônicos,2025-05-20,Loja Duque,Duque de Caxias,2,154.06
Notebook,Eletrônicos,2025-10-21,Loja Duque,Duque de Caxias,5,11968.25
Mesa Escritório,Móveis,2024-06-18,Loja Norte,Rio de Janeiro,5,24250.97
Monitor,Eletrônicos,2023-07-23,Loja Barra,Rio de Janeiro,3,2752.85
Smartwatch,Eletrônicos,2023-05-31,Loja Centro,Rio de Janeiro,2,1322.47
Cadeira Gamer,Móveis,2025-02-19,Loja Norte,Rio de Janeiro,5,11137.51
Notebook,Eletrônicos,2023-02-04,Loja Duque,Duque de Caxias,2,4208.96
Roteador,Redes,2024-08-30,Loja Petrópolis,Petrópolis,3,5917.29
Headset,Acessórios,2025-05-02,Loja Sul,Rio de Janeiro,3,5357.36
Monitor,Eletrônicos,2025-01-26,Loja Sul,Rio de Janeiro,5,7203.3
Smartwatch,Eletrônicos,2024-07-01,Loja Norte,Rio de Janeiro,4,17098.7
Smartwatch,Eletrônicos,2024-08-10,Loja Barra,Rio de Janeiro,1,3292.62
Mouse,Acessórios,2023-10-09,Loja Norte,Rio de Janeiro,3,5579.72
Mesa Escritório,Móveis,2024-02-17,Loja Teresópolis,Teresópolis,5,24457.85
Cadeira Gamer,Móveis,2025-10-22,Loja Nova Iguaçu,Nova Iguaçu,3,6695.29
Pendrive,Armazenamento,2025-04-16,Loja Norte,Rio de Janeiro,4,1238.34
Impressora,Periféricos,2023-01-19,Loja Duque,Duque de Caxias,2,9585.73
Notebook,Eletrônicos,2025-03-06,Loja Nova Iguaçu,Nova Iguaçu,3,10545.68
Impressora,Periféricos,2025-06-28,Loja Petrópolis,Petrópolis,2,1364.56
Mouse,Acessórios,2023-07-16,Loja Teresópolis,Teresópolis,1,1526.85
HD Externo,Armazenamento,2025-02-18,Loja Norte,Rio de Janeiro,4,6977.48
Teclado,Acessórios,2023-08-21,Loja Barra,Rio de Janeiro,1,3810.65
Roteador,Redes,2025-10-15,Loja Teresópolis,Teresópolis,5,23913.5
Webcam,Periféricos,2024-04-02,Loja Petrópolis,Petrópolis,3,12244.51
Impressora,Periféricos,2024-11-07,Loja Barra,Rio de Janeiro,4,697.11
HD Externo,Armazenamento,2025-12-25,Loja São Gonçalo,São Gonçalo,3,13905.18
Headset,Acessórios,2023-06-24,Loja Nova Iguaçu,Nova Iguaçu,4,13733.89
HD Externo,Armazenamento,2024-03-28,Loja Duque,Duque de Caxias,5,11839.36
Mouse,Acessórios,2023-02-20,Loja Teresópolis,Teresópolis,2,2464.27
Roteador,Redes,2023-02-05,Loja Nova Iguaçu,Nova Iguaçu,5,7414.72
Mesa Escritório,Móveis,2023-07-01,Loja Norte,Rio de Janeiro,4,3591.16
Cadeira Gamer,Móveis,2024-02-08,Loja São Gonçalo,São Gonçalo,2,2632.65
Cadeira Gamer,Móveis,2025-09-18,Loja Norte,Rio de Janeiro,3,3599.17
Headset,Acessórios,2024-05-28,Loja Petrópolis,Petrópolis,4,17388.29
Tablet,Eletrônicos,2023-03-24,Loja Teresópolis,Teresópolis,5,10515.87
Monitor,Eletrônicos,2023-07-18,Loja São Gonçalo,São Gonçalo,4,19918.58
Mesa Escritório,Móveis,2025-09-23,Loja Centro,Rio de Janeiro,3,6399.28
Smartphone,Eletrônicos,2025-11-12,Loja Sul,Rio de Janeiro,1,2657.16
Tablet,Eletrônicos,2024-01-14,Loja Sul,Rio de Janeiro,1,403.55
Impressora,Periféricos,2025-05-14,Loja Nova Iguaçu,Nova Iguaçu,1,3661.26
Headset,Acessórios,2025-12-15,Loja Duque,Duque de Caxias,4,2396.08
Headset,Acessórios,2023-04-08,Loja Duque,Duque de Caxias,1,3727.79
Pendrive,Armazenamento,2023-06-18,Loja Teresópolis,Teresópolis,3,6477.85
Smartphone,Eletrônicos,2023-04-27,Loja Sul,Rio de Janeiro,5,2300.36
Roteador,Redes,2025-10-27,Loja Sul,Rio de Janeiro,3,14942.49
Mouse,Acessórios,2023-11-26,Loja Nova Iguaçu,Nova Iguaçu,5,23095.16
Impressora,Periféricos,2023-02-25,Loja Teresópolis,Teresópolis,3,13464.8
Roteador,Redes,2023-04-27,Loja Nova Iguaçu,Nova Iguaçu,4,9284.84
Headset,Acessórios,2023-01-21,Loja Norte,Rio de Janeiro,1,3491.69
Mesa Escritório,Móveis,2025-07-06,Loja Niterói,Niterói,1,483.52
Smartwatch,Eletrônicos,2024-02-23,Loja Barra,Rio de Janeiro,5,21132.15
Mesa Escritório,Móveis,2024-11-26,Loja Sul,Rio de Janeiro,2,6637.2
Webcam,Periféricos,2025-02-28,Loja Niterói,Niterói,1,679.21
Pendrive,Armazenamento,2025-11-12,Loja Norte,Rio de Janeiro,2,6837.89
Notebook,Eletrônicos,2023-09-07,Loja Niterói,Niterói,5,611.46
Smartwatch,Eletrônicos,2023-08-30,Loja Teresópolis,Teresópolis,2,4180.84
Monitor,Eletrônicos,2023-08-07,Loja Duque,Duque de Caxias,1,2740.06
Mesa Escritório,Móveis,2025-07-11,Loja Sul,Rio de Janeiro,1,1392.36
Mouse,Acessórios,2023-02-04,Loja Petrópolis,Petrópolis,2,5594.63
Notebook,Eletrônicos,2024-06-02,Loja Barra,Rio de Janeiro,1,3283.76
Monitor,Eletrônicos,2023-05-17,Loja Duque,Duque de Caxias,3,9267.13
Pendrive,Armazenamento,2023-08-17,Loja Centro,Rio de Janeiro,3,9236.17
Pendrive,Armazenamento,2025-12-27,Loja Sul,Rio de Janeiro,5,24487.11
Notebook,Eletrônicos,2025-01-24,Loja Nova Iguaçu,Nova Iguaçu,4,1978.68
Mouse,Acessórios,2024-11-15,Loja São Gonçalo,São Gonçalo,5,1759.46
Webcam,Periféricos,2024-01-04,Loja Niterói,Niterói,2,6041.5
Monitor,Eletrônicos,2024-09-21,Loja Sul,Rio de Janeiro,1,4130.35
Monitor,Eletrônicos,2024-12-08,Loja Sul,Rio de Janeiro,5,20304.66
Webcam,Periféricos,2025-07-26,Loja Duque,Duque de Caxias,3,4730.94
Headset,Acessórios,2024-02-29,Loja Centro,Rio de Janeiro,1,2996.72
HD Externo,Armazenamento,2025-11-19,Loja Centro,Rio de Janeiro,1,1587.88
Headset,Acessórios,2025-09-14,Loja Norte,Rio de Janeiro,2,2298.32
Notebook,Eletrônicos,2024-11-03,Loja São Gonçalo,São Gonçalo,4,5143.3
Mesa Escritório,Móveis,2025-05-20,Loja Norte,Rio de Janeiro,4,7719.9
Smartphone,Eletrônicos,2023-07-31,Loja São Gonçalo,São Gonçalo,4,9731.97
Mesa Escritório,Móveis,2025-09-28,Loja Sul,Rio de Janeiro,1,4930.18
Cadeira Gamer,Móveis,2023-10-21,Loja Nova Iguaçu,Nova Iguaçu,3,11155.59
Teclado,Acessórios,2024-07-26,Loja Centro,Rio de Janeiro,1,67.37
Headset,Acessórios,2024-08-23,Loja Centro,Rio de Janeiro,4,12547.83
Pendrive,Armazenamento,2024-06-27,Loja Norte,Rio de Janeiro,3,12137.38
Tablet,Eletrônicos,2025-10-08,Loja Petrópolis,Petrópolis,1,1872.85
Notebook,Eletrônicos,2025-11-20,Loja Duque,Duque de Caxias,2,6166.9
Tablet,Eletrônicos,2023-04-27,Loja Teresópolis,Teresópolis,5,18479.73
Monitor,Eletrônicos,2023-12-27,Loja Duque,Duque de Caxias,4,13287.26
HD Externo,Armazenamento,2024-12-07,Loja Duque,Duque de Caxias,4,14905.07
Pendrive,Armazenamento,2024-03-18,Loja Norte,Rio de Janeiro,5,19278.17
Teclado,Acessórios,2025-05-24,Loja Teresópolis,Teresópolis,1,4973.25
Mesa Escritório,Móveis,2025-06-20,Loja Sul,Rio de Janeiro,3,5153.31
Monitor,Eletrônicos,2025-01-21,Loja Sul,Rio de Janeiro,1,3400.83
Roteador,Redes,2024-11-06,Loja Teresópolis,Teresópolis,3,5779.38
Teclado,Acessórios,2024-05-17,Loja São Gonçalo,São Gonçalo,5,24269.7
Smartphone,Eletrônicos,2023-09-04,Loja Duque,Duque de Caxias,2,5376.43
Cadeira Gamer,Móveis,2024-04-19,Loja Teresópolis,Teresópolis,1,3008.81
Smartwatch,Eletrônicos,2025-01-28,Loja Sul,Rio de Janeiro,3,398.83
Impressora,Periféricos,2023-11-11,Loja Petrópolis,Petrópolis,2,4694.89
HD Externo,Armazenamento,2023-01-25,Loja Sul,Rio de Janeiro,1,4219.41
Headset,Acessórios,2023-02-15,Loja Norte,Rio de Janeiro,3,5954.4
Roteador,Redes,2025-02-15,Loja São Gonçalo,São Gonçalo,2,9656.98
Mesa Escritório,Móveis,2023-12-15,Loja Sul,Rio de Janeiro,5,11473.19
Headset,Acessórios,2025-09-11,Loja Nova Iguaçu,Nova Iguaçu,3,5848.79
Impressora,Periféricos,2025-11-02,Loja São Gonçalo,São Gonçalo,3,1502.4
Mouse,Acessórios,2023-02-24,Loja Duque,Duque de Caxias,3,10880.7
Cadeira Gamer,Móveis,2024-10-21,Loja Petrópolis,Petrópolis,1,3463.97
Smartphone,Eletrônicos,2025-12-16,Loja Niterói,Niterói,4,3106.6
Notebook,Eletrônicos,2025-08-02,Loja Centro,Rio de Janeiro,5,10437.6
Cadeira Gamer,Móveis,2025-10-06,Loja Sul,Rio de Janeiro,5,2512.46
Smartphone,Eletrônicos,2024-01-04,Loja Teresópolis,Teresópolis,3,5717.73
Mesa Escritório,Móveis,2024-05-14,Loja Petrópolis,Petrópolis,5,984.1
Tablet,Eletrônicos,2025-09-11,Loja Petrópolis,Petrópolis,1,3638.88
Notebook,Eletrônicos,2023-12-07,Loja Teresópolis,Teresópolis,4,6597.94
Webcam,Periféricos,2024-05-19,Loja São Gonçalo,São Gonçalo,3,12154.59
Mouse,Acessórios,2024-01-16,Loja Centro,Rio de Janeiro,1,282.87
Smartwatch,Eletrônicos,2023-02-03,Loja Petrópolis,Petrópolis,1,4483.55
Smartwatch,Eletrônicos,2024-10-24,Loja Barra,Rio de Janeiro,3,11019.38
Webcam,Periféricos,2024-11-07,Loja Duque,Duque de Caxias,3,10052.21
Headset,Acessórios,2023-01-01,Loja Petrópolis,Petrópolis,5,16022.1
HD Externo,Armazenamento,2023-02-19,Loja São Gonçalo,São Gonçalo,4,13896.92
Pendrive,Armazenamento,2025-01-29,Loja Niterói,Niterói,2,8851.64
Cadeira Gamer,Móveis,2024-07-31,Loja Duque,Duque de Caxias,1,4331.42
Smartwatch,Eletrônicos,2023-03-20,Loja Niterói,Niterói,3,1779.15
Roteador,Redes,2023-05-09,Loja São Gonçalo,São Gonçalo,2,5855.72
Monitor,Eletrônicos,2024-02-01,Loja Petrópolis,Petrópolis,3,4741.3
Impressora,Periféricos,2023-08-16,Loja Duque,Duque de Caxias,3,6240.54
Webcam,Periféricos,2024-08-31,Loja Norte,Rio de Janeiro,1,2873.78
Tablet,Eletrônicos,2023-06-17,Loja São Gonçalo,São Gonçalo,3,14217.31
Webcam,Periféricos,2024-03-07,Loja Petrópolis,Petrópolis,4,2014.68
Notebook,Eletrônicos,2025-01-11,Loja Duque,Duque de Caxias,3,3901.67
Smartphone,Eletrônicos,2023-04-12,Loja Centro,Rio de Janeiro,3,11335.16
Monitor,Eletrônicos,2025-01-21,Loja Duque,Duque de Caxias,5,4487.01
Smartphone,Eletrônicos,2025-08-24,Loja Niterói,Niterói,1,2729.01
Mesa Escritório,Móveis,2023-08-28,Loja São Gonçalo,São Gonçalo,2,589.59
Teclado,Acessórios,2023-06-12,Loja Barra,Rio de Janeiro,2,2571.13
Tablet,Eletrônicos,2025-08-27,Loja Barra,Rio de Janeiro,5,19006.52
Cadeira Gamer,Móveis,2023-08-25,Loja Barra,Rio de Janeiro,5,11010.85
Notebook,Eletrônicos,2024-04-13,Loja Sul,Rio de Janeiro,4,3188.4
Impressora,Periféricos,2025-01-05,Loja Petrópolis,Petrópolis,1,2131.25
Cadeira Gamer,Móveis,2025-03-19,Loja São Gonçalo,São Gonçalo,5,3580.63
Headset,Acessórios,2023-12-07,Loja Niterói,Niterói,5,20789.47
Webcam,Periféricos,2025-07-18,Loja Duque,Duque de Caxias,3,5355.82
Mesa Escritório,Móveis,2024-07-19,Loja Teresópolis,Teresópolis,1,643.56
Teclado,Acessórios,2024-05-19,Loja Duque,Duque de Caxias,1,3895.47
Smartphone,Eletrônicos,2025-01-18,Loja Petrópolis,Petrópolis,5,24875.21
Mouse,Acessórios,2024-05-03,Loja Centro,Rio de Janeiro,3,9750.13
Headset,Acessórios,2024-01-07,Loja Duque,Duque de Caxias,5,12839.06
Roteador,Redes,2023-08-14,Loja Teresópolis,Teresópolis,3,7234.17
Mesa Escritório,Móveis,2024-07-09,Loja São Gonçalo,São Gonçalo,4,8535.0
Smartwatch,Eletrônicos,2025-12-04,Loja Barra,Rio de Janeiro,3,5864.96
HD Externo,Armazenamento,2023-08-30,Loja Sul,Rio de Janeiro,3,7928.95
HD Externo,Armazenamento,2023-07-29,Loja São Gonçalo,São Gonçalo,4,8910.17
Impressora,Periféricos,2024-02-14,Loja Niterói,Niterói,3,9943.74
Teclado,Acessórios,2024-07-07,Loja Teresópolis,Teresópolis,5,20716.69
Smartphone,Eletrônicos,2024-06-11,Loja Sul,Rio de Janeiro,4,19623.83
